user_id,usual_amount,active_start,active_end,devices,home_district,known_recipients,user_tenure_days
U00000,1370.0,6,16,"DEV-C714,DEV-7AED",Mymensingh,4,363
U00001,420.0,11,23,DEV-1401,Cox's Bazar,4,2166
U00002,790.0,10,20,"DEV-10B4,DEV-8492",Rangpur,9,270
U00003,660.0,9,23,DEV-0669,Sylhet,7,433
U00004,500.0,9,21,DEV-03F5,Mymensingh,4,2067
U00005,1130.0,12,23,DEV-F412,Rangpur,3,2003
U00006,140.0,6,20,DEV-886D,Bogura,11,562
U00007,850.0,10,23,DEV-794D,Cox's Bazar,12,2085
U00008,1020.0,7,17,DEV-19B3,Chattogram,5,1821
U00009,370.0,6,20,DEV-C951,Bogura,6,811
U00010,3680.0,9,19,DEV-82AA,Jessore,9,225
U00011,680.0,12,23,DEV-3851,Sylhet,4,1948
U00012,910.0,11,23,"DEV-C0BC,DEV-3CB0",Rajshahi,13,1711
U00013,680.0,11,22,DEV-80CB,Rajshahi,10,1148
U00014,1030.0,11,23,DEV-8F6C,Sylhet,7,706
U00015,3120.0,11,23,DEV-476C,Cox's Bazar,10,890
U00016,7930.0,9,23,DEV-E042,Sylhet,5,704
U00017,1990.0,6,20,DEV-B419,Khulna,7,2236
U00018,2620.0,11,22,DEV-49E0,Rangpur,9,533
U00019,4330.0,9,22,"DEV-2815,DEV-542B",Cumilla,15,1150
U00020,1340.0,9,23,DEV-7721,Bogura,13,1613
U00021,3850.0,8,18,DEV-8CF5,Barishal,11,166
U00022,2070.0,7,20,DEV-6671,Gazipur,7,1269
U00023,1230.0,12,23,"DEV-0A3D,DEV-AD17",Gazipur,15,1597
U00024,1450.0,11,21,"DEV-60F6,DEV-55E0",Dhaka,4,1333
U00025,260.0,10,23,"DEV-8E67,DEV-D5D2",Rangpur,6,1655
U00026,1390.0,8,18,DEV-013C,Jessore,8,1235
U00027,320.0,11,23,DEV-F5F4,Tangail,10,1597
U00028,300.0,9,23,DEV-A353,Mymensingh,11,2444
U00029,1280.0,9,23,"DEV-8BFA,DEV-0D0B",Tangail,8,919
U00030,450.0,9,22,DEV-B612,Tangail,15,911
U00031,1090.0,7,20,DEV-B84E,Rangpur,8,1706
U00032,1230.0,6,17,DEV-8F76,Rajshahi,11,251
U00033,1270.0,9,23,DEV-CD39,Cox's Bazar,3,749
U00034,530.0,12,23,DEV-D6B3,Mymensingh,5,441
U00035,2250.0,6,20,DEV-D6BA,Noakhali,5,1176
U00036,1020.0,12,23,DEV-53A7,Narayanganj,3,330
U00037,1560.0,11,21,"DEV-AC62,DEV-0EAC",Tangail,14,565
U00038,420.0,7,19,DEV-8FC2,Rajshahi,11,1079
U00039,950.0,10,23,"DEV-255D,DEV-4EBC",Noakhali,14,1544
U00040,2640.0,7,20,DEV-AD39,Rajshahi,7,1092
U00041,2380.0,11,22,"DEV-6CB3,DEV-DD08",Cox's Bazar,4,2031
U00042,580.0,10,20,DEV-1649,Mymensingh,7,2005
U00043,710.0,8,22,"DEV-F8CF,DEV-B503",Narayanganj,3,271
U00044,500.0,6,20,DEV-6E35,Gazipur,6,1747
U00045,650.0,12,23,DEV-0651,Gazipur,4,96
U00046,360.0,9,22,DEV-0AB2,Sylhet,5,458
U00047,980.0,12,23,DEV-69D6,Dhaka,11,1910
U00048,1820.0,10,22,DEV-928B,Barishal,15,1469
U00049,590.0,11,23,"DEV-8196,DEV-4C1A",Mymensingh,6,827
U00050,1020.0,11,23,"DEV-A66B,DEV-9D40",Bogura,15,409
U00051,920.0,7,20,DEV-57DB,Cox's Bazar,12,829
U00052,2550.0,8,18,DEV-5358,Jessore,4,1954
U00053,670.0,9,20,DEV-715A,Tangail,3,1424
U00054,690.0,9,20,"DEV-BE43,DEV-965D",Rangpur,4,351
U00055,560.0,6,18,"DEV-208A,DEV-EC54",Noakhali,12,1232
U00056,440.0,9,23,DEV-33BF,Jessore,11,526
U00057,1670.0,7,17,"DEV-AC05,DEV-044B",Noakhali,14,330
U00058,980.0,11,23,DEV-4122,Rajshahi,9,243
U00059,1150.0,10,23,"DEV-9091,DEV-D8E5",Barishal,3,1908
U00060,3040.0,12,23,"DEV-9010,DEV-0E18",Cox's Bazar,15,425
U00061,3180.0,11,23,"DEV-F4A3,DEV-45B5",Khulna,14,465
U00062,290.0,8,18,DEV-5D58,Rangpur,12,2169
U00063,1840.0,12,23,DEV-1BAF,Mymensingh,14,2070
U00064,1310.0,8,19,DEV-B23D,Gazipur,6,1270
U00065,760.0,8,19,"DEV-7270,DEV-3835",Dhaka,9,1917
U00066,1430.0,12,23,DEV-A30D,Bogura,9,86
U00067,280.0,8,21,DEV-322C,Jessore,6,443
U00068,3530.0,6,20,"DEV-87EE,DEV-A9E2",Rangpur,15,903
U00069,1660.0,9,21,DEV-CFAE,Mymensingh,10,1902
U00070,550.0,11,22,DEV-B1DD,Chattogram,14,253
U00071,690.0,7,21,DEV-9146,Gazipur,7,1662
U00072,280.0,9,22,DEV-08B3,Bogura,9,203
U00073,850.0,6,20,DEV-3B8F,Mymensingh,15,2455
U00074,750.0,10,20,DEV-93ED,Narayanganj,5,545
U00075,380.0,9,21,DEV-8952,Rangpur,10,1788
U00076,2040.0,8,22,DEV-889A,Dhaka,13,1567
U00077,3050.0,7,21,DEV-BC48,Jessore,13,993
U00078,1070.0,9,22,DEV-E7A6,Dhaka,12,1915
U00079,860.0,10,20,DEV-80C1,Noakhali,10,1561
U00080,1550.0,12,23,DEV-2271,Narayanganj,3,1142
U00081,1080.0,9,19,DEV-7124,Cumilla,6,1664
U00082,460.0,7,21,"DEV-40B9,DEV-8772",Cox's Bazar,13,738
U00083,650.0,11,23,DEV-96F8,Noakhali,9,1871
U00084,870.0,10,20,DEV-8C4C,Sylhet,7,1760
U00085,1340.0,10,23,"DEV-94EA,DEV-4F80",Gazipur,14,1187
U00086,1100.0,6,19,DEV-2D4A,Chattogram,7,1655
U00087,1300.0,8,18,DEV-DAAD,Rajshahi,7,2074
U00088,320.0,11,21,DEV-66C8,Rangpur,8,1615
U00089,1870.0,11,22,DEV-352A,Khulna,7,738
U00090,1100.0,9,19,DEV-FED0,Cox's Bazar,9,713
U00091,8450.0,11,23,"DEV-0867,DEV-58AC",Jessore,15,2409
U00092,800.0,11,23,"DEV-BDD1,DEV-692E",Cumilla,15,2026
U00093,1420.0,8,18,DEV-D7A1,Cox's Bazar,7,796
U00094,10540.0,12,23,DEV-5BE0,Khulna,7,1800
U00095,1280.0,8,20,DEV-A489,Dhaka,14,122
U00096,1040.0,7,21,DEV-6D71,Noakhali,10,1740
U00097,500.0,10,22,DEV-780C,Bogura,5,524
U00098,3720.0,10,23,DEV-7F77,Sylhet,10,798
U00099,430.0,6,20,"DEV-F9A6,DEV-C287",Cox's Bazar,13,2320
U00100,1540.0,11,21,DEV-5EE9,Cox's Bazar,8,373
U00101,750.0,7,18,DEV-6AA7,Tangail,10,1981
U00102,940.0,11,22,DEV-67E8,Cox's Bazar,13,1025
U00103,350.0,6,16,DEV-BC72,Cumilla,4,1115
U00104,3210.0,11,23,"DEV-9752,DEV-88CF",Barishal,15,1170
U00105,880.0,11,21,DEV-6E30,Gazipur,3,2265
U00106,410.0,11,22,"DEV-65FF,DEV-8E27",Mymensingh,4,1265
U00107,2990.0,10,20,"DEV-D4C7,DEV-F76F",Khulna,6,639
U00108,730.0,9,22,"DEV-0F9A,DEV-3CCC",Cox's Bazar,3,47
U00109,1430.0,10,23,DEV-AF68,Cox's Bazar,11,606
U00110,2150.0,7,19,DEV-2608,Sylhet,9,421
U00111,1600.0,11,23,"DEV-9C48,DEV-6C6D",Sylhet,7,348
U00112,190.0,9,21,"DEV-30D7,DEV-8105",Dhaka,15,2482
U00113,1910.0,9,19,DEV-8250,Barishal,6,1122
U00114,1010.0,9,20,"DEV-B693,DEV-D36D",Rajshahi,14,2497
U00115,840.0,9,23,DEV-F485,Tangail,10,1299
U00116,1000.0,6,16,DEV-7067,Noakhali,12,571
U00117,300.0,6,19,"DEV-B04C,DEV-C986",Khulna,15,388
U00118,1280.0,7,17,DEV-FCB6,Rangpur,6,1906
U00119,370.0,6,16,DEV-A675,Mymensingh,4,313
U00120,870.0,9,20,"DEV-3F0F,DEV-578C",Cox's Bazar,13,158
U00121,1240.0,10,21,"DEV-3579,DEV-329F",Tangail,11,994
U00122,2590.0,10,21,"DEV-4E78,DEV-7F92",Rajshahi,5,809
U00123,570.0,9,23,DEV-C980,Sylhet,14,604
U00124,3500.0,11,23,"DEV-4A89,DEV-2FBF",Bogura,12,1299
U00125,2340.0,9,22,DEV-2064,Cumilla,10,1448
U00126,780.0,6,16,DEV-3239,Gazipur,4,1102
U00127,450.0,11,23,DEV-6ECB,Cumilla,15,1325
U00128,350.0,10,23,"DEV-6967,DEV-661A",Sylhet,9,1680
U00129,1360.0,10,20,"DEV-514A,DEV-7407",Rangpur,10,431
U00130,610.0,9,20,"DEV-A57E,DEV-0B65",Bogura,3,942
U00131,2860.0,9,22,DEV-E3E1,Gazipur,11,62
U00132,640.0,6,16,DEV-4E3C,Dhaka,13,2422
U00133,530.0,9,19,DEV-237F,Gazipur,13,1622
U00134,1320.0,11,23,DEV-2CB8,Cox's Bazar,7,2013
U00135,630.0,8,19,DEV-8BF7,Cumilla,5,1939
U00136,1100.0,10,22,DEV-854F,Barishal,8,45
U00137,2410.0,6,19,"DEV-16A1,DEV-7FCC",Barishal,10,1236
U00138,1200.0,8,20,"DEV-38B3,DEV-E93D",Cumilla,6,2178
U00139,1210.0,9,22,"DEV-4F20,DEV-FFDC",Noakhali,10,1451
U00140,1290.0,12,22,DEV-943F,Chattogram,15,1506
U00141,280.0,7,17,DEV-F6E1,Barishal,4,2405
U00142,1500.0,7,18,DEV-8E0B,Rajshahi,6,1881
U00143,1250.0,8,19,DEV-2040,Jessore,8,1926
U00144,2240.0,12,23,DEV-A49F,Narayanganj,5,2003
U00145,1780.0,11,23,DEV-7A47,Tangail,13,854
U00146,930.0,6,16,DEV-D1A3,Jessore,3,2434
U00147,2500.0,7,17,DEV-6431,Bogura,3,2130
U00148,870.0,11,22,DEV-2FEE,Khulna,7,111
U00149,1340.0,6,17,DEV-1D15,Mymensingh,8,1384
U00150,850.0,11,21,DEV-BE4D,Narayanganj,12,641
U00151,1590.0,7,17,DEV-3B9C,Dhaka,4,1319
U00152,810.0,12,23,DEV-AAC1,Bogura,13,2026
U00153,4100.0,8,18,DEV-226C,Khulna,5,1738
U00154,5510.0,9,19,DEV-1467,Sylhet,15,2005
U00155,2210.0,10,23,DEV-B5E1,Cumilla,9,1090
U00156,3760.0,6,16,"DEV-583D,DEV-9139",Rangpur,12,221
U00157,320.0,9,19,DEV-0717,Barishal,3,2205
U00158,350.0,9,19,DEV-3025,Mymensingh,12,225
U00159,850.0,11,23,DEV-1716,Tangail,8,443
U00160,1130.0,12,23,DEV-47A3,Noakhali,9,1814
U00161,940.0,10,23,DEV-48A5,Sylhet,3,1072
U00162,290.0,8,21,"DEV-5FDE,DEV-3E3C",Narayanganj,11,1206
U00163,2760.0,8,18,DEV-74E7,Gazipur,15,190
U00164,6140.0,8,19,DEV-E670,Rangpur,15,452
U00165,3060.0,11,23,DEV-160B,Noakhali,14,1772
U00166,2610.0,8,21,DEV-E4CE,Cumilla,12,1428
U00167,1310.0,7,18,DEV-699D,Tangail,5,697
U00168,560.0,8,22,DEV-93EE,Rajshahi,7,1018
U00169,1160.0,6,20,DEV-AC00,Jessore,3,1080
U00170,5910.0,6,19,"DEV-BC2A,DEV-F19D",Cumilla,5,2309
U00171,830.0,6,19,"DEV-FFE4,DEV-1930",Gazipur,6,2219
U00172,760.0,11,23,"DEV-6901,DEV-89FE",Barishal,11,1215
U00173,2660.0,11,23,DEV-85BD,Barishal,3,490
U00174,2800.0,10,22,"DEV-FDC7,DEV-A6B1",Khulna,15,1431
U00175,560.0,9,20,DEV-6707,Rajshahi,12,35
U00176,890.0,11,22,DEV-EBA8,Mymensingh,11,1628
U00177,730.0,7,21,"DEV-BB19,DEV-CC08",Mymensingh,10,1457
U00178,1160.0,12,23,DEV-A0A5,Gazipur,6,2250
U00179,2650.0,9,22,"DEV-107D,DEV-F877",Mymensingh,10,1110
U00180,580.0,12,23,"DEV-B683,DEV-2635",Sylhet,11,1417
U00181,2620.0,7,18,DEV-407E,Jessore,14,165
U00182,1190.0,9,21,DEV-5742,Khulna,11,2066
U00183,7050.0,10,20,DEV-4140,Narayanganj,13,761
U00184,1420.0,9,22,"DEV-9EF2,DEV-8C17",Gazipur,8,1900
U00185,1010.0,9,19,"DEV-3658,DEV-B240",Tangail,8,620
U00186,1740.0,7,17,DEV-496F,Bogura,13,888
U00187,840.0,8,19,DEV-28C2,Narayanganj,10,673
U00188,260.0,7,19,DEV-F4E5,Barishal,8,2249
U00189,900.0,8,19,DEV-5083,Chattogram,8,1980
U00190,890.0,10,23,DEV-3B90,Noakhali,10,1769
U00191,310.0,10,23,"DEV-B752,DEV-C374",Noakhali,11,782
U00192,1030.0,10,21,DEV-26E9,Jessore,7,1841
U00193,210.0,8,22,"DEV-0E4B,DEV-D985",Khulna,4,1239
U00194,830.0,12,22,DEV-810A,Gazipur,14,1796
U00195,1330.0,6,16,DEV-74BE,Khulna,6,685
U00196,1190.0,8,19,DEV-6BA0,Barishal,5,1362
U00197,790.0,6,20,"DEV-9602,DEV-AC6B",Sylhet,6,2377
U00198,1020.0,8,20,DEV-1494,Rajshahi,14,223
U00199,590.0,12,23,DEV-43F4,Dhaka,5,1942
U00200,1110.0,8,21,DEV-F459,Barishal,12,1754
U00201,1150.0,12,23,"DEV-2ABD,DEV-E853",Narayanganj,8,1075
U00202,530.0,9,23,DEV-66BD,Noakhali,10,2277
U00203,1360.0,10,23,DEV-30A8,Jessore,12,1825
U00204,1350.0,9,21,"DEV-9841,DEV-A9C0",Rangpur,5,1332
U00205,960.0,7,20,"DEV-598C,DEV-CB08",Narayanganj,8,807
U00206,7610.0,11,23,DEV-1057,Mymensingh,13,1725
U00207,980.0,12,23,DEV-1F39,Tangail,15,233
U00208,880.0,7,17,DEV-9F1F,Mymensingh,14,665
U00209,780.0,11,22,DEV-93D3,Jessore,6,1093
U00210,500.0,7,21,DEV-B2F6,Cox's Bazar,6,584
U00211,1900.0,11,22,DEV-D9B6,Noakhali,15,1424
U00212,630.0,11,23,DEV-EE15,Gazipur,11,2183
U00213,700.0,9,23,DEV-81B7,Noakhali,5,892
U00214,710.0,11,23,DEV-8054,Jessore,11,1035
U00215,500.0,7,18,DEV-EC7C,Bogura,7,1021
U00216,270.0,6,20,DEV-F5F5,Narayanganj,5,1820
U00217,760.0,6,16,DEV-0C3C,Khulna,5,1794
U00218,2210.0,9,22,"DEV-8178,DEV-EB50",Cox's Bazar,7,608
U00219,1280.0,12,23,DEV-0D14,Cox's Bazar,6,2241
U00220,3820.0,6,19,DEV-FA29,Chattogram,13,1629
U00221,2000.0,9,21,DEV-BFC1,Rajshahi,5,2238
U00222,1670.0,10,22,DEV-27EB,Rangpur,5,2192
U00223,4940.0,7,18,DEV-A40B,Chattogram,11,1451
U00224,1010.0,11,23,DEV-6E52,Narayanganj,8,1768
U00225,1150.0,8,22,"DEV-559A,DEV-9EE9",Rangpur,5,1584
U00226,1090.0,11,23,DEV-BC35,Mymensingh,3,1535
U00227,3770.0,10,22,DEV-E4AA,Chattogram,4,1346
U00228,1100.0,9,23,DEV-6ADE,Rajshahi,6,600
U00229,650.0,7,21,DEV-28D6,Mymensingh,6,946
U00230,1750.0,9,22,"DEV-DD1F,DEV-5582",Tangail,10,1772
U00231,570.0,11,23,DEV-C261,Tangail,11,1853
U00232,1680.0,6,16,"DEV-CC44,DEV-0EF7",Cumilla,5,1184
U00233,1530.0,11,23,"DEV-68F5,DEV-15B6",Mymensingh,8,304
U00234,940.0,9,20,DEV-9ADC,Barishal,9,361
U00235,1720.0,11,21,DEV-CB7F,Narayanganj,5,2238
U00236,330.0,10,23,DEV-8F5B,Barishal,9,341
U00237,1250.0,9,20,"DEV-52E7,DEV-F920",Gazipur,3,730
U00238,760.0,8,21,DEV-15E8,Chattogram,7,185
U00239,10830.0,10,23,DEV-243B,Sylhet,12,570
U00240,1240.0,6,18,"DEV-5DBC,DEV-F2CC",Cumilla,6,2103
U00241,680.0,10,23,"DEV-E4F9,DEV-906B",Gazipur,12,706
U00242,360.0,6,19,DEV-F3C1,Dhaka,4,2092
U00243,3120.0,10,22,DEV-E775,Rangpur,8,2034
U00244,830.0,10,23,"DEV-9643,DEV-1E31",Dhaka,14,1759
U00245,580.0,6,20,DEV-E648,Jessore,9,694
U00246,1440.0,11,22,"DEV-A438,DEV-2424",Chattogram,13,2493
U00247,1840.0,8,22,DEV-D710,Mymensingh,6,1535
U00248,1820.0,11,21,DEV-6616,Gazipur,5,1931
U00249,1110.0,6,16,"DEV-C970,DEV-42FD",Rangpur,9,877
U00250,1250.0,7,19,DEV-028B,Gazipur,6,1667
U00251,1320.0,9,22,DEV-742E,Rajshahi,12,1651
U00252,1440.0,7,19,DEV-73C3,Mymensingh,7,1505
U00253,1540.0,8,21,DEV-DD17,Gazipur,13,1491
U00254,2630.0,10,21,"DEV-1D87,DEV-E9BD",Gazipur,3,1766
U00255,1150.0,7,21,DEV-271F,Mymensingh,7,2494
U00256,570.0,10,23,DEV-EF39,Mymensingh,6,2176
U00257,980.0,6,16,DEV-B4CE,Rajshahi,11,798
U00258,2000.0,7,19,"DEV-5C25,DEV-F4E1",Chattogram,5,2225
U00259,260.0,10,21,DEV-5BEF,Cumilla,9,894
U00260,260.0,11,23,"DEV-A253,DEV-0424",Narayanganj,7,644
U00261,2290.0,7,19,"DEV-1A35,DEV-5A75",Mymensingh,12,520
U00262,3700.0,8,19,DEV-3E76,Cumilla,7,1767
U00263,400.0,12,23,"DEV-3A37,DEV-60FD",Rajshahi,11,1175
U00264,1190.0,12,23,DEV-9BCD,Cumilla,4,2075
U00265,800.0,10,20,DEV-2017,Gazipur,12,2098
U00266,890.0,9,19,DEV-C086,Jessore,11,1359
U00267,1400.0,8,21,"DEV-D913,DEV-D5F0",Khulna,5,551
U00268,390.0,10,23,"DEV-31CA,DEV-E167",Rangpur,4,306
U00269,450.0,10,22,"DEV-212A,DEV-1B62",Cumilla,7,2404
U00270,860.0,8,22,"DEV-B9C5,DEV-C2A9",Chattogram,15,788
U00271,980.0,6,16,DEV-2077,Bogura,6,62
U00272,450.0,7,21,"DEV-6A68,DEV-690A",Bogura,9,1010
U00273,2060.0,12,23,"DEV-B900,DEV-83F7",Dhaka,8,2018
U00274,790.0,8,21,DEV-99CB,Cox's Bazar,6,255
U00275,780.0,9,19,DEV-1489,Noakhali,9,1738
U00276,1370.0,9,22,DEV-FA15,Noakhali,5,1057
U00277,990.0,11,22,"DEV-8E47,DEV-AB29",Khulna,11,2265
U00278,2140.0,6,20,DEV-7AEB,Bogura,5,1138
U00279,520.0,6,19,"DEV-3F0C,DEV-AB1C",Dhaka,10,1318
U00280,360.0,7,21,DEV-49D4,Rangpur,7,1158
U00281,860.0,9,23,DEV-3819,Gazipur,10,1711
U00282,1150.0,10,23,DEV-8D69,Cox's Bazar,10,205
U00283,410.0,9,20,DEV-5B4B,Tangail,11,152
U00284,360.0,9,20,"DEV-E4F6,DEV-A8DE",Gazipur,10,1468
U00285,1270.0,12,23,DEV-5F99,Barishal,6,1004
U00286,600.0,7,20,"DEV-091C,DEV-574E",Rangpur,10,443
U00287,340.0,10,23,DEV-1DA4,Jessore,5,1933
U00288,2370.0,9,22,"DEV-381C,DEV-4896",Khulna,8,1881
U00289,660.0,9,22,DEV-A70A,Cox's Bazar,5,299
U00290,2750.0,11,21,DEV-1B3A,Sylhet,9,484
U00291,1120.0,7,21,DEV-2979,Sylhet,13,1962
U00292,1390.0,12,23,DEV-0A1D,Bogura,10,1210
U00293,930.0,8,19,DEV-EAC3,Barishal,4,791
U00294,130.0,9,19,"DEV-FCC4,DEV-4C53",Chattogram,3,1337
U00295,440.0,9,19,DEV-74AC,Mymensingh,7,901
U00296,990.0,11,22,DEV-4D19,Cumilla,10,261
U00297,1470.0,9,23,DEV-889E,Noakhali,6,1629
U00298,260.0,7,21,DEV-8D19,Noakhali,15,1749
U00299,1050.0,6,18,DEV-4141,Rajshahi,10,223
U00300,450.0,8,19,DEV-A517,Noakhali,14,645
U00301,1320.0,11,22,"DEV-01F7,DEV-A4F5",Tangail,15,1572
U00302,1080.0,6,20,"DEV-C02E,DEV-0D8D",Bogura,4,1900
U00303,1990.0,12,22,DEV-B947,Rangpur,14,2286
U00304,2570.0,9,19,DEV-BCCC,Cox's Bazar,3,1521
U00305,1580.0,6,16,DEV-F8F7,Noakhali,4,261
U00306,2180.0,8,22,DEV-CE5F,Khulna,10,901
U00307,830.0,9,19,DEV-0566,Chattogram,10,654
U00308,10490.0,8,22,"DEV-14EC,DEV-2313",Rangpur,11,2469
U00309,410.0,6,16,DEV-94EA,Khulna,3,63
U00310,720.0,10,22,DEV-B64E,Sylhet,4,957
U00311,2260.0,10,23,"DEV-A874,DEV-547F",Gazipur,13,1309
U00312,2000.0,6,16,DEV-336A,Bogura,10,769
U00313,1620.0,7,18,"DEV-1053,DEV-5FBE",Cox's Bazar,7,1835
U00314,1880.0,7,20,DEV-4D0B,Rangpur,5,354
U00315,210.0,10,23,DEV-4DBE,Narayanganj,5,2318
U00316,3910.0,11,23,"DEV-1674,DEV-4A8C",Dhaka,6,1018
U00317,930.0,11,21,"DEV-D66C,DEV-3DA7",Bogura,9,939
U00318,2970.0,12,23,"DEV-E07D,DEV-1623",Gazipur,13,2310
U00319,220.0,11,22,DEV-A30A,Chattogram,8,397
U00320,1350.0,8,20,"DEV-1B9C,DEV-62B6",Narayanganj,8,1188
U00321,700.0,6,20,DEV-F428,Narayanganj,15,101
U00322,1730.0,10,23,DEV-C4CE,Sylhet,4,1293
U00323,1410.0,12,22,DEV-837C,Sylhet,3,832
U00324,1470.0,12,23,DEV-A1AF,Narayanganj,15,1858
U00325,470.0,7,18,DEV-A90E,Jessore,15,1295
U00326,1050.0,7,20,DEV-CABE,Noakhali,8,1574
U00327,950.0,6,20,"DEV-97C8,DEV-82CA",Cumilla,6,2254
U00328,1630.0,6,17,"DEV-1362,DEV-F555",Sylhet,4,2377
U00329,2420.0,9,19,"DEV-90EE,DEV-4A3F",Noakhali,4,564
U00330,1240.0,9,19,DEV-2285,Tangail,14,1270
U00331,400.0,8,18,"DEV-9AAB,DEV-C84E",Jessore,12,1959
U00332,1200.0,8,19,DEV-CEDB,Barishal,13,344
U00333,8860.0,11,23,DEV-E2C9,Tangail,9,1217
U00334,4090.0,9,20,"DEV-E4D3,DEV-9F7D",Bogura,11,1406
U00335,100.0,11,23,DEV-F25D,Mymensingh,14,2172
U00336,1150.0,12,23,DEV-12FA,Dhaka,7,248
U00337,2310.0,8,21,DEV-651F,Mymensingh,10,2161
U00338,950.0,7,18,DEV-7BDB,Cumilla,6,617
U00339,760.0,12,22,"DEV-B307,DEV-4C95",Rangpur,9,2148
U00340,890.0,10,20,DEV-4A4A,Rangpur,5,1647
U00341,1710.0,8,19,DEV-E73C,Chattogram,5,1021
U00342,440.0,10,20,DEV-A63D,Khulna,7,360
U00343,2840.0,9,21,DEV-A292,Barishal,15,885
U00344,1050.0,12,23,"DEV-2F29,DEV-8015",Dhaka,6,1857
U00345,520.0,7,20,"DEV-6BE3,DEV-9ED9",Noakhali,11,542
U00346,2700.0,12,23,"DEV-EB93,DEV-4748",Tangail,10,1684
U00347,320.0,12,23,"DEV-CF96,DEV-A236",Dhaka,10,594
U00348,700.0,7,20,DEV-7F1A,Chattogram,4,230
U00349,690.0,7,21,"DEV-F336,DEV-2597",Gazipur,13,1552
U00350,6090.0,9,19,DEV-ADA6,Khulna,13,2036
U00351,630.0,6,19,DEV-6608,Rangpur,4,2405
U00352,200.0,8,18,DEV-AE97,Narayanganj,8,1269
U00353,690.0,9,21,DEV-2380,Noakhali,14,1526
U00354,1580.0,12,23,"DEV-BC7D,DEV-118A",Cumilla,6,1712
U00355,2050.0,12,23,DEV-594D,Cumilla,9,1048
U00356,6780.0,7,19,"DEV-E810,DEV-A1F7",Rangpur,13,119
U00357,3380.0,12,23,DEV-7DCD,Noakhali,13,628
U00358,1270.0,6,18,DEV-54BD,Narayanganj,8,966
U00359,540.0,11,23,"DEV-16E2,DEV-1C73",Sylhet,12,1640
U00360,4020.0,11,23,DEV-B776,Sylhet,15,783
U00361,820.0,12,22,DEV-4630,Khulna,8,551
U00362,650.0,7,19,DEV-12FD,Rajshahi,15,2265
U00363,790.0,12,23,"DEV-702F,DEV-656A",Tangail,13,260
U00364,400.0,6,17,"DEV-F53A,DEV-3AF4",Gazipur,11,1976
U00365,760.0,9,21,DEV-447E,Rajshahi,12,261
U00366,910.0,9,22,DEV-2A25,Cumilla,5,821
U00367,1970.0,8,22,DEV-302D,Rangpur,3,2130
U00368,800.0,6,17,DEV-8896,Jessore,13,2109
U00369,400.0,11,23,DEV-3910,Cox's Bazar,12,974
U00370,300.0,8,21,DEV-B83C,Khulna,15,73
U00371,1300.0,10,20,DEV-D147,Cumilla,9,2352
U00372,1160.0,8,22,DEV-7CB7,Tangail,8,2224
U00373,700.0,8,19,DEV-3D4C,Chattogram,13,1256
U00374,750.0,12,23,DEV-D21F,Gazipur,15,100
U00375,1500.0,6,18,DEV-F762,Tangail,13,1738
U00376,3340.0,11,23,"DEV-EAD8,DEV-EB86",Cox's Bazar,13,1964
U00377,590.0,11,23,DEV-CEA2,Barishal,5,2072
U00378,1180.0,8,18,"DEV-BD00,DEV-F4DB",Sylhet,14,1835
U00379,2360.0,7,21,DEV-56E4,Tangail,3,2189
U00380,590.0,6,17,DEV-EDD4,Tangail,12,1290
U00381,1080.0,12,22,DEV-0543,Noakhali,5,431
U00382,1060.0,12,23,DEV-D51E,Jessore,3,1732
U00383,380.0,7,20,DEV-5584,Rangpur,12,565
U00384,1250.0,6,16,"DEV-4AE9,DEV-ACE2",Sylhet,7,1585
U00385,1120.0,6,20,"DEV-2CA0,DEV-FE69",Khulna,14,400
U00386,1710.0,6,19,DEV-BA1C,Barishal,6,126
U00387,420.0,11,23,DEV-04E9,Khulna,12,1130
U00388,1110.0,12,23,"DEV-D873,DEV-1B9F",Noakhali,11,1492
U00389,3310.0,7,17,DEV-D2B7,Gazipur,13,412
U00390,5780.0,11,22,DEV-D016,Chattogram,14,1968
U00391,3050.0,7,21,"DEV-A4C3,DEV-99B4",Khulna,10,1637
U00392,430.0,8,20,DEV-D471,Narayanganj,7,2007
U00393,1570.0,10,20,DEV-D9B6,Noakhali,9,926
U00394,750.0,11,21,DEV-B508,Noakhali,10,1658
U00395,1380.0,12,23,DEV-2BC0,Tangail,15,2411
U00396,590.0,6,18,DEV-AA54,Rajshahi,5,480
U00397,280.0,7,18,"DEV-3391,DEV-0BEC",Tangail,4,2046
U00398,830.0,7,17,DEV-26DA,Chattogram,9,1583
U00399,1950.0,8,21,"DEV-75E1,DEV-F6B5",Tangail,8,1818
U00400,1380.0,12,23,"DEV-08AA,DEV-12FC",Narayanganj,14,1575
U00401,1510.0,11,21,"DEV-17A5,DEV-30C4",Dhaka,6,1731
U00402,1300.0,8,18,DEV-8A7E,Noakhali,4,1955
U00403,1520.0,12,23,DEV-D245,Barishal,4,127
U00404,1680.0,9,21,DEV-0C27,Rajshahi,14,108
U00405,880.0,9,20,DEV-CDEE,Narayanganj,10,236
U00406,1170.0,9,19,"DEV-E9C7,DEV-1450",Rajshahi,15,2326
U00407,4420.0,7,21,DEV-7349,Rangpur,6,1097
U00408,1230.0,12,23,"DEV-D08D,DEV-B330",Gazipur,4,2478
U00409,1130.0,6,18,DEV-2F63,Tangail,9,2289
U00410,1190.0,7,18,DEV-25D5,Bogura,5,882
U00411,920.0,7,20,DEV-721C,Cox's Bazar,4,262
U00412,770.0,7,21,"DEV-D8FB,DEV-F2D8",Dhaka,14,2111
U00413,1300.0,6,19,DEV-7A62,Noakhali,8,1067
U00414,730.0,6,17,DEV-8791,Noakhali,3,765
U00415,980.0,10,21,"DEV-8F0B,DEV-7D79",Sylhet,5,1990
U00416,580.0,12,23,DEV-A602,Rangpur,7,1220
U00417,1200.0,6,16,DEV-4613,Barishal,14,819
U00418,1750.0,8,19,DEV-8A36,Noakhali,11,1009
U00419,930.0,9,19,DEV-9CE7,Cumilla,9,2325
U00420,220.0,12,23,DEV-902C,Cox's Bazar,10,776
U00421,1760.0,10,22,DEV-F992,Barishal,13,2338
U00422,1210.0,11,21,DEV-BE98,Dhaka,5,1485
U00423,500.0,10,23,DEV-BBF5,Cumilla,9,170
U00424,2040.0,8,20,DEV-CE74,Gazipur,8,308
U00425,360.0,7,18,DEV-8715,Jessore,3,1552
U00426,2530.0,12,23,DEV-4E60,Rajshahi,10,367
U00427,1050.0,11,23,DEV-8927,Khulna,12,389
U00428,180.0,6,16,DEV-EC0A,Sylhet,11,1173
U00429,1260.0,11,23,DEV-E116,Bogura,3,1119
U00430,790.0,6,16,DEV-5A98,Tangail,8,2355
U00431,700.0,11,23,"DEV-7BAC,DEV-45B6",Noakhali,8,2247
U00432,610.0,11,22,"DEV-031E,DEV-4FB9",Tangail,5,2326
U00433,990.0,6,17,DEV-19DC,Cumilla,10,211
U00434,740.0,9,19,DEV-5BC7,Mymensingh,9,2015
U00435,250.0,6,20,DEV-0DBE,Rangpur,13,2345
U00436,3030.0,9,21,"DEV-5122,DEV-B6E2",Cumilla,12,1541
U00437,900.0,12,23,DEV-D7FF,Noakhali,14,2486
U00438,610.0,6,20,DEV-E330,Cox's Bazar,8,2013
U00439,440.0,8,20,DEV-8FA7,Tangail,5,1685
U00440,2030.0,12,23,DEV-8BDE,Tangail,10,1032
U00441,390.0,8,21,DEV-F7B6,Gazipur,11,909
U00442,1220.0,6,18,"DEV-8E3B,DEV-157E",Gazipur,7,1005
U00443,690.0,9,20,"DEV-EF97,DEV-9D2D",Mymensingh,9,650
U00444,720.0,9,23,DEV-AAA9,Bogura,14,1459
U00445,450.0,10,23,DEV-1894,Rajshahi,12,1098
U00446,670.0,8,19,DEV-783D,Gazipur,10,764
U00447,1100.0,12,23,DEV-7576,Cumilla,15,474
U00448,1320.0,9,23,DEV-D090,Gazipur,3,1304
U00449,580.0,8,21,DEV-61FA,Gazipur,9,79
U00450,1020.0,12,22,"DEV-57D3,DEV-AE46",Narayanganj,6,952
U00451,2230.0,12,23,"DEV-03FB,DEV-BED4",Rangpur,6,184
U00452,290.0,9,19,DEV-01E3,Barishal,13,858
U00453,1090.0,6,19,DEV-3CF3,Sylhet,13,1669
U00454,510.0,10,22,DEV-7F59,Barishal,9,1605
U00455,470.0,9,19,DEV-3197,Mymensingh,9,81
U00456,1350.0,7,20,DEV-090C,Chattogram,10,1778
U00457,710.0,10,21,DEV-6B64,Cumilla,14,774
U00458,410.0,11,23,DEV-B508,Narayanganj,3,1205
U00459,3160.0,6,20,"DEV-3DF2,DEV-462A",Dhaka,10,1700
U00460,2290.0,11,23,DEV-AD36,Chattogram,3,119
U00461,230.0,6,19,DEV-F296,Jessore,15,461
U00462,340.0,11,21,DEV-8487,Cox's Bazar,6,438
U00463,1760.0,8,22,"DEV-8F17,DEV-D3B3",Gazipur,3,850
U00464,870.0,6,19,DEV-10E7,Jessore,13,69
U00465,3640.0,12,23,DEV-FB33,Cumilla,12,107
U00466,1800.0,7,17,DEV-79D0,Gazipur,14,1295
U00467,1390.0,10,22,DEV-60CB,Narayanganj,7,307
U00468,480.0,7,21,"DEV-9E32,DEV-E977",Cox's Bazar,6,1105
U00469,1620.0,12,23,DEV-EFE0,Sylhet,11,588
U00470,400.0,11,21,"DEV-C6F3,DEV-7BCD",Bogura,15,2488
U00471,3120.0,11,23,DEV-262C,Khulna,15,341
U00472,1540.0,9,19,DEV-30B7,Rajshahi,8,1215
U00473,570.0,9,20,DEV-D5FE,Jessore,11,1195
U00474,2090.0,10,22,DEV-2007,Tangail,13,1854
U00475,6590.0,11,21,DEV-7B43,Mymensingh,12,343
U00476,920.0,11,21,DEV-685E,Noakhali,10,2412
U00477,1700.0,6,20,DEV-B58A,Gazipur,5,783
U00478,780.0,10,23,"DEV-57DB,DEV-B3DD",Cox's Bazar,11,116
U00479,1170.0,6,19,"DEV-8215,DEV-E2CD",Gazipur,5,1817
U00480,330.0,8,20,DEV-2FD3,Narayanganj,8,1369
U00481,1100.0,11,23,DEV-C2DA,Noakhali,10,1645
U00482,1140.0,7,17,"DEV-B8BB,DEV-D319",Khulna,3,2281
U00483,4620.0,11,23,DEV-7D80,Narayanganj,8,976
U00484,260.0,9,22,"DEV-5226,DEV-8461",Dhaka,7,2272
U00485,880.0,7,18,DEV-F91E,Narayanganj,4,2329
U00486,3070.0,8,20,"DEV-31E9,DEV-A95D",Noakhali,11,1382
U00487,900.0,9,21,DEV-396D,Dhaka,12,1974
U00488,960.0,11,23,DEV-C60F,Cox's Bazar,14,113
U00489,560.0,10,20,DEV-6C6B,Jessore,12,1529
U00490,520.0,12,22,DEV-DBDE,Narayanganj,5,228
U00491,250.0,12,23,"DEV-29D4,DEV-1FB0",Bogura,4,1108
U00492,660.0,11,21,"DEV-F362,DEV-561E",Barishal,13,1882
U00493,500.0,10,23,DEV-15B8,Sylhet,3,178
U00494,1210.0,8,19,DEV-D5FF,Barishal,7,1033
U00495,580.0,8,19,DEV-69FC,Dhaka,7,1049
U00496,750.0,6,17,DEV-EC06,Cox's Bazar,5,618
U00497,760.0,8,22,DEV-7014,Jessore,11,1376
U00498,1060.0,12,23,"DEV-C18E,DEV-942A",Gazipur,13,2026
U00499,720.0,8,20,"DEV-7B78,DEV-7C69",Chattogram,14,2477
U00500,470.0,6,19,DEV-4049,Rajshahi,9,2268
U00501,1170.0,10,20,DEV-BC92,Khulna,8,2380
U00502,2580.0,12,23,DEV-8667,Jessore,5,532
U00503,1220.0,12,23,DEV-0063,Noakhali,4,307
U00504,670.0,7,18,DEV-65B5,Chattogram,13,481
U00505,990.0,9,19,DEV-67EC,Narayanganj,13,2448
U00506,210.0,9,19,DEV-E2B7,Rangpur,15,569
U00507,980.0,7,20,DEV-6D48,Rajshahi,4,1893
U00508,800.0,7,21,"DEV-9137,DEV-1536",Tangail,8,1032
U00509,520.0,7,21,DEV-645E,Mymensingh,11,1714
U00510,600.0,12,23,DEV-48B8,Sylhet,14,1889
U00511,790.0,11,23,DEV-7F9B,Mymensingh,8,2261
U00512,2430.0,11,21,"DEV-E606,DEV-EEFD",Rajshahi,4,244
U00513,2630.0,11,23,DEV-4978,Khulna,14,832
U00514,520.0,12,23,DEV-9CFD,Bogura,4,321
U00515,720.0,6,20,DEV-F44E,Rajshahi,12,1016
U00516,740.0,12,22,DEV-3A9E,Bogura,7,931
U00517,2100.0,6,19,DEV-7030,Rajshahi,3,2181
U00518,1230.0,9,21,"DEV-8004,DEV-00D9",Rangpur,9,1767
U00519,1180.0,10,22,DEV-7734,Khulna,7,286
U00520,1680.0,8,20,DEV-1F10,Rangpur,8,1130
U00521,680.0,7,20,DEV-4F76,Sylhet,5,1781
U00522,3270.0,7,19,"DEV-1D8E,DEV-BC7D",Chattogram,11,1860
U00523,1100.0,11,23,"DEV-D5B2,DEV-44AE",Cumilla,6,2030
U00524,550.0,8,20,"DEV-0A53,DEV-7E17",Sylhet,4,584
U00525,910.0,8,18,DEV-1D5F,Sylhet,8,2216
U00526,2940.0,12,23,"DEV-70E7,DEV-8B40",Rajshahi,5,2261
U00527,780.0,7,20,DEV-7783,Khulna,10,571
U00528,2340.0,12,23,DEV-85A2,Cumilla,9,1660
U00529,660.0,12,23,DEV-9117,Rajshahi,13,1707
U00530,590.0,10,21,"DEV-29E1,DEV-AEEB",Cumilla,15,2202
U00531,1860.0,7,18,DEV-AB20,Rangpur,4,241
U00532,550.0,7,21,DEV-249B,Khulna,3,604
U00533,2120.0,7,21,DEV-6F0E,Mymensingh,8,2156
U00534,1450.0,10,23,DEV-49CF,Rajshahi,3,118
U00535,550.0,7,17,DEV-65B7,Tangail,14,1220
U00536,1040.0,9,21,DEV-C5D7,Khulna,13,755
U00537,710.0,6,19,"DEV-98B5,DEV-E861",Rangpur,8,1571
U00538,1450.0,9,19,DEV-91AF,Khulna,15,1198
U00539,4970.0,6,20,DEV-0B6E,Bogura,9,2132
U00540,820.0,10,23,DEV-B614,Barishal,10,221
U00541,1680.0,6,17,DEV-12C8,Chattogram,13,1279
U00542,1120.0,7,19,"DEV-5787,DEV-EF0E",Bogura,10,1310
U00543,1120.0,7,21,DEV-FD5D,Jessore,12,1286
U00544,960.0,11,23,DEV-25DF,Rajshahi,6,221
U00545,550.0,6,20,DEV-FC32,Barishal,9,1177
U00546,1430.0,9,23,"DEV-FAB1,DEV-E0DA",Dhaka,13,2205
U00547,870.0,10,23,DEV-D405,Noakhali,15,1513
U00548,530.0,9,23,"DEV-133A,DEV-1EE6",Jessore,5,299
U00549,2470.0,10,23,DEV-9D1C,Tangail,3,1801
U00550,1190.0,11,21,DEV-1A3E,Rangpur,10,2323
U00551,910.0,8,21,DEV-4036,Narayanganj,3,2018
U00552,3200.0,11,22,DEV-FA2F,Cumilla,11,261
U00553,250.0,8,20,DEV-E915,Cox's Bazar,8,103
U00554,3040.0,12,22,DEV-413B,Dhaka,13,465
U00555,540.0,9,22,"DEV-89E8,DEV-89E5",Mymensingh,5,889
U00556,1300.0,11,23,"DEV-4340,DEV-3C79",Chattogram,3,2315
U00557,690.0,12,23,"DEV-6FE7,DEV-99C5",Bogura,5,1098
U00558,520.0,11,23,DEV-CDE7,Rangpur,3,2426
U00559,3140.0,11,22,"DEV-D70B,DEV-053A",Khulna,4,273
U00560,4840.0,9,22,"DEV-A82A,DEV-9DB2",Bogura,12,1910
U00561,920.0,6,16,DEV-0BEF,Sylhet,12,1886
U00562,1430.0,9,23,DEV-D5AB,Rangpur,11,2399
U00563,1150.0,7,18,"DEV-985D,DEV-B805",Jessore,8,1321
U00564,4380.0,12,23,DEV-A937,Khulna,5,1525
U00565,200.0,7,21,DEV-5593,Dhaka,13,34
U00566,1480.0,7,17,"DEV-336D,DEV-60BC",Tangail,14,2207
U00567,610.0,7,21,DEV-C319,Barishal,6,1589
U00568,170.0,10,23,DEV-A303,Rajshahi,14,1761
U00569,820.0,9,23,DEV-A07B,Chattogram,11,867
U00570,4810.0,12,23,DEV-2160,Chattogram,7,221
U00571,650.0,8,19,"DEV-0271,DEV-AAF4",Cumilla,5,1825
U00572,2060.0,7,19,DEV-F356,Cox's Bazar,10,1840
U00573,2860.0,6,18,DEV-5BCD,Bogura,3,473
U00574,1090.0,6,20,"DEV-7211,DEV-F536",Rajshahi,7,2066
U00575,1210.0,8,20,DEV-3B7C,Jessore,11,32
U00576,280.0,12,23,"DEV-859A,DEV-1610",Rajshahi,9,1642
U00577,620.0,9,19,DEV-437D,Cox's Bazar,4,244
U00578,2270.0,12,23,DEV-5FDA,Sylhet,5,1887
U00579,1150.0,6,18,DEV-AF7B,Bogura,12,1117
U00580,1470.0,6,17,DEV-4EC9,Rajshahi,13,838
U00581,1220.0,11,22,"DEV-75E5,DEV-4C46",Mymensingh,11,1877
U00582,6330.0,6,16,"DEV-2420,DEV-CB0E",Gazipur,5,2014
U00583,780.0,6,20,"DEV-AC43,DEV-A55A",Tangail,11,1521
U00584,3960.0,8,22,DEV-953E,Cumilla,6,1841
U00585,1220.0,12,23,"DEV-220F,DEV-83E4",Barishal,10,66
U00586,4250.0,10,20,DEV-B543,Mymensingh,10,2059
U00587,410.0,6,20,"DEV-7E91,DEV-B935",Mymensingh,14,1491
U00588,1270.0,11,23,DEV-543F,Barishal,13,418
U00589,800.0,11,23,"DEV-83A6,DEV-6177",Noakhali,3,1220
U00590,1230.0,11,23,DEV-FEE9,Tangail,3,1578
U00591,2920.0,12,23,DEV-2DD6,Jessore,15,1997
U00592,1480.0,7,20,"DEV-4891,DEV-AE58",Gazipur,6,1309
U00593,2910.0,12,23,DEV-0EF6,Jessore,3,663
U00594,640.0,8,20,DEV-8343,Barishal,5,658
U00595,570.0,11,22,"DEV-075F,DEV-8720",Barishal,9,1805
U00596,1110.0,10,23,DEV-520F,Tangail,14,2159
U00597,1060.0,11,23,DEV-309E,Barishal,15,1590
U00598,950.0,10,20,DEV-7F77,Noakhali,11,2003
U00599,510.0,10,20,DEV-54C1,Mymensingh,6,1568
U00600,2860.0,10,21,DEV-1406,Chattogram,12,1243
U00601,820.0,11,21,"DEV-885C,DEV-90D7",Bogura,13,1031
U00602,3430.0,11,21,"DEV-A970,DEV-E69E",Khulna,8,1238
U00603,1110.0,6,20,DEV-B3D5,Barishal,10,61
U00604,1840.0,11,23,DEV-CBFE,Cumilla,9,1459
U00605,1710.0,9,22,DEV-A5E7,Gazipur,14,493
U00606,570.0,8,20,"DEV-AC26,DEV-CB16",Bogura,10,2253
U00607,1470.0,9,22,DEV-A966,Narayanganj,3,2115
U00608,5130.0,12,23,DEV-8093,Chattogram,14,1250
U00609,1340.0,12,22,"DEV-BAF4,DEV-F71F",Khulna,10,1553
U00610,2260.0,11,21,"DEV-7E83,DEV-39DB",Bogura,8,123
U00611,1910.0,9,21,DEV-66DB,Narayanganj,5,1458
U00612,1400.0,11,22,DEV-03A2,Sylhet,12,2129
U00613,1270.0,8,22,DEV-4E80,Rajshahi,3,1328
U00614,1700.0,10,21,DEV-E316,Cox's Bazar,5,2155
U00615,2020.0,10,21,DEV-1980,Gazipur,11,220
U00616,370.0,7,19,DEV-E355,Cox's Bazar,6,2437
U00617,1340.0,7,17,DEV-8FE9,Gazipur,12,888
U00618,950.0,6,20,DEV-5185,Rangpur,6,97
U00619,800.0,6,16,DEV-78F6,Noakhali,12,1559
U00620,3090.0,9,23,DEV-E0EA,Cox's Bazar,11,1547
U00621,610.0,9,22,"DEV-1E70,DEV-90D4",Barishal,12,340
U00622,360.0,7,21,DEV-44AD,Khulna,12,886
U00623,2070.0,8,19,"DEV-8A86,DEV-C985",Jessore,13,2304
U00624,350.0,10,23,DEV-EBDB,Cox's Bazar,7,497
U00625,230.0,7,21,DEV-416F,Dhaka,9,209
U00626,2270.0,8,20,"DEV-A9E4,DEV-6CFB",Cumilla,3,2059
U00627,1250.0,8,19,DEV-80B2,Cumilla,7,1709
U00628,1600.0,9,19,DEV-294B,Noakhali,8,1262
U00629,770.0,8,18,DEV-DB4B,Dhaka,13,774
U00630,360.0,11,23,DEV-2B7A,Gazipur,14,2181
U00631,420.0,8,22,DEV-0A34,Dhaka,11,2163
U00632,880.0,9,21,DEV-C19F,Tangail,4,32
U00633,400.0,8,22,DEV-67D4,Dhaka,5,2072
U00634,1400.0,7,20,DEV-1111,Cumilla,9,1198
U00635,760.0,10,23,DEV-AE4B,Barishal,8,853
U00636,1270.0,7,20,DEV-48F7,Sylhet,15,890
U00637,1240.0,8,22,DEV-F9E5,Chattogram,5,1171
U00638,1490.0,11,23,DEV-FB17,Rajshahi,10,1447
U00639,1640.0,12,22,DEV-8CE5,Jessore,13,2399
U00640,830.0,10,22,DEV-79D3,Cumilla,8,91
U00641,1270.0,12,23,DEV-71DF,Barishal,6,1531
U00642,1320.0,11,23,DEV-9B30,Khulna,4,192
U00643,160.0,9,20,DEV-E8B6,Narayanganj,11,44
U00644,1840.0,11,23,DEV-A40A,Dhaka,11,778
U00645,1240.0,8,20,"DEV-1966,DEV-3235",Noakhali,12,1949
U00646,1720.0,9,23,"DEV-A124,DEV-5E8C",Tangail,13,883
U00647,390.0,9,22,DEV-7AB8,Barishal,15,922
U00648,850.0,12,23,DEV-6694,Noakhali,5,2259
U00649,460.0,11,23,DEV-988F,Sylhet,8,711
U00650,1990.0,9,19,"DEV-3B0D,DEV-12DE",Tangail,7,1926
U00651,360.0,10,20,"DEV-3BE6,DEV-AAFF",Rangpur,14,2085
U00652,520.0,7,19,DEV-9B9C,Jessore,4,1630
U00653,1680.0,11,22,DEV-CF23,Mymensingh,11,2419
U00654,660.0,9,19,DEV-1BC4,Cox's Bazar,7,2459
U00655,520.0,9,23,"DEV-243E,DEV-210F",Barishal,3,183
U00656,2270.0,11,21,"DEV-900C,DEV-92C3",Noakhali,10,450
U00657,2340.0,10,22,DEV-28C7,Cox's Bazar,8,994
U00658,1950.0,6,17,DEV-7307,Jessore,11,1675
U00659,2160.0,8,19,DEV-0D2C,Sylhet,8,720
U00660,910.0,7,18,DEV-9CA7,Chattogram,5,1604
U00661,930.0,11,22,"DEV-91EA,DEV-06E6",Rajshahi,4,2247
U00662,650.0,6,19,DEV-16A6,Bogura,5,45
U00663,1250.0,7,18,DEV-B474,Noakhali,8,2173
U00664,720.0,10,23,DEV-E62E,Jessore,6,1230
U00665,780.0,10,22,DEV-D991,Mymensingh,4,2255
U00666,1770.0,9,22,"DEV-912C,DEV-862D",Barishal,7,1710
U00667,2830.0,12,23,DEV-CEF6,Tangail,13,135
U00668,1510.0,12,23,"DEV-D740,DEV-E80F",Narayanganj,13,2258
U00669,4610.0,6,18,DEV-664F,Jessore,7,153
U00670,620.0,12,23,DEV-79DE,Barishal,9,648
U00671,250.0,10,22,DEV-1434,Barishal,5,1391
U00672,1940.0,10,23,DEV-2CD6,Rajshahi,8,2262
U00673,590.0,6,18,DEV-60A6,Mymensingh,10,442
U00674,880.0,10,21,DEV-CF3D,Tangail,3,1359
U00675,270.0,11,21,DEV-7244,Rajshahi,14,308
U00676,530.0,10,21,DEV-9659,Chattogram,14,869
U00677,330.0,6,16,DEV-DD93,Gazipur,15,673
U00678,770.0,9,19,DEV-79C1,Gazipur,5,1086
U00679,800.0,12,23,"DEV-55AF,DEV-BAF4",Rajshahi,14,1782
U00680,1180.0,11,22,"DEV-50AA,DEV-6363",Dhaka,4,1809
U00681,2960.0,6,20,DEV-E354,Cumilla,14,1688
U00682,1880.0,12,23,"DEV-6FF4,DEV-403F",Bogura,4,97
U00683,300.0,12,23,"DEV-D5AB,DEV-A476",Mymensingh,7,1969
U00684,1780.0,7,19,"DEV-C48C,DEV-539D",Mymensingh,15,1627
U00685,1200.0,11,21,DEV-C82B,Mymensingh,9,184
U00686,1010.0,8,22,DEV-F391,Chattogram,5,2368
U00687,1080.0,10,22,DEV-29D9,Cox's Bazar,7,1923
U00688,1290.0,9,21,"DEV-308B,DEV-9069",Cumilla,7,1738
U00689,630.0,11,23,"DEV-B953,DEV-001E",Chattogram,14,1241
U00690,950.0,12,22,DEV-8CD0,Jessore,8,1993
U00691,2830.0,11,23,DEV-209A,Khulna,4,803
U00692,620.0,12,23,"DEV-FA8B,DEV-B9F6",Sylhet,5,1820
U00693,480.0,12,23,"DEV-FE79,DEV-37D5",Rajshahi,10,1537
U00694,1040.0,6,18,DEV-CB2F,Rangpur,3,1537
U00695,440.0,7,21,DEV-61D0,Barishal,6,2004
U00696,280.0,11,23,DEV-1A7B,Dhaka,10,457
U00697,830.0,10,20,DEV-7AE8,Chattogram,14,286
U00698,3490.0,6,16,DEV-7810,Tangail,4,1401
U00699,1060.0,6,18,"DEV-8011,DEV-DAC0",Khulna,7,2024
U00700,1270.0,9,23,"DEV-4789,DEV-A373",Tangail,8,656
U00701,200.0,10,22,DEV-3302,Mymensingh,14,1436
U00702,1560.0,7,18,DEV-E103,Bogura,13,2394
U00703,1180.0,7,19,DEV-7542,Sylhet,15,1561
U00704,640.0,6,20,DEV-CCA2,Noakhali,11,224
U00705,1270.0,9,19,DEV-44DA,Mymensingh,5,2201
U00706,1260.0,6,18,DEV-501D,Jessore,15,2440
U00707,470.0,10,23,DEV-FBA0,Cumilla,12,1783
U00708,1430.0,9,20,DEV-31EF,Rangpur,11,1538
U00709,2860.0,9,19,DEV-8FB2,Sylhet,7,1471
U00710,910.0,10,23,"DEV-5293,DEV-63DF",Cox's Bazar,13,1569
U00711,550.0,9,22,DEV-B228,Cox's Bazar,8,859
U00712,950.0,11,23,DEV-C82B,Sylhet,7,1622
U00713,2170.0,11,23,"DEV-7B26,DEV-A355",Dhaka,6,1290
U00714,410.0,12,23,DEV-0B39,Narayanganj,11,1986
U00715,1740.0,11,22,DEV-3BE3,Cumilla,11,2096
U00716,640.0,9,19,DEV-BE12,Dhaka,5,1783
U00717,1330.0,9,23,DEV-AA78,Cox's Bazar,7,2489
U00718,700.0,7,18,DEV-0B71,Khulna,5,1138
U00719,700.0,10,23,DEV-E420,Gazipur,12,1897
U00720,3710.0,6,18,DEV-68C7,Rangpur,7,876
U00721,360.0,12,23,DEV-4DC2,Rajshahi,13,1981
U00722,1620.0,11,21,DEV-7657,Gazipur,6,690
U00723,4380.0,6,20,DEV-6511,Khulna,8,1757
U00724,1900.0,11,23,DEV-80C5,Rangpur,3,65
U00725,380.0,6,20,DEV-2A06,Mymensingh,3,1924
U00726,390.0,11,23,"DEV-239B,DEV-FD5A",Narayanganj,3,747
U00727,600.0,6,16,DEV-BF6E,Rangpur,3,630
U00728,1240.0,9,23,DEV-5C79,Jessore,15,854
U00729,1310.0,10,22,DEV-D96F,Mymensingh,6,1076
U00730,400.0,11,21,DEV-CBA0,Tangail,9,346
U00731,550.0,8,20,"DEV-B2A8,DEV-B8AB",Tangail,15,1403
U00732,570.0,12,23,DEV-F378,Khulna,9,336
U00733,950.0,11,23,DEV-D58A,Rajshahi,8,1387
U00734,5370.0,7,18,"DEV-41EB,DEV-BA09",Khulna,12,940
U00735,520.0,10,23,"DEV-2925,DEV-80AF",Khulna,12,1505
U00736,500.0,11,22,DEV-113A,Gazipur,4,403
U00737,440.0,8,20,DEV-2B5F,Tangail,15,2434
U00738,1820.0,11,23,DEV-B8B4,Rangpur,4,67
U00739,1060.0,12,22,DEV-5F24,Gazipur,7,2142
U00740,540.0,11,23,DEV-297F,Cox's Bazar,15,899
U00741,820.0,11,23,DEV-FAB7,Tangail,10,2074
U00742,580.0,10,23,"DEV-F02B,DEV-3AAE",Barishal,10,1502
U00743,1390.0,7,20,DEV-992C,Tangail,14,2081
U00744,9390.0,11,23,DEV-4B38,Tangail,8,1400
U00745,1700.0,8,19,DEV-CDDB,Tangail,10,1989
U00746,1020.0,9,21,DEV-B01A,Tangail,10,1649
U00747,640.0,8,18,DEV-6F47,Chattogram,4,1707
U00748,370.0,8,22,"DEV-EE4E,DEV-BC1E",Dhaka,6,1441
U00749,1970.0,7,18,DEV-26BE,Rangpur,13,663
U00750,1890.0,12,23,DEV-7192,Bogura,7,2126
U00751,760.0,7,20,DEV-D464,Noakhali,14,2143
U00752,2890.0,6,19,DEV-89EB,Mymensingh,15,1815
U00753,1120.0,12,22,DEV-1991,Sylhet,12,720
U00754,2040.0,9,22,"DEV-C608,DEV-7B27",Cox's Bazar,3,1036
U00755,1390.0,9,20,DEV-3CF7,Rangpur,12,1820
U00756,950.0,11,23,DEV-D0C9,Mymensingh,15,491
U00757,510.0,8,18,"DEV-E26E,DEV-966B",Cumilla,12,304
U00758,980.0,6,19,DEV-B75E,Jessore,11,1024
U00759,2150.0,11,23,"DEV-3DB7,DEV-BF1C",Gazipur,10,1381
U00760,730.0,7,17,DEV-E77C,Noakhali,9,2237
U00761,1560.0,9,19,DEV-3CF8,Noakhali,6,817
U00762,460.0,12,23,"DEV-F161,DEV-1712",Mymensingh,9,564
U00763,2050.0,12,22,DEV-7223,Tangail,14,1770
U00764,1410.0,8,20,DEV-12A6,Cox's Bazar,4,2191
U00765,420.0,11,23,DEV-728C,Chattogram,4,2142
U00766,920.0,10,23,DEV-A5A2,Narayanganj,14,1592
U00767,2310.0,9,19,DEV-DED9,Chattogram,13,68
U00768,400.0,6,17,DEV-2666,Sylhet,9,1642
U00769,470.0,8,18,"DEV-E32C,DEV-FFCA",Rangpur,7,312
U00770,1040.0,10,23,DEV-110C,Gazipur,4,1975
U00771,6040.0,12,23,DEV-F606,Chattogram,11,2316
U00772,640.0,6,20,DEV-E813,Mymensingh,10,1538
U00773,1630.0,11,21,DEV-0778,Mymensingh,13,620
U00774,1350.0,11,23,DEV-1034,Sylhet,7,767
U00775,680.0,12,22,DEV-B99C,Bogura,13,1835
U00776,1250.0,8,18,DEV-6B79,Rangpur,15,1907
U00777,770.0,6,18,DEV-42C1,Rajshahi,5,2036
U00778,820.0,7,18,DEV-6776,Chattogram,12,281
U00779,290.0,11,22,DEV-5744,Jessore,10,1859
U00780,1080.0,12,22,DEV-F9A5,Rangpur,8,2402
U00781,2250.0,10,22,"DEV-3D84,DEV-16AC",Chattogram,5,109
U00782,1150.0,6,17,"DEV-D49D,DEV-D6FD",Narayanganj,5,1094
U00783,2620.0,6,20,DEV-E4CC,Cumilla,4,1846
U00784,1740.0,9,22,"DEV-F8A2,DEV-0A57",Gazipur,6,1337
U00785,1050.0,10,22,"DEV-C4DB,DEV-4520",Jessore,9,2405
U00786,660.0,6,19,DEV-6BF1,Cox's Bazar,9,1700
U00787,740.0,10,22,"DEV-72DD,DEV-FC4F",Chattogram,15,940
U00788,340.0,9,21,DEV-8595,Narayanganj,12,1566
U00789,890.0,6,20,DEV-3901,Cumilla,15,1784
U00790,1230.0,6,18,DEV-166F,Tangail,12,1960
U00791,4330.0,9,21,DEV-96C4,Rangpur,10,712
U00792,1670.0,11,23,DEV-D47B,Tangail,13,2292
U00793,550.0,11,23,"DEV-B5DB,DEV-EF18",Narayanganj,13,2493
U00794,350.0,9,22,DEV-0AB8,Chattogram,13,562
U00795,930.0,8,20,DEV-6721,Khulna,6,544
U00796,2100.0,12,22,DEV-9C96,Noakhali,12,980
U00797,920.0,9,22,DEV-DB72,Noakhali,5,784
U00798,1690.0,8,20,"DEV-500B,DEV-AD24",Khulna,7,490
U00799,950.0,9,23,"DEV-353A,DEV-977B",Cumilla,12,444
U00800,1950.0,6,20,DEV-C670,Dhaka,9,1783
U00801,310.0,8,18,DEV-D1AC,Rajshahi,13,2389
U00802,3960.0,9,23,DEV-73A9,Barishal,12,266
U00803,450.0,12,23,DEV-7917,Dhaka,12,1441
U00804,2070.0,11,23,"DEV-E1C3,DEV-8C36",Cox's Bazar,4,721
U00805,880.0,11,23,"DEV-59A3,DEV-4650",Bogura,4,640
U00806,1000.0,9,20,DEV-B634,Sylhet,6,1443
U00807,900.0,6,19,DEV-B651,Sylhet,7,362
U00808,1350.0,8,22,DEV-89A9,Sylhet,13,235
U00809,1580.0,12,23,DEV-28B8,Noakhali,3,2190
U00810,2560.0,6,20,DEV-2958,Bogura,10,1131
U00811,3380.0,12,23,DEV-3E3F,Chattogram,13,184
U00812,1430.0,10,23,DEV-030E,Cumilla,7,2195
U00813,4320.0,7,17,"DEV-7ADB,DEV-6A31",Jessore,7,1618
U00814,1180.0,11,23,DEV-62A3,Sylhet,5,1853
U00815,2600.0,11,23,DEV-EF5A,Noakhali,8,1537
U00816,1550.0,6,19,DEV-3D54,Barishal,11,1200
U00817,710.0,6,19,DEV-CF12,Jessore,10,1936
U00818,1270.0,10,22,DEV-311F,Barishal,14,881
U00819,1640.0,12,23,DEV-9C99,Bogura,3,1714
U00820,1070.0,6,16,"DEV-DC62,DEV-D679",Rajshahi,6,2209
U00821,1530.0,10,21,DEV-9741,Narayanganj,7,2096
U00822,2190.0,6,16,DEV-350D,Cox's Bazar,8,1399
U00823,1080.0,10,21,"DEV-609C,DEV-6CB5",Rajshahi,12,123
U00824,100.0,10,22,DEV-D884,Dhaka,4,67
U00825,4200.0,6,17,DEV-60A1,Rajshahi,6,1092
U00826,860.0,10,22,DEV-D33C,Rajshahi,3,1667
U00827,570.0,12,23,DEV-F39D,Narayanganj,10,229
U00828,450.0,12,23,"DEV-1C62,DEV-EF88",Cox's Bazar,15,1044
U00829,840.0,6,18,"DEV-9139,DEV-99D2",Khulna,15,1030
U00830,700.0,7,18,DEV-4E3C,Sylhet,3,1163
U00831,610.0,7,21,DEV-5579,Bogura,4,1415
U00832,640.0,9,23,DEV-8A73,Mymensingh,10,719
U00833,1680.0,7,21,"DEV-32EF,DEV-B7CE",Khulna,6,1496
U00834,5570.0,11,21,DEV-AAB8,Tangail,6,1148
U00835,2110.0,11,23,"DEV-022D,DEV-35F3",Tangail,11,2314
U00836,2690.0,11,23,DEV-8378,Khulna,6,831
U00837,810.0,7,18,DEV-BDFD,Bogura,10,2306
U00838,1190.0,6,17,DEV-4AAE,Dhaka,3,2406
U00839,1540.0,12,23,DEV-E301,Khulna,15,795
U00840,650.0,8,18,"DEV-88B4,DEV-89FA",Khulna,4,1036
U00841,780.0,10,23,DEV-1C1E,Rajshahi,3,1756
U00842,2170.0,12,23,DEV-A0D3,Noakhali,8,1162
U00843,2620.0,6,19,DEV-D14B,Rangpur,14,1790
U00844,1160.0,6,19,DEV-361C,Khulna,11,670
U00845,420.0,6,18,DEV-8B2D,Rajshahi,9,2394
U00846,870.0,7,19,DEV-01A2,Rangpur,6,1754
U00847,350.0,6,16,DEV-3608,Narayanganj,5,237
U00848,1160.0,11,23,DEV-122B,Narayanganj,11,630
U00849,1350.0,10,20,"DEV-C509,DEV-FEE3",Barishal,9,1554
U00850,880.0,12,23,DEV-09AC,Sylhet,10,753
U00851,1330.0,11,23,"DEV-B3C4,DEV-97C2",Mymensingh,8,1035
U00852,1530.0,12,23,"DEV-B3B8,DEV-8072",Cox's Bazar,6,1627
U00853,1350.0,7,20,DEV-FDCD,Sylhet,5,887
U00854,420.0,8,18,DEV-0A26,Rangpur,6,2263
U00855,900.0,11,23,"DEV-2631,DEV-3FEC",Cumilla,5,1555
U00856,1520.0,7,19,DEV-C84D,Jessore,9,1066
U00857,3880.0,6,17,DEV-13BF,Narayanganj,6,720
U00858,880.0,10,23,DEV-1FA2,Barishal,13,760
U00859,1700.0,11,23,DEV-BB7C,Sylhet,10,118
U00860,2210.0,12,23,DEV-6B1F,Jessore,6,242
U00861,940.0,12,23,"DEV-B4AC,DEV-5DDD",Narayanganj,4,1951
U00862,2750.0,6,16,DEV-16DC,Narayanganj,4,1928
U00863,2870.0,11,23,"DEV-98DE,DEV-1BF4",Jessore,4,244
U00864,3310.0,11,23,DEV-7A97,Barishal,7,1394
U00865,1580.0,10,21,DEV-E159,Mymensingh,7,840
U00866,7250.0,11,23,DEV-2ED6,Jessore,3,1752
U00867,670.0,11,23,DEV-336A,Cumilla,12,1499
U00868,6000.0,9,19,DEV-F2BE,Narayanganj,9,2004
U00869,2030.0,6,16,DEV-4DBC,Tangail,15,1570
U00870,3200.0,9,20,DEV-5F61,Chattogram,14,523
U00871,850.0,7,17,DEV-AF2C,Mymensingh,3,1675
U00872,2160.0,6,20,DEV-20C9,Rajshahi,12,2092
U00873,3430.0,6,16,DEV-0F8B,Gazipur,15,2486
U00874,460.0,10,23,DEV-D7DF,Tangail,13,1768
U00875,960.0,9,21,DEV-F298,Noakhali,11,1021
U00876,200.0,9,19,DEV-FCAC,Narayanganj,4,1287
U00877,950.0,11,23,DEV-05E3,Jessore,14,369
U00878,570.0,9,19,DEV-879F,Jessore,13,1603
U00879,920.0,10,23,DEV-D960,Barishal,9,370
U00880,11370.0,6,16,DEV-D840,Tangail,14,672
U00881,4330.0,11,23,DEV-5C63,Narayanganj,9,1290
U00882,350.0,9,20,DEV-7D82,Chattogram,9,1211
U00883,1710.0,7,19,DEV-2668,Jessore,13,977
U00884,2080.0,11,23,"DEV-23A1,DEV-60A2",Sylhet,12,1628
U00885,840.0,11,23,"DEV-3AF7,DEV-F90B",Chattogram,10,2285
U00886,1260.0,6,17,DEV-1482,Tangail,13,2309
U00887,1370.0,7,17,DEV-876A,Rajshahi,14,1292
U00888,370.0,6,17,DEV-8E76,Noakhali,11,1392
U00889,480.0,7,21,"DEV-0F2C,DEV-70D0",Noakhali,14,1146
U00890,1260.0,6,18,DEV-F107,Cumilla,8,2245
U00891,1190.0,10,23,DEV-1C0B,Jessore,9,2160
U00892,620.0,9,21,DEV-24C0,Khulna,11,164
U00893,580.0,12,23,DEV-2A4F,Mymensingh,10,1996
U00894,1020.0,11,21,DEV-0DFF,Cumilla,5,103
U00895,2230.0,10,20,DEV-E28A,Dhaka,8,1793
U00896,1030.0,9,22,DEV-0BA0,Narayanganj,4,866
U00897,4020.0,6,17,DEV-47F3,Sylhet,11,1332
U00898,630.0,6,17,"DEV-D389,DEV-FECA",Barishal,13,1963
U00899,1280.0,10,21,"DEV-272C,DEV-5C31",Noakhali,11,609
U00900,830.0,6,19,DEV-2DD1,Gazipur,14,358
U00901,1760.0,6,20,DEV-3143,Bogura,11,1431
U00902,590.0,7,20,DEV-F1B0,Bogura,7,2099
U00903,5130.0,12,23,"DEV-5667,DEV-9C91",Jessore,3,315
U00904,280.0,9,23,"DEV-281D,DEV-4910",Noakhali,3,987
U00905,4330.0,10,22,DEV-5C69,Chattogram,15,1355
U00906,1180.0,8,18,"DEV-9621,DEV-E665",Narayanganj,13,591
U00907,1710.0,7,19,DEV-3E3B,Tangail,7,2133
U00908,3190.0,8,22,DEV-A523,Mymensingh,15,1508
U00909,2180.0,6,19,DEV-7E87,Narayanganj,6,1302
U00910,610.0,11,22,DEV-CB8A,Tangail,13,372
U00911,1770.0,7,18,DEV-55A9,Sylhet,5,199
U00912,4890.0,8,22,DEV-6C73,Cumilla,12,438
U00913,540.0,12,22,"DEV-9F63,DEV-7168",Noakhali,3,107
U00914,5970.0,10,23,DEV-C240,Tangail,11,1350
U00915,1490.0,9,22,"DEV-038D,DEV-5937",Rajshahi,8,2155
U00916,780.0,9,23,"DEV-2CA7,DEV-24D7",Mymensingh,10,1902
U00917,540.0,11,22,DEV-0DA6,Mymensingh,3,583
U00918,920.0,7,20,"DEV-5B11,DEV-37B3",Narayanganj,7,514
U00919,230.0,10,21,DEV-C215,Barishal,5,1328
U00920,790.0,12,22,DEV-8086,Dhaka,11,1950
U00921,890.0,10,22,DEV-C97D,Noakhali,3,1948
U00922,460.0,9,23,DEV-E2A8,Noakhali,14,1318
U00923,1990.0,7,18,"DEV-C919,DEV-6BC0",Gazipur,5,655
U00924,920.0,7,17,DEV-F97C,Rangpur,9,1223
U00925,660.0,12,23,DEV-629D,Chattogram,15,1851
U00926,850.0,9,23,DEV-D324,Chattogram,8,2202
U00927,1460.0,8,22,DEV-2C32,Mymensingh,10,215
U00928,1160.0,8,22,"DEV-F7F3,DEV-4DA0",Jessore,15,1942
U00929,630.0,10,23,DEV-A074,Noakhali,3,1879
U00930,1210.0,9,23,"DEV-5A9A,DEV-3AB6",Sylhet,10,556
U00931,1050.0,10,23,DEV-5453,Cox's Bazar,10,188
U00932,440.0,7,20,"DEV-9BB2,DEV-1C9D",Barishal,12,792
U00933,870.0,10,21,DEV-32A5,Rajshahi,10,714
U00934,1740.0,9,21,DEV-EB7C,Sylhet,9,309
U00935,1730.0,12,23,DEV-15D7,Bogura,10,664
U00936,910.0,7,19,DEV-B8ED,Sylhet,6,513
U00937,1880.0,7,20,"DEV-4D23,DEV-51BF",Rajshahi,7,2231
U00938,500.0,9,20,DEV-5CDE,Rajshahi,15,242
U00939,510.0,9,19,DEV-61F7,Sylhet,11,1350
U00940,900.0,10,23,"DEV-B578,DEV-CDF7",Rajshahi,11,836
U00941,3630.0,8,22,DEV-5CF2,Dhaka,4,2112
U00942,1250.0,12,23,DEV-2BE7,Noakhali,8,1201
U00943,880.0,9,19,"DEV-00CE,DEV-B97D",Cumilla,5,1468
U00944,3770.0,6,18,DEV-EABB,Khulna,15,1008
U00945,870.0,6,18,"DEV-08C4,DEV-96E2",Gazipur,15,2023
U00946,6550.0,12,23,DEV-37E1,Barishal,7,1679
U00947,730.0,6,19,"DEV-35F4,DEV-D412",Cumilla,8,1391
U00948,490.0,12,23,DEV-4095,Gazipur,11,1009
U00949,960.0,7,21,DEV-4DC5,Cumilla,4,1141
U00950,900.0,6,20,DEV-1FC7,Cox's Bazar,10,654
U00951,570.0,8,21,"DEV-E76D,DEV-E812",Noakhali,5,1655
U00952,8790.0,10,22,DEV-E9C6,Jessore,9,758
U00953,1420.0,8,20,"DEV-3AEE,DEV-300D",Narayanganj,12,737
U00954,1590.0,11,23,DEV-F0CD,Mymensingh,12,1182
U00955,760.0,10,21,DEV-9CEA,Noakhali,4,2299
U00956,690.0,8,22,"DEV-43A9,DEV-0BF5",Mymensingh,6,1115
U00957,2490.0,10,22,DEV-CC9A,Noakhali,7,2273
U00958,290.0,12,22,DEV-CD5C,Narayanganj,12,1331
U00959,440.0,8,21,"DEV-02AC,DEV-7A6F",Khulna,7,209
U00960,900.0,7,18,DEV-7BB7,Sylhet,9,1472
U00961,3230.0,8,20,DEV-76CC,Bogura,5,2294
U00962,810.0,11,23,DEV-5E84,Gazipur,7,2209
U00963,1530.0,7,20,DEV-540E,Sylhet,9,479
U00964,1120.0,12,23,DEV-55A7,Bogura,5,691
U00965,3090.0,10,20,DEV-EB98,Dhaka,4,1712
U00966,310.0,10,23,DEV-FDFC,Cumilla,4,1109
U00967,1980.0,8,19,DEV-1CA0,Bogura,8,2063
U00968,940.0,12,22,DEV-B889,Narayanganj,5,1315
U00969,2300.0,6,20,DEV-92CE,Rangpur,3,625
U00970,570.0,8,18,DEV-417A,Rajshahi,13,849
U00971,1120.0,8,19,DEV-2F9A,Khulna,15,308
U00972,1010.0,9,19,DEV-C09F,Sylhet,9,736
U00973,490.0,9,22,"DEV-5D57,DEV-212B",Cox's Bazar,10,1897
U00974,390.0,7,21,DEV-F818,Bogura,5,578
U00975,690.0,7,19,DEV-ED08,Bogura,3,1122
U00976,1220.0,6,20,DEV-6B2D,Jessore,4,474
U00977,600.0,10,23,DEV-6D27,Rajshahi,5,1232
U00978,840.0,8,22,"DEV-6BA4,DEV-30CF",Chattogram,4,2415
U00979,240.0,9,19,"DEV-1B04,DEV-45D7",Dhaka,12,1911
U00980,820.0,10,21,"DEV-630B,DEV-27B7",Khulna,13,1917
U00981,2490.0,10,21,DEV-0915,Cox's Bazar,12,656
U00982,1930.0,9,22,DEV-EE38,Khulna,6,789
U00983,1020.0,10,23,DEV-E0AA,Tangail,7,269
U00984,1330.0,10,21,DEV-4E4E,Barishal,7,2305
U00985,570.0,10,23,DEV-9D4E,Mymensingh,4,2395
U00986,4020.0,10,20,DEV-2491,Chattogram,9,867
U00987,5730.0,8,20,DEV-ED3F,Jessore,9,1758
U00988,1250.0,7,20,"DEV-D019,DEV-2D0D",Cox's Bazar,5,551
U00989,8710.0,11,22,DEV-3697,Barishal,6,1640
U00990,640.0,8,18,DEV-5531,Cox's Bazar,9,264
U00991,400.0,9,21,"DEV-181A,DEV-58CD",Narayanganj,4,852
U00992,620.0,7,20,"DEV-AB1B,DEV-B9E6",Khulna,10,1001
U00993,920.0,9,23,DEV-01E5,Cox's Bazar,7,2489
U00994,6970.0,9,22,DEV-5A19,Rangpur,12,1183
U00995,880.0,10,23,DEV-D518,Bogura,12,579
U00996,550.0,9,21,DEV-DEDF,Rajshahi,7,146
U00997,530.0,8,22,DEV-900D,Barishal,7,469
U00998,2730.0,12,23,DEV-BC3E,Sylhet,9,628
U00999,2440.0,9,23,DEV-3F2F,Mymensingh,3,816
U01000,740.0,11,23,DEV-DE49,Dhaka,5,366
U01001,240.0,11,23,DEV-793C,Barishal,4,1855
U01002,440.0,9,23,"DEV-B112,DEV-432D",Cox's Bazar,6,985
U01003,4350.0,12,23,DEV-2C43,Dhaka,10,615
U01004,1900.0,6,19,DEV-8868,Khulna,6,1328
U01005,1160.0,12,23,DEV-85C1,Mymensingh,9,802
U01006,4890.0,11,21,"DEV-9256,DEV-CED9",Chattogram,11,1719
U01007,5250.0,9,23,DEV-C58C,Dhaka,11,1338
U01008,1070.0,11,22,"DEV-4D41,DEV-7751",Gazipur,9,2332
U01009,1080.0,9,22,DEV-15D4,Narayanganj,10,1635
U01010,690.0,7,21,DEV-C960,Cox's Bazar,8,936
U01011,870.0,11,21,DEV-22A8,Gazipur,9,398
U01012,330.0,7,18,DEV-11B9,Mymensingh,13,280
U01013,330.0,8,22,"DEV-8530,DEV-EBDC",Sylhet,9,1646
U01014,280.0,9,20,DEV-6057,Barishal,7,111
U01015,2610.0,11,23,DEV-2F7D,Cox's Bazar,15,971
U01016,310.0,8,20,DEV-2F2D,Noakhali,14,80
U01017,5220.0,9,23,DEV-D629,Chattogram,14,885
U01018,610.0,6,18,DEV-A915,Chattogram,13,2212
U01019,4400.0,6,18,DEV-7E9F,Sylhet,7,225
U01020,820.0,6,16,"DEV-ED68,DEV-1ACE",Jessore,15,2436
U01021,310.0,6,18,"DEV-9DC9,DEV-5C1B",Jessore,11,2435
U01022,3060.0,12,23,"DEV-3BC3,DEV-EB16",Rangpur,14,2163
U01023,3370.0,11,23,DEV-F4EF,Noakhali,3,1742
U01024,530.0,11,23,DEV-D5AE,Gazipur,4,470
U01025,840.0,6,19,DEV-2600,Bogura,3,276
U01026,530.0,6,18,DEV-B8E8,Tangail,15,2300
U01027,1000.0,7,17,DEV-5BC4,Tangail,7,934
U01028,1200.0,9,20,DEV-613D,Bogura,3,1140
U01029,830.0,8,20,DEV-3198,Bogura,12,227
U01030,260.0,9,23,DEV-96BA,Narayanganj,13,177
U01031,690.0,7,20,"DEV-DB74,DEV-3B6C",Bogura,15,1367
U01032,1930.0,11,23,DEV-899E,Narayanganj,10,1031
U01033,930.0,8,22,DEV-A5D8,Rajshahi,11,1759
U01034,840.0,6,16,DEV-A169,Chattogram,11,2090
U01035,520.0,11,21,DEV-42CC,Cumilla,12,169
U01036,670.0,12,23,"DEV-0762,DEV-D438",Chattogram,9,2426
U01037,3390.0,6,17,DEV-98BC,Khulna,3,2307
U01038,440.0,9,23,"DEV-B459,DEV-882A",Chattogram,5,1446
U01039,1950.0,11,23,"DEV-62D6,DEV-4070",Jessore,15,954
U01040,1140.0,10,20,DEV-A8D3,Mymensingh,3,441
U01041,1330.0,11,22,DEV-D4DC,Mymensingh,4,609
U01042,610.0,8,19,DEV-533B,Bogura,13,1761
U01043,830.0,8,18,DEV-0629,Jessore,15,350
U01044,1090.0,10,21,DEV-27D8,Mymensingh,8,2414
U01045,720.0,7,19,"DEV-9444,DEV-3C34",Mymensingh,4,389
U01046,1430.0,7,21,DEV-D070,Gazipur,10,1893
U01047,1580.0,10,23,"DEV-458D,DEV-7E6A",Bogura,3,2128
U01048,6240.0,10,20,DEV-3A03,Khulna,7,760
U01049,1370.0,6,18,"DEV-745C,DEV-ADA8",Gazipur,10,1215
U01050,240.0,9,22,DEV-CBB7,Khulna,14,1454
U01051,2780.0,8,19,DEV-BD59,Sylhet,4,2002
U01052,930.0,9,21,DEV-81DF,Narayanganj,10,156
U01053,5480.0,12,23,DEV-7506,Barishal,3,590
U01054,3560.0,6,16,"DEV-5357,DEV-FCDF",Cox's Bazar,9,400
U01055,730.0,12,23,DEV-BBC3,Dhaka,11,815
U01056,1950.0,9,22,DEV-E419,Gazipur,3,1692
U01057,680.0,11,23,DEV-BD5A,Cox's Bazar,12,1049
U01058,1100.0,8,22,DEV-1648,Bogura,15,1245
U01059,1880.0,8,19,DEV-43E4,Narayanganj,6,1152
U01060,2670.0,11,23,DEV-75DF,Sylhet,12,43
U01061,2240.0,10,23,DEV-5091,Chattogram,9,271
U01062,1160.0,7,21,DEV-E891,Noakhali,14,591
U01063,8000.0,10,23,DEV-7DE6,Mymensingh,10,141
U01064,820.0,11,23,"DEV-3863,DEV-990F",Narayanganj,13,2060
U01065,300.0,8,19,DEV-60DE,Narayanganj,5,2489
U01066,350.0,12,23,DEV-20BF,Bogura,6,1227
U01067,3570.0,10,23,DEV-F26A,Barishal,8,1676
U01068,1030.0,8,19,DEV-F209,Bogura,14,169
U01069,1250.0,6,19,DEV-C6AB,Narayanganj,11,165
U01070,710.0,10,22,DEV-506C,Tangail,5,1524
U01071,760.0,7,19,DEV-D512,Gazipur,14,1938
U01072,580.0,11,22,DEV-49C7,Gazipur,11,2325
U01073,1600.0,9,22,DEV-E124,Bogura,8,921
U01074,1010.0,9,21,"DEV-E259,DEV-2BD1",Rangpur,7,1063
U01075,1550.0,7,18,DEV-509B,Rajshahi,12,1997
U01076,1440.0,10,21,DEV-B302,Bogura,14,377
U01077,780.0,7,19,DEV-3BED,Rangpur,9,2376
U01078,340.0,8,21,DEV-CD83,Rajshahi,13,765
U01079,320.0,11,23,"DEV-ADD2,DEV-39FA",Narayanganj,12,95
U01080,12350.0,12,23,DEV-C698,Bogura,3,1982
U01081,3580.0,12,22,DEV-0B19,Barishal,13,2411
U01082,3200.0,12,23,DEV-624B,Cox's Bazar,10,1219
U01083,640.0,9,19,DEV-2DA8,Rajshahi,9,439
U01084,1110.0,7,21,"DEV-0000,DEV-BDCB",Cumilla,10,403
U01085,570.0,11,21,DEV-2717,Dhaka,3,764
U01086,380.0,11,22,"DEV-B1BC,DEV-134F",Cumilla,14,1348
U01087,680.0,12,23,DEV-E447,Bogura,14,1578
U01088,3170.0,10,20,"DEV-FA51,DEV-5123",Cumilla,15,1754
U01089,2150.0,6,16,DEV-7C77,Barishal,10,1798
U01090,500.0,9,22,DEV-9F29,Narayanganj,6,624
U01091,850.0,9,19,"DEV-96FA,DEV-06DB",Cox's Bazar,10,450
U01092,2000.0,11,21,DEV-FAAC,Cox's Bazar,6,2379
U01093,690.0,8,21,DEV-EF60,Jessore,9,367
U01094,1170.0,8,22,"DEV-7C9A,DEV-8DF2",Bogura,13,1288
U01095,1510.0,6,19,DEV-2B82,Rangpur,5,737
U01096,1500.0,11,23,DEV-BF95,Dhaka,8,1836
U01097,1340.0,11,23,DEV-83B8,Dhaka,9,834
U01098,650.0,6,19,"DEV-48A7,DEV-4E9E",Khulna,15,278
U01099,710.0,9,23,"DEV-14FA,DEV-C9F2",Jessore,9,816
U01100,440.0,9,21,DEV-1015,Gazipur,7,278
U01101,310.0,9,19,DEV-903F,Barishal,7,453
U01102,1000.0,12,23,DEV-D08C,Tangail,6,1197
U01103,2110.0,7,20,DEV-0D67,Noakhali,4,2427
U01104,360.0,8,22,"DEV-26E5,DEV-C32A",Barishal,12,532
U01105,1360.0,7,20,DEV-D2F0,Rangpur,12,2001
U01106,2050.0,7,19,DEV-14C9,Chattogram,5,1315
U01107,250.0,12,23,DEV-43E8,Dhaka,8,2450
U01108,880.0,12,23,DEV-9B38,Sylhet,12,1315
U01109,4090.0,6,20,"DEV-8A90,DEV-8448",Noakhali,12,286
U01110,1710.0,10,21,DEV-430C,Dhaka,4,1043
U01111,250.0,7,19,DEV-89FA,Jessore,3,216
U01112,1860.0,7,19,"DEV-0CD2,DEV-DF68",Cumilla,3,578
U01113,600.0,8,19,"DEV-8AD2,DEV-5F67",Chattogram,9,1353
U01114,1910.0,7,19,DEV-5DFB,Chattogram,14,2253
U01115,630.0,9,19,"DEV-5EB3,DEV-6F62",Mymensingh,3,1547
U01116,1050.0,12,23,DEV-3159,Dhaka,12,930
U01117,710.0,10,20,"DEV-99FF,DEV-2F07",Barishal,12,1598
U01118,1100.0,11,23,DEV-504B,Cox's Bazar,15,633
U01119,700.0,9,23,DEV-DEEE,Rangpur,10,260
U01120,920.0,6,16,DEV-9054,Sylhet,15,1842
U01121,430.0,6,17,DEV-E72B,Cox's Bazar,8,2114
U01122,1620.0,7,20,DEV-A863,Chattogram,6,1542
U01123,1260.0,7,21,DEV-C890,Narayanganj,15,1239
U01124,300.0,11,23,DEV-16EC,Gazipur,9,1161
U01125,2430.0,11,21,DEV-811E,Dhaka,7,939
U01126,950.0,11,22,DEV-599F,Tangail,11,2425
U01127,1250.0,10,23,DEV-0461,Narayanganj,8,1275
U01128,2020.0,9,21,"DEV-1706,DEV-3096",Chattogram,12,2183
U01129,1430.0,10,23,"DEV-01C6,DEV-6FF5",Cox's Bazar,12,129
U01130,2790.0,8,18,DEV-0D1D,Tangail,3,900
U01131,870.0,10,20,DEV-D312,Narayanganj,9,561
U01132,2510.0,11,22,DEV-979A,Rajshahi,14,317
U01133,1210.0,11,21,DEV-F686,Mymensingh,11,2496
U01134,1650.0,10,23,"DEV-1594,DEV-1478",Rajshahi,12,158
U01135,1510.0,6,20,DEV-DE55,Jessore,15,1394
U01136,2960.0,11,22,DEV-645C,Narayanganj,7,567
U01137,1950.0,8,18,DEV-C26A,Noakhali,12,223
U01138,770.0,11,21,DEV-309F,Barishal,3,2456
U01139,660.0,9,20,"DEV-0241,DEV-7F71",Dhaka,4,753
U01140,1050.0,12,23,DEV-92BF,Rangpur,12,898
U01141,600.0,8,22,DEV-1C83,Dhaka,5,486
U01142,470.0,12,23,DEV-029F,Noakhali,13,1725
U01143,200.0,11,23,"DEV-3649,DEV-1BF4",Tangail,14,2314
U01144,320.0,8,22,DEV-FF05,Gazipur,14,867
U01145,5370.0,9,22,"DEV-FCFC,DEV-040E",Barishal,3,2021
U01146,650.0,9,19,"DEV-74FF,DEV-626E",Sylhet,7,1040
U01147,5030.0,11,23,DEV-06F7,Chattogram,9,1380
U01148,1510.0,10,23,"DEV-AAA6,DEV-D9AD",Mymensingh,3,2006
U01149,1050.0,11,23,DEV-9C7C,Dhaka,14,2380
U01150,330.0,8,20,DEV-EAD6,Dhaka,15,1533
U01151,1100.0,9,22,DEV-A32F,Jessore,13,950
U01152,4980.0,9,21,DEV-8C62,Cumilla,6,1188
U01153,3810.0,12,23,DEV-F2A5,Cox's Bazar,4,2166
U01154,1370.0,8,21,DEV-B4B7,Rangpur,13,902
U01155,440.0,10,23,DEV-C3BE,Barishal,12,1184
U01156,510.0,6,16,DEV-C7B5,Rajshahi,15,1945
U01157,550.0,11,23,DEV-0821,Sylhet,7,2126
U01158,3050.0,8,18,DEV-BC12,Narayanganj,5,1133
U01159,4050.0,8,20,DEV-BF9E,Bogura,14,2254
U01160,1280.0,10,20,"DEV-7E98,DEV-907A",Rangpur,4,2159
U01161,860.0,9,23,"DEV-D529,DEV-2452",Dhaka,10,1173
U01162,3790.0,11,23,DEV-86FE,Sylhet,9,715
U01163,500.0,9,21,DEV-C543,Cox's Bazar,10,469
U01164,1140.0,9,21,DEV-426E,Khulna,8,328
U01165,1590.0,6,19,"DEV-4384,DEV-010A",Cumilla,3,505
U01166,550.0,6,16,DEV-4FF3,Narayanganj,11,199
U01167,660.0,8,20,"DEV-5BCC,DEV-F3D1",Narayanganj,6,743
U01168,620.0,12,23,DEV-1524,Noakhali,4,2478
U01169,3410.0,12,23,DEV-A573,Cumilla,8,580
U01170,5070.0,10,22,"DEV-1032,DEV-CCA5",Cumilla,6,980
U01171,1200.0,10,21,DEV-781E,Chattogram,12,988
U01172,880.0,8,18,"DEV-6D01,DEV-F193",Cox's Bazar,7,1313
U01173,680.0,7,21,DEV-BFBE,Rajshahi,9,1281
U01174,1100.0,6,18,DEV-1B02,Bogura,9,1465
U01175,710.0,8,19,DEV-4425,Bogura,14,245
U01176,1010.0,8,19,DEV-4614,Sylhet,4,823
U01177,1530.0,7,20,DEV-9C15,Khulna,3,2276
U01178,790.0,7,17,DEV-D47F,Chattogram,14,2440
U01179,940.0,6,18,DEV-A33F,Mymensingh,7,36
U01180,950.0,10,21,DEV-66DD,Mymensingh,12,1586
U01181,850.0,12,23,DEV-BF1D,Narayanganj,10,371
U01182,770.0,10,23,DEV-C240,Narayanganj,12,1352
U01183,2020.0,9,22,DEV-14A1,Rajshahi,11,50
U01184,270.0,8,18,DEV-8AD5,Bogura,6,1897
U01185,3860.0,8,18,"DEV-B5F2,DEV-9A9A",Barishal,9,2466
U01186,1220.0,6,18,DEV-3EB1,Dhaka,6,334
U01187,1790.0,10,21,DEV-2940,Rangpur,8,1044
U01188,1960.0,9,22,"DEV-4A76,DEV-5A2E",Bogura,10,509
U01189,620.0,6,19,DEV-EBE7,Gazipur,3,514
U01190,530.0,8,19,DEV-9F2A,Khulna,3,1988
U01191,480.0,7,17,DEV-D5F2,Jessore,12,323
U01192,900.0,7,18,DEV-06DA,Sylhet,4,336
U01193,1920.0,10,22,DEV-C8AD,Chattogram,14,944
U01194,690.0,9,20,"DEV-3035,DEV-90D6",Cox's Bazar,11,793
U01195,1780.0,10,21,"DEV-62F0,DEV-DD1E",Chattogram,13,2440
U01196,160.0,10,21,DEV-ACB1,Dhaka,9,1004
U01197,810.0,12,22,DEV-75D4,Narayanganj,12,1385
U01198,2790.0,11,23,"DEV-8273,DEV-B4F6",Jessore,5,284
U01199,960.0,10,23,DEV-B7FE,Mymensingh,11,904
U01200,560.0,12,23,DEV-92BF,Narayanganj,7,539
U01201,650.0,9,23,DEV-BA12,Chattogram,13,930
U01202,100.0,12,23,DEV-CA00,Tangail,7,780
U01203,490.0,11,23,DEV-07F3,Dhaka,13,319
U01204,2550.0,10,20,DEV-5DF1,Cox's Bazar,14,1399
U01205,690.0,12,23,DEV-E6D5,Khulna,3,1307
U01206,760.0,9,22,DEV-5238,Narayanganj,3,1311
U01207,170.0,11,23,"DEV-D2FE,DEV-8C99",Sylhet,7,1077
U01208,300.0,7,21,DEV-4564,Cumilla,10,1326
U01209,2840.0,12,23,DEV-59A7,Gazipur,14,1830
U01210,1800.0,10,20,DEV-7C09,Rajshahi,8,675
U01211,390.0,11,23,DEV-1FF2,Mymensingh,14,504
U01212,660.0,9,20,"DEV-4EE2,DEV-AE56",Khulna,12,1703
U01213,1070.0,12,22,"DEV-E818,DEV-F349",Mymensingh,12,369
U01214,420.0,6,19,DEV-6200,Tangail,14,898
U01215,220.0,6,16,DEV-CB4B,Chattogram,7,1466
U01216,970.0,9,20,DEV-6563,Bogura,11,1473
U01217,1730.0,11,23,DEV-CE88,Narayanganj,13,1862
U01218,1760.0,11,23,DEV-E972,Dhaka,15,1195
U01219,2210.0,9,23,DEV-7217,Sylhet,6,1258
U01220,320.0,10,20,DEV-99C6,Rajshahi,13,139
U01221,1150.0,9,19,DEV-DDEC,Tangail,5,1981
U01222,880.0,12,23,DEV-234B,Sylhet,15,615
U01223,1020.0,10,21,DEV-3F2C,Jessore,9,2107
U01224,930.0,8,18,DEV-A042,Cox's Bazar,14,1622
U01225,650.0,12,23,DEV-2DD6,Sylhet,10,2294
U01226,100.0,6,19,DEV-CB60,Gazipur,3,2191
U01227,2780.0,12,23,DEV-4430,Tangail,7,964
U01228,1430.0,7,19,DEV-567C,Khulna,10,1002
U01229,330.0,8,21,DEV-CF87,Khulna,10,2263
U01230,1600.0,11,23,"DEV-86E9,DEV-CA73",Bogura,10,2211
U01231,770.0,11,23,"DEV-A078,DEV-83A6",Rajshahi,12,1781
U01232,780.0,12,23,DEV-82AA,Barishal,10,2311
U01233,590.0,11,23,DEV-CD83,Tangail,5,1573
U01234,1690.0,10,23,"DEV-FFC5,DEV-0639",Dhaka,4,91
U01235,580.0,8,22,DEV-81BC,Bogura,6,1397
U01236,460.0,6,18,DEV-C886,Rajshahi,4,943
U01237,2710.0,6,18,DEV-A4B3,Barishal,12,78
U01238,950.0,8,20,DEV-7BE5,Cox's Bazar,15,1402
U01239,970.0,6,16,DEV-CB27,Rangpur,15,1414
U01240,1910.0,9,20,DEV-77DD,Rajshahi,10,1837
U01241,640.0,11,23,DEV-22F6,Tangail,14,1954
U01242,750.0,12,22,DEV-45B1,Rangpur,11,826
U01243,1400.0,9,22,DEV-0B3D,Gazipur,4,2471
U01244,320.0,12,23,DEV-B3BE,Chattogram,10,1120
U01245,1310.0,12,23,DEV-F914,Sylhet,10,1099
U01246,600.0,12,23,DEV-611B,Bogura,10,476
U01247,2170.0,9,20,DEV-BB74,Rajshahi,13,2475
U01248,1700.0,8,21,DEV-FB81,Gazipur,15,1003
U01249,1530.0,12,23,"DEV-64AD,DEV-E1DC",Tangail,6,452
U01250,300.0,7,21,DEV-0485,Narayanganj,3,2120
U01251,1010.0,8,22,DEV-AD79,Chattogram,11,2396
U01252,430.0,6,18,DEV-2A99,Rajshahi,4,558
U01253,1060.0,11,22,"DEV-C810,DEV-027E",Chattogram,8,1486
U01254,170.0,10,23,"DEV-D531,DEV-657D",Rangpur,15,2265
U01255,320.0,6,20,"DEV-3CA7,DEV-8E0A",Rajshahi,11,1666
U01256,2840.0,7,18,DEV-FD5A,Cox's Bazar,15,1108
U01257,1470.0,9,20,DEV-291B,Gazipur,3,1446
U01258,830.0,9,21,DEV-4F5E,Cumilla,12,281
U01259,530.0,11,21,DEV-A3CD,Mymensingh,7,2457
U01260,460.0,7,18,DEV-17FE,Bogura,3,1297
U01261,1290.0,12,22,DEV-F448,Sylhet,6,139
U01262,830.0,9,22,DEV-860B,Cox's Bazar,15,864
U01263,3780.0,11,23,"DEV-FD8D,DEV-6A46",Noakhali,8,1043
U01264,950.0,7,20,DEV-D549,Rangpur,14,2486
U01265,1150.0,6,16,DEV-54B4,Bogura,4,2191
U01266,360.0,6,18,DEV-71A1,Barishal,11,780
U01267,820.0,8,21,"DEV-58C9,DEV-8C22",Khulna,8,442
U01268,1260.0,12,23,"DEV-392C,DEV-80D8",Barishal,6,135
U01269,810.0,6,19,DEV-D708,Noakhali,10,1436
U01270,740.0,8,18,"DEV-27D9,DEV-CAFA",Dhaka,10,1130
U01271,1420.0,6,18,"DEV-DABA,DEV-08EC",Chattogram,3,1323
U01272,3680.0,12,23,"DEV-ACFF,DEV-7C32",Khulna,11,703
U01273,1230.0,10,23,"DEV-A34F,DEV-4B6D",Rangpur,6,2024
U01274,2740.0,11,23,DEV-3867,Gazipur,13,1305
U01275,1800.0,10,23,"DEV-497B,DEV-2735",Rangpur,5,2298
U01276,2610.0,10,20,DEV-67CD,Dhaka,6,622
U01277,670.0,11,23,"DEV-DF7D,DEV-C753",Narayanganj,15,669
U01278,930.0,6,19,DEV-2DED,Khulna,6,1477
U01279,930.0,12,22,"DEV-8EE0,DEV-12DF",Dhaka,4,1742
U01280,1700.0,11,23,"DEV-0F3C,DEV-A027",Mymensingh,10,759
U01281,2070.0,11,22,DEV-4D71,Barishal,11,1382
U01282,1210.0,8,18,"DEV-B44F,DEV-27E9",Rangpur,10,1292
U01283,2210.0,11,23,DEV-1E9F,Barishal,8,1667
U01284,700.0,8,20,DEV-B70C,Bogura,4,1601
U01285,2230.0,6,18,DEV-34F4,Mymensingh,6,524
U01286,2470.0,12,23,"DEV-0EE3,DEV-C9EB",Mymensingh,3,310
U01287,1890.0,7,20,DEV-B493,Narayanganj,14,703
U01288,1220.0,6,19,DEV-EDF8,Mymensingh,6,342
U01289,1940.0,10,23,DEV-9959,Gazipur,11,1388
U01290,540.0,7,20,DEV-79FA,Dhaka,6,1295
U01291,1290.0,12,23,DEV-ABA0,Tangail,11,37
U01292,1390.0,9,19,"DEV-CAC0,DEV-A112",Gazipur,4,2067
U01293,380.0,6,16,DEV-51C3,Chattogram,4,1799
U01294,1600.0,12,23,"DEV-E3C7,DEV-B406",Cumilla,7,1182
U01295,400.0,9,20,DEV-E096,Tangail,6,429
U01296,780.0,7,19,"DEV-8EA5,DEV-732C",Noakhali,7,427
U01297,1130.0,10,21,DEV-D7DB,Bogura,6,2330
U01298,610.0,9,23,DEV-9C92,Narayanganj,12,612
U01299,1170.0,6,20,DEV-C6A0,Mymensingh,8,2155
U01300,1160.0,11,23,DEV-E3D1,Noakhali,5,1668
U01301,570.0,8,21,DEV-48BC,Sylhet,14,1569
U01302,1730.0,10,22,"DEV-3168,DEV-2642",Cumilla,11,2094
U01303,600.0,12,23,DEV-9992,Noakhali,8,2230
U01304,6840.0,10,23,DEV-CEC1,Gazipur,9,698
U01305,1000.0,10,23,DEV-F9E7,Cox's Bazar,7,2468
U01306,430.0,7,17,"DEV-0865,DEV-006D",Khulna,8,346
U01307,500.0,7,19,DEV-ADD4,Bogura,3,1944
U01308,2750.0,8,22,DEV-4501,Sylhet,13,983
U01309,790.0,11,21,DEV-79D5,Bogura,8,1577
U01310,370.0,9,20,DEV-1426,Cox's Bazar,12,2092
U01311,2170.0,8,19,DEV-1346,Khulna,3,1139
U01312,790.0,11,23,DEV-8730,Narayanganj,4,231
U01313,1850.0,11,21,DEV-B044,Chattogram,7,2039
U01314,2320.0,12,23,DEV-E2DF,Cox's Bazar,3,355
U01315,1370.0,8,18,DEV-7B9D,Tangail,15,1769
U01316,7460.0,10,23,DEV-A542,Mymensingh,3,1116
U01317,280.0,10,21,"DEV-DC2E,DEV-6E8E",Dhaka,10,1197
U01318,570.0,9,21,DEV-3568,Cox's Bazar,7,677
U01319,890.0,8,21,DEV-D34D,Khulna,5,1265
U01320,6690.0,6,17,DEV-0096,Narayanganj,4,492
U01321,4620.0,7,17,DEV-46A5,Sylhet,6,595
U01322,3070.0,9,23,"DEV-2167,DEV-A4BA",Tangail,3,1198
U01323,580.0,12,22,DEV-4504,Jessore,10,1977
U01324,640.0,12,23,DEV-5823,Rangpur,6,1298
U01325,570.0,7,17,DEV-A6F8,Bogura,3,2199
U01326,590.0,10,23,DEV-4BD5,Noakhali,4,707
U01327,3620.0,6,17,"DEV-5CD5,DEV-7FCA",Mymensingh,14,70
U01328,900.0,10,23,DEV-1E45,Sylhet,6,790
U01329,1000.0,8,19,DEV-EF66,Chattogram,10,306
U01330,2040.0,9,22,"DEV-FB47,DEV-B687",Chattogram,8,1322
U01331,290.0,11,21,"DEV-1BB4,DEV-78F0",Narayanganj,9,2478
U01332,1140.0,8,18,DEV-5AE8,Jessore,14,1237
U01333,460.0,11,22,DEV-2A96,Chattogram,12,469
U01334,870.0,9,23,DEV-E068,Gazipur,10,1471
U01335,690.0,12,23,"DEV-6A3E,DEV-A711",Tangail,5,1849
U01336,660.0,10,23,DEV-B0ED,Rajshahi,14,2180
U01337,1310.0,8,19,DEV-51DD,Gazipur,3,1217
U01338,1310.0,11,22,"DEV-5940,DEV-F867",Noakhali,10,1078
U01339,920.0,8,19,DEV-D317,Tangail,10,1317
U01340,1480.0,9,20,DEV-8047,Barishal,15,558
U01341,550.0,6,18,DEV-8897,Chattogram,5,297
U01342,1890.0,6,19,"DEV-0213,DEV-3449",Mymensingh,6,1936
U01343,930.0,10,21,DEV-0193,Noakhali,3,370
U01344,740.0,7,17,DEV-CE50,Tangail,6,1731
U01345,580.0,12,23,DEV-F0E5,Rangpur,15,1457
U01346,900.0,11,22,"DEV-2983,DEV-47FB",Tangail,3,1194
U01347,4900.0,10,22,"DEV-5A2D,DEV-CFE2",Noakhali,13,962
U01348,1040.0,11,23,DEV-6841,Gazipur,15,2460
U01349,440.0,10,23,DEV-0B26,Mymensingh,4,1999
U01350,2290.0,6,18,"DEV-95F9,DEV-259C",Mymensingh,7,434
U01351,750.0,8,22,"DEV-A528,DEV-DB55",Jessore,14,2430
U01352,1380.0,9,20,DEV-1152,Barishal,12,350
U01353,680.0,12,23,DEV-FE7B,Bogura,3,2036
U01354,3060.0,7,21,"DEV-A9C4,DEV-0D4A",Rangpur,14,1083
U01355,680.0,9,20,"DEV-3852,DEV-2AEA",Cumilla,13,1032
U01356,3360.0,8,21,DEV-E236,Khulna,7,1275
U01357,470.0,6,18,DEV-B910,Cox's Bazar,8,1220
U01358,870.0,6,20,DEV-5F78,Noakhali,6,341
U01359,3360.0,8,19,"DEV-878C,DEV-592F",Mymensingh,9,417
U01360,1250.0,6,20,DEV-67EC,Sylhet,13,1847
U01361,6750.0,6,19,DEV-A35B,Narayanganj,11,1748
U01362,880.0,8,21,DEV-31C8,Cumilla,15,1000
U01363,1350.0,7,17,"DEV-C27A,DEV-F207",Cumilla,4,1134
U01364,5030.0,9,19,"DEV-F959,DEV-2C19",Tangail,15,976
U01365,330.0,6,19,"DEV-6967,DEV-43E7",Barishal,14,2147
U01366,300.0,8,20,DEV-A28C,Rajshahi,7,201
U01367,580.0,9,20,"DEV-5304,DEV-6508",Cox's Bazar,4,1640
U01368,2100.0,12,23,"DEV-237A,DEV-8F58",Sylhet,5,790
U01369,300.0,10,22,DEV-8946,Jessore,15,451
U01370,1770.0,12,23,DEV-8D33,Mymensingh,3,418
U01371,1670.0,8,19,"DEV-5760,DEV-C17D",Cumilla,4,1045
U01372,5490.0,9,23,DEV-9B9B,Tangail,3,388
U01373,2530.0,8,19,DEV-2D30,Bogura,5,1702
U01374,1470.0,12,23,DEV-5E2B,Tangail,13,840
U01375,3250.0,12,23,DEV-A922,Dhaka,3,2149
U01376,1690.0,12,22,DEV-1DCD,Cumilla,15,390
U01377,760.0,11,23,"DEV-5A2A,DEV-DF61",Sylhet,8,896
U01378,440.0,9,21,DEV-7116,Mymensingh,9,974
U01379,700.0,9,20,"DEV-8278,DEV-AE72",Noakhali,10,1683
U01380,1060.0,12,23,DEV-5264,Chattogram,13,761
U01381,1260.0,7,17,DEV-D391,Gazipur,11,458
U01382,200.0,8,22,"DEV-0430,DEV-78FF",Mymensingh,3,1032
U01383,920.0,12,23,DEV-990B,Sylhet,13,2264
U01384,1120.0,8,18,DEV-3D31,Bogura,4,2041
U01385,1700.0,7,19,"DEV-C851,DEV-1455",Dhaka,9,1450
U01386,4030.0,9,19,DEV-A669,Barishal,14,2489
U01387,1270.0,8,21,DEV-A223,Dhaka,9,1928
U01388,530.0,12,23,DEV-C9A7,Tangail,8,1920
U01389,260.0,12,23,"DEV-3501,DEV-27AC",Gazipur,7,1010
U01390,1900.0,8,22,DEV-949A,Gazipur,13,1254
U01391,550.0,9,22,DEV-F8C0,Chattogram,11,2353
U01392,2190.0,12,23,"DEV-C8F1,DEV-3619",Narayanganj,13,2317
U01393,3350.0,11,23,DEV-686B,Khulna,14,1808
U01394,320.0,7,19,DEV-444B,Rangpur,10,270
U01395,1710.0,10,20,DEV-C7A4,Cox's Bazar,7,409
U01396,3080.0,10,20,DEV-8327,Cox's Bazar,10,1158
U01397,2480.0,10,22,DEV-6FFD,Chattogram,7,1388
U01398,200.0,6,18,DEV-0154,Rajshahi,5,1570
U01399,550.0,8,20,DEV-A238,Noakhali,7,701
U01400,390.0,11,23,DEV-7143,Gazipur,9,1957
U01401,1670.0,7,17,DEV-0A27,Mymensingh,5,2088
U01402,1530.0,8,21,DEV-321A,Rajshahi,7,545
U01403,130.0,8,21,DEV-B9F8,Gazipur,10,1963
U01404,860.0,7,20,DEV-BFBE,Dhaka,4,402
U01405,2080.0,7,18,"DEV-7E68,DEV-C1FB",Cumilla,4,1251
U01406,1230.0,8,20,DEV-BD05,Dhaka,13,2198
U01407,1230.0,12,22,DEV-9DA0,Narayanganj,13,775
U01408,820.0,6,16,DEV-355C,Barishal,7,1721
U01409,470.0,7,21,"DEV-6BF3,DEV-D0FD",Jessore,4,2136
U01410,1080.0,6,19,DEV-4F6B,Barishal,8,1242
U01411,1140.0,9,23,"DEV-A8FA,DEV-D3D3",Bogura,5,2130
U01412,1790.0,7,20,DEV-8882,Chattogram,14,1605
U01413,1910.0,11,22,DEV-81D0,Cumilla,3,1277
U01414,1170.0,10,23,"DEV-3008,DEV-7F17",Mymensingh,9,322
U01415,2630.0,11,23,DEV-0AB3,Dhaka,7,1801
U01416,810.0,10,20,DEV-1D09,Rangpur,9,797
U01417,350.0,9,19,"DEV-8ABD,DEV-37E7",Gazipur,12,735
U01418,1610.0,12,23,DEV-58EF,Rajshahi,6,2301
U01419,1210.0,9,22,DEV-5C48,Mymensingh,14,891
U01420,1630.0,12,22,DEV-7925,Tangail,15,918
U01421,400.0,12,23,DEV-B2E7,Chattogram,8,2361
U01422,4590.0,10,23,"DEV-7231,DEV-D862",Barishal,8,745
U01423,1940.0,10,23,DEV-7B6F,Barishal,6,1848
U01424,870.0,7,21,"DEV-FE2B,DEV-FFDC",Chattogram,13,1314
U01425,520.0,11,22,DEV-6D6B,Rangpur,12,208
U01426,2600.0,10,20,"DEV-C3F6,DEV-7404",Chattogram,8,1466
U01427,450.0,12,23,"DEV-E009,DEV-C41B",Bogura,11,1160
U01428,6690.0,7,20,"DEV-56A1,DEV-523B",Narayanganj,7,1822
U01429,670.0,11,23,DEV-E178,Gazipur,11,1007
U01430,4340.0,9,22,DEV-8A5E,Chattogram,13,623
U01431,950.0,7,17,DEV-B1DC,Khulna,8,600
U01432,3880.0,7,19,DEV-AD50,Narayanganj,11,1334
U01433,610.0,9,19,DEV-2A75,Khulna,10,2487
U01434,1110.0,8,21,"DEV-3C7A,DEV-E67E",Cox's Bazar,3,1143
U01435,2090.0,6,18,DEV-4792,Noakhali,3,365
U01436,1860.0,8,20,"DEV-DE51,DEV-5B2E",Jessore,6,2060
U01437,2650.0,10,22,DEV-D8BB,Khulna,6,806
U01438,740.0,8,21,"DEV-93E2,DEV-196B",Chattogram,5,1078
U01439,1170.0,12,22,DEV-4539,Rajshahi,15,2126
U01440,2980.0,11,23,DEV-F3E1,Dhaka,10,303
U01441,620.0,9,21,"DEV-354A,DEV-3A40",Chattogram,3,356
U01442,1730.0,12,23,"DEV-2646,DEV-9C0F",Cumilla,14,527
U01443,920.0,9,20,"DEV-CF2E,DEV-EFAA",Bogura,6,959
U01444,1290.0,6,16,"DEV-E2CE,DEV-E246",Jessore,15,2148
U01445,1170.0,6,19,DEV-E79A,Rangpur,5,1596
U01446,580.0,12,23,"DEV-9157,DEV-D255",Cumilla,4,1945
U01447,890.0,12,23,DEV-A27C,Bogura,4,862
U01448,1230.0,11,23,DEV-2325,Tangail,8,1048
U01449,1010.0,6,18,DEV-063E,Mymensingh,15,1039
U01450,3860.0,8,18,DEV-1906,Jessore,10,310
U01451,2460.0,6,18,DEV-5884,Cox's Bazar,4,1388
U01452,1380.0,6,20,"DEV-7FC8,DEV-A371",Bogura,7,850
U01453,600.0,7,19,DEV-857B,Cox's Bazar,9,2383
U01454,570.0,10,23,"DEV-5DC6,DEV-BB99",Cumilla,10,1737
U01455,5320.0,6,16,DEV-DC7A,Cumilla,13,2181
U01456,490.0,12,23,DEV-390E,Gazipur,3,511
U01457,1200.0,9,22,DEV-42FA,Gazipur,3,306
U01458,1460.0,7,19,DEV-EE51,Barishal,12,1108
U01459,850.0,9,23,DEV-F872,Cox's Bazar,4,1436
U01460,490.0,11,23,DEV-4F57,Narayanganj,11,1412
U01461,590.0,8,22,DEV-826B,Bogura,7,1643
U01462,710.0,6,19,DEV-93EA,Chattogram,8,2085
U01463,620.0,6,20,"DEV-A27F,DEV-DD3C",Tangail,4,834
U01464,3170.0,11,23,DEV-1B14,Barishal,13,750
U01465,1090.0,6,18,"DEV-8600,DEV-376C",Khulna,5,682
U01466,720.0,10,21,"DEV-C0E8,DEV-98B3",Sylhet,3,926
U01467,1190.0,8,21,DEV-BFBF,Tangail,10,1506
U01468,1870.0,11,23,DEV-E7C2,Rajshahi,4,2013
U01469,830.0,6,16,DEV-CA3E,Chattogram,5,1054
U01470,2260.0,12,23,DEV-DAA8,Rangpur,5,1062
U01471,400.0,10,23,DEV-CFA0,Rangpur,11,2265
U01472,2800.0,9,22,"DEV-A019,DEV-6478",Bogura,12,877
U01473,1090.0,7,19,DEV-5613,Khulna,14,433
U01474,1060.0,12,23,DEV-5D11,Cumilla,15,881
U01475,630.0,8,19,DEV-9B7D,Dhaka,5,131
U01476,410.0,9,22,DEV-CDB1,Tangail,5,933
U01477,290.0,8,22,DEV-5DFA,Narayanganj,5,2252
U01478,600.0,7,21,DEV-9467,Sylhet,5,2030
U01479,1750.0,8,20,"DEV-69F0,DEV-9B92",Gazipur,3,2243
U01480,510.0,7,18,DEV-D199,Narayanganj,10,771
U01481,320.0,6,20,DEV-6972,Dhaka,3,1059
U01482,530.0,8,21,DEV-659B,Sylhet,3,2125
U01483,810.0,6,19,DEV-339C,Tangail,8,1892
U01484,830.0,8,21,"DEV-7FA6,DEV-74F8",Narayanganj,13,487
U01485,990.0,12,23,"DEV-28FE,DEV-F839",Tangail,9,2118
U01486,2510.0,7,19,"DEV-DC10,DEV-4A75",Mymensingh,8,284
U01487,2980.0,6,18,DEV-F1C2,Cox's Bazar,5,659
U01488,5460.0,6,20,DEV-45A2,Rangpur,11,1346
U01489,300.0,9,21,"DEV-6B3A,DEV-217A",Tangail,7,1646
U01490,550.0,7,18,DEV-9CAF,Barishal,15,2001
U01491,1920.0,9,22,DEV-7B2E,Noakhali,4,1850
U01492,760.0,6,17,DEV-446F,Dhaka,13,732
U01493,2180.0,8,18,DEV-49DC,Cox's Bazar,11,913
U01494,1290.0,8,19,"DEV-EF6B,DEV-AFE6",Dhaka,7,1813
U01495,3880.0,9,19,DEV-2728,Narayanganj,8,2366
U01496,2530.0,9,23,"DEV-2297,DEV-11ED",Bogura,15,2173
U01497,2560.0,11,23,DEV-3F4F,Cumilla,12,2418
U01498,790.0,9,20,DEV-BCF4,Dhaka,3,1698
U01499,1010.0,11,23,DEV-0FD5,Noakhali,10,1232
U01500,860.0,9,22,DEV-3FCF,Barishal,12,1923
U01501,330.0,7,21,DEV-0A9D,Khulna,7,217
U01502,3560.0,7,17,DEV-A645,Sylhet,11,2342
U01503,1990.0,8,18,DEV-D06A,Bogura,11,2299
U01504,830.0,10,23,"DEV-8772,DEV-E7E6",Sylhet,7,1276
U01505,3110.0,7,18,DEV-B03F,Barishal,3,1321
U01506,660.0,12,23,DEV-C38D,Gazipur,3,1338
U01507,250.0,9,23,DEV-504C,Cumilla,11,372
U01508,2460.0,12,23,"DEV-DD7A,DEV-A18F",Dhaka,13,538
U01509,390.0,10,20,DEV-162B,Cumilla,7,1838
U01510,940.0,8,21,DEV-1527,Rajshahi,9,110
U01511,1290.0,7,19,DEV-E5EB,Bogura,9,1727
U01512,1490.0,11,21,DEV-4672,Noakhali,14,783
U01513,2160.0,8,19,DEV-774D,Barishal,9,375
U01514,1750.0,7,19,DEV-C2A9,Cox's Bazar,10,1502
U01515,1700.0,12,23,"DEV-C4C5,DEV-06ED",Sylhet,10,708
U01516,580.0,9,20,DEV-9DA1,Khulna,4,1134
U01517,1390.0,6,18,DEV-E9C2,Rangpur,12,2164
U01518,330.0,9,19,DEV-5990,Gazipur,14,1753
U01519,3830.0,9,20,DEV-8AEE,Rajshahi,4,2424
U01520,360.0,12,23,DEV-43C9,Cox's Bazar,3,1010
U01521,830.0,10,22,DEV-B89F,Khulna,9,1030
U01522,380.0,7,20,DEV-1E3D,Cox's Bazar,12,1727
U01523,610.0,7,17,DEV-84F9,Mymensingh,4,362
U01524,1110.0,10,20,DEV-69A3,Gazipur,12,2146
U01525,720.0,6,19,"DEV-A422,DEV-7E7D",Khulna,6,899
U01526,2740.0,8,19,DEV-FB4D,Sylhet,5,1190
U01527,1310.0,6,19,DEV-FBAC,Tangail,5,1283
U01528,760.0,6,16,"DEV-48BD,DEV-098B",Sylhet,9,194
U01529,990.0,12,23,"DEV-7E22,DEV-9713",Khulna,10,772
U01530,2910.0,6,20,DEV-C06E,Bogura,9,374
U01531,2270.0,6,18,"DEV-8665,DEV-961D",Tangail,10,1539
U01532,440.0,12,23,DEV-05DC,Barishal,13,1774
U01533,640.0,7,18,DEV-C33A,Noakhali,13,49
U01534,1600.0,11,22,"DEV-5469,DEV-6268",Chattogram,12,49
U01535,1450.0,6,16,"DEV-6C44,DEV-1255",Cox's Bazar,9,2046
U01536,470.0,7,19,DEV-7E87,Narayanganj,5,856
U01537,2000.0,6,20,DEV-6195,Jessore,12,2116
U01538,540.0,10,20,DEV-3BC3,Barishal,11,1656
U01539,3110.0,10,22,DEV-3EF0,Rangpur,14,1965
U01540,1670.0,9,23,"DEV-08BA,DEV-E33F",Chattogram,12,979
U01541,440.0,7,19,DEV-4B39,Barishal,4,779
U01542,720.0,6,19,DEV-DFE2,Chattogram,10,1814
U01543,710.0,9,20,DEV-D61A,Barishal,12,1591
U01544,1250.0,7,20,DEV-751A,Rajshahi,15,1438
U01545,930.0,10,23,DEV-CECE,Narayanganj,7,932
U01546,440.0,10,22,"DEV-3619,DEV-2E45",Khulna,14,1545
U01547,360.0,11,23,DEV-E625,Narayanganj,6,991
U01548,1700.0,9,22,DEV-A573,Chattogram,7,2228
U01549,1380.0,6,16,DEV-B06D,Dhaka,15,1781
U01550,1190.0,7,17,DEV-EC73,Sylhet,5,1010
U01551,1360.0,11,23,DEV-0392,Bogura,5,2113
U01552,670.0,9,20,DEV-2C0F,Rangpur,13,205
U01553,1270.0,10,22,DEV-F62F,Chattogram,14,2082
U01554,8360.0,9,21,DEV-20F0,Khulna,4,1054
U01555,2810.0,7,20,"DEV-72D2,DEV-05AB",Rangpur,13,600
U01556,870.0,12,23,DEV-5365,Narayanganj,10,2080
U01557,720.0,11,23,DEV-2C22,Gazipur,14,1655
U01558,110.0,12,22,DEV-417B,Narayanganj,9,213
U01559,2580.0,11,23,DEV-D05E,Chattogram,10,689
U01560,2060.0,8,21,"DEV-4698,DEV-D060",Narayanganj,6,1144
U01561,710.0,7,21,DEV-E515,Barishal,10,1582
U01562,350.0,7,19,DEV-8A5A,Jessore,8,2022
U01563,440.0,12,23,DEV-89DF,Noakhali,8,936
U01564,1560.0,9,21,"DEV-5564,DEV-AAAB",Mymensingh,6,2027
U01565,1020.0,9,20,DEV-CE88,Sylhet,8,1981
U01566,1910.0,12,23,DEV-DCF7,Cox's Bazar,5,964
U01567,1180.0,10,23,DEV-31EC,Cox's Bazar,14,2345
U01568,2380.0,12,22,DEV-AFA9,Sylhet,8,2362
U01569,1470.0,12,23,"DEV-23CD,DEV-7D7F",Dhaka,8,746
U01570,2130.0,6,20,DEV-16D6,Rajshahi,15,1404
U01571,210.0,8,19,DEV-8CCC,Khulna,9,2175
U01572,410.0,11,22,DEV-D9EF,Mymensingh,12,1360
U01573,820.0,11,23,"DEV-D127,DEV-B6FF",Gazipur,15,1857
U01574,2600.0,7,21,DEV-93D8,Barishal,14,2004
U01575,4940.0,8,18,DEV-9FE4,Sylhet,7,1428
U01576,960.0,9,21,"DEV-198D,DEV-BA3A",Khulna,9,918
U01577,670.0,11,22,DEV-AE76,Dhaka,13,1326
U01578,230.0,6,20,"DEV-24BA,DEV-A1E2",Barishal,9,2085
U01579,2190.0,10,23,"DEV-6281,DEV-825E",Dhaka,6,818
U01580,710.0,8,18,DEV-D069,Noakhali,9,2115
U01581,11690.0,7,17,DEV-5274,Bogura,3,532
U01582,610.0,9,19,DEV-EAB0,Cox's Bazar,14,1171
U01583,5910.0,8,22,"DEV-6AB5,DEV-8359",Mymensingh,10,235
U01584,2000.0,10,23,"DEV-0763,DEV-1F3F",Tangail,6,2139
U01585,480.0,8,19,"DEV-481D,DEV-FA7F",Narayanganj,9,1789
U01586,1320.0,11,21,DEV-4288,Dhaka,3,322
U01587,2030.0,6,19,DEV-6520,Cox's Bazar,13,579
U01588,920.0,12,23,DEV-DA9F,Mymensingh,9,1333
U01589,2140.0,6,20,DEV-51A9,Bogura,3,1253
U01590,2110.0,11,23,DEV-D01A,Cumilla,8,307
U01591,1770.0,8,21,"DEV-1EB7,DEV-2217",Sylhet,3,2227
U01592,1080.0,8,22,DEV-033B,Mymensingh,8,1168
U01593,430.0,6,20,DEV-1FF7,Rajshahi,14,1687
U01594,1030.0,10,22,DEV-9A89,Chattogram,11,1888
U01595,1260.0,7,18,DEV-173E,Cumilla,9,448
U01596,240.0,10,21,"DEV-9CC7,DEV-995E",Rajshahi,9,853
U01597,1260.0,11,22,DEV-3BF6,Noakhali,9,1844
U01598,1010.0,11,23,DEV-0983,Sylhet,4,1941
U01599,390.0,10,23,DEV-2977,Khulna,5,560
U01600,840.0,8,22,DEV-24A2,Rangpur,13,819
U01601,850.0,11,23,DEV-872B,Gazipur,15,1956
U01602,5140.0,11,23,"DEV-EE53,DEV-6F76",Rangpur,4,879
U01603,1310.0,8,21,"DEV-A23C,DEV-4DBB",Narayanganj,14,221
U01604,2510.0,6,19,DEV-177D,Cox's Bazar,3,1259
U01605,1000.0,12,23,DEV-37DD,Cumilla,9,380
U01606,240.0,7,18,DEV-7AAD,Cumilla,13,1497
U01607,1880.0,10,21,DEV-DBFA,Rajshahi,5,2337
U01608,650.0,7,17,DEV-3FA0,Sylhet,15,279
U01609,840.0,6,17,"DEV-FBDB,DEV-A389",Rangpur,15,722
U01610,470.0,11,23,DEV-5B07,Bogura,8,1428
U01611,1160.0,7,21,"DEV-9F54,DEV-B2B8",Tangail,14,402
U01612,2570.0,10,20,DEV-AF97,Cox's Bazar,4,1351
U01613,2310.0,10,22,DEV-DD93,Cumilla,9,560
U01614,3900.0,6,20,DEV-A973,Rangpur,6,1600
U01615,4370.0,7,20,DEV-06E5,Sylhet,11,921
U01616,210.0,11,23,DEV-6093,Jessore,6,2316
U01617,420.0,9,21,"DEV-E876,DEV-3503",Dhaka,8,2098
U01618,260.0,6,17,DEV-7FC7,Tangail,12,2484
U01619,1820.0,12,23,DEV-800F,Sylhet,5,406
U01620,630.0,7,17,DEV-8E86,Bogura,13,2372
U01621,740.0,6,20,DEV-DE73,Mymensingh,11,68
U01622,920.0,12,23,DEV-8A34,Sylhet,6,571
U01623,1490.0,6,17,DEV-0020,Tangail,11,2166
U01624,330.0,9,21,DEV-3E30,Cumilla,7,2159
U01625,400.0,12,23,DEV-A18A,Bogura,10,770
U01626,1100.0,10,22,"DEV-C840,DEV-A58D",Cox's Bazar,10,2108
U01627,2860.0,10,21,"DEV-BB79,DEV-3DA2",Chattogram,13,219
U01628,1070.0,8,18,DEV-1885,Cox's Bazar,7,860
U01629,580.0,6,18,DEV-F2CE,Cox's Bazar,8,98
U01630,200.0,10,21,DEV-9012,Rajshahi,8,1307
U01631,2350.0,12,23,DEV-BD0B,Noakhali,14,2251
U01632,610.0,6,20,DEV-F4FE,Dhaka,13,1545
U01633,440.0,12,23,DEV-2EBA,Narayanganj,5,1322
U01634,280.0,8,19,DEV-DF03,Jessore,4,519
U01635,350.0,9,20,DEV-5DC5,Cox's Bazar,15,1537
U01636,510.0,7,19,DEV-A03A,Gazipur,5,830
U01637,910.0,10,23,"DEV-62FC,DEV-32DD",Bogura,5,1551
U01638,420.0,7,17,DEV-E122,Chattogram,4,352
U01639,1270.0,7,21,DEV-58E3,Jessore,5,1319
U01640,900.0,11,23,DEV-0658,Cox's Bazar,3,1259
U01641,6490.0,6,16,"DEV-267D,DEV-F623",Khulna,10,1930
U01642,280.0,9,20,"DEV-D269,DEV-AA21",Chattogram,9,2275
U01643,1250.0,10,23,DEV-C756,Narayanganj,4,2268
U01644,1260.0,6,18,DEV-A60D,Barishal,11,873
U01645,480.0,8,20,DEV-E90C,Jessore,5,1613
U01646,1180.0,8,18,DEV-1983,Barishal,9,1643
U01647,2030.0,10,22,DEV-103A,Khulna,12,2114
U01648,1180.0,12,23,DEV-B1E2,Rangpur,8,2023
U01649,3320.0,11,23,DEV-F6F6,Tangail,7,53
U01650,190.0,7,19,"DEV-94D1,DEV-F766",Jessore,14,2008
U01651,560.0,6,18,DEV-66A2,Gazipur,13,1216
U01652,3570.0,6,17,DEV-ACA5,Narayanganj,13,2377
U01653,2270.0,10,23,DEV-8252,Sylhet,5,1521
U01654,1690.0,7,20,DEV-E1B9,Cumilla,6,985
U01655,2940.0,7,20,DEV-A5B0,Bogura,8,527
U01656,240.0,11,23,"DEV-703D,DEV-3EA2",Tangail,5,2374
U01657,2070.0,12,23,"DEV-503A,DEV-1324",Rangpur,8,425
U01658,2570.0,11,23,DEV-2784,Cox's Bazar,6,252
U01659,650.0,7,21,"DEV-8245,DEV-0815",Rajshahi,9,366
U01660,8990.0,10,21,DEV-78A8,Bogura,12,1392
U01661,1280.0,10,20,DEV-0AC0,Bogura,8,733
U01662,190.0,7,17,DEV-2977,Cumilla,12,1464
U01663,1490.0,9,22,DEV-B109,Bogura,8,2063
U01664,620.0,9,23,DEV-0762,Barishal,9,748
U01665,2780.0,8,21,DEV-5629,Rangpur,7,98
U01666,1700.0,11,23,DEV-30BD,Cumilla,4,917
U01667,680.0,10,20,"DEV-0DD6,DEV-354C",Sylhet,3,1517
U01668,3650.0,9,21,DEV-1CB9,Noakhali,5,1829
U01669,2330.0,11,23,"DEV-149F,DEV-AA4F",Rangpur,11,198
U01670,570.0,11,21,DEV-1FFB,Gazipur,4,2199
U01671,970.0,9,22,"DEV-F04C,DEV-7C92",Barishal,9,1495
U01672,1660.0,7,18,DEV-6870,Rangpur,4,1219
U01673,820.0,11,21,DEV-E032,Jessore,7,652
U01674,840.0,11,23,DEV-C713,Noakhali,6,2398
U01675,1130.0,12,23,"DEV-6BA2,DEV-F93B",Mymensingh,5,418
U01676,470.0,7,19,DEV-87DA,Dhaka,9,1138
U01677,180.0,8,20,DEV-B552,Khulna,14,1180
U01678,1330.0,12,23,"DEV-F839,DEV-B916",Narayanganj,11,1381
U01679,220.0,9,21,DEV-9745,Dhaka,6,600
U01680,500.0,12,23,"DEV-9DAB,DEV-A771",Cox's Bazar,14,2360
U01681,270.0,6,20,DEV-FA48,Gazipur,14,964
U01682,290.0,6,18,DEV-B379,Narayanganj,12,1789
U01683,1540.0,11,21,DEV-4CBF,Sylhet,5,1593
U01684,920.0,8,19,DEV-05A0,Khulna,5,531
U01685,890.0,9,22,DEV-C871,Rangpur,15,2342
U01686,380.0,8,19,DEV-7CF6,Cumilla,14,1166
U01687,650.0,8,21,DEV-6A42,Jessore,8,1556
U01688,1480.0,12,23,"DEV-EF64,DEV-27C9",Gazipur,8,1625
U01689,1050.0,6,18,"DEV-099B,DEV-BD46",Tangail,9,1282
U01690,2120.0,11,21,DEV-EC95,Noakhali,14,1605
U01691,2370.0,12,23,DEV-D452,Rangpur,6,1405
U01692,900.0,10,23,DEV-DEFC,Dhaka,11,1859
U01693,250.0,8,18,"DEV-DD13,DEV-AF80",Bogura,15,1196
U01694,600.0,7,21,"DEV-EBFF,DEV-575D",Bogura,6,2036
U01695,1010.0,10,20,DEV-BEB1,Rangpur,6,1420
U01696,590.0,9,21,DEV-1792,Cumilla,4,2496
U01697,470.0,7,19,"DEV-8711,DEV-4A67",Rajshahi,12,1438
U01698,1160.0,8,21,"DEV-F04D,DEV-6FA7",Rajshahi,6,1487
U01699,7660.0,12,23,DEV-35A5,Rangpur,3,1245
U01700,740.0,7,18,"DEV-91C0,DEV-13CA",Sylhet,9,1011
U01701,1090.0,7,21,DEV-2074,Rajshahi,10,1977
U01702,380.0,10,21,DEV-6E7E,Cox's Bazar,3,1597
U01703,2970.0,7,20,"DEV-A181,DEV-950B",Khulna,12,995
U01704,2210.0,12,23,DEV-0E2E,Rangpur,10,2023
U01705,2090.0,12,22,DEV-AE13,Cox's Bazar,9,298
U01706,3250.0,12,23,"DEV-0EC3,DEV-D0BE",Tangail,7,183
U01707,780.0,12,23,"DEV-0A04,DEV-06D9",Rangpur,11,1618
U01708,860.0,7,18,DEV-8480,Cumilla,12,1161
U01709,4310.0,7,21,DEV-CD52,Chattogram,12,1996
U01710,1820.0,8,21,"DEV-C3D8,DEV-99A1",Noakhali,8,1670
U01711,190.0,9,20,DEV-2DB3,Barishal,9,1956
U01712,1580.0,12,23,"DEV-F3F3,DEV-0542",Rangpur,6,685
U01713,690.0,11,23,DEV-590F,Tangail,5,652
U01714,2250.0,10,20,DEV-C10B,Sylhet,14,650
U01715,1520.0,12,22,DEV-9DF1,Chattogram,8,1628
U01716,270.0,10,22,"DEV-CA58,DEV-C43B",Mymensingh,6,1695
U01717,1360.0,8,22,"DEV-F08B,DEV-8431",Tangail,12,2496
U01718,1300.0,8,22,DEV-D228,Gazipur,12,565
U01719,1470.0,9,21,DEV-27E9,Tangail,6,288
U01720,1740.0,6,19,"DEV-2C8F,DEV-0CBF",Barishal,5,2396
U01721,3630.0,11,23,DEV-345A,Barishal,11,1321
U01722,1530.0,10,23,DEV-1C84,Tangail,14,935
U01723,1120.0,11,23,"DEV-D300,DEV-7EB1",Sylhet,4,784
U01724,2750.0,9,23,"DEV-71B6,DEV-A3BC",Bogura,6,2212
U01725,6600.0,11,22,"DEV-5C0B,DEV-920D",Dhaka,15,1984
U01726,2280.0,12,23,DEV-00E7,Mymensingh,12,462
U01727,1290.0,9,22,DEV-B680,Dhaka,10,832
U01728,1550.0,9,22,"DEV-DF1A,DEV-09FB",Dhaka,7,2179
U01729,1350.0,6,16,DEV-149C,Rajshahi,9,1841
U01730,1110.0,11,23,DEV-22E7,Sylhet,5,2043
U01731,6200.0,12,22,"DEV-9BA9,DEV-C2D9",Jessore,13,426
U01732,600.0,10,23,DEV-D2AA,Cox's Bazar,9,1460
U01733,2760.0,12,22,"DEV-C7FA,DEV-93BC",Tangail,13,195
U01734,990.0,12,23,DEV-B3C8,Rangpur,14,1142
U01735,340.0,11,23,"DEV-47A9,DEV-BED3",Gazipur,4,287
U01736,940.0,9,20,DEV-2ED3,Mymensingh,14,692
U01737,710.0,6,20,DEV-F6A3,Khulna,6,672
U01738,1740.0,6,17,"DEV-0AB0,DEV-F1B7",Barishal,7,495
U01739,1180.0,7,17,DEV-75E6,Barishal,8,2128
U01740,480.0,9,19,"DEV-A4FC,DEV-28E9",Cox's Bazar,6,946
U01741,3560.0,11,23,DEV-51BF,Rajshahi,7,401
U01742,2620.0,9,20,"DEV-DCBB,DEV-039C",Tangail,12,2471
U01743,3900.0,6,20,"DEV-3110,DEV-A1B0",Barishal,7,112
U01744,1330.0,7,17,DEV-CDDF,Bogura,10,396
U01745,1070.0,12,22,DEV-6E69,Cox's Bazar,7,2138
U01746,1930.0,12,23,DEV-1668,Noakhali,7,1144
U01747,690.0,8,18,"DEV-25A3,DEV-E3EC",Khulna,4,955
U01748,1220.0,11,23,"DEV-371A,DEV-9421",Narayanganj,14,783
U01749,950.0,11,22,"DEV-EFBF,DEV-6027",Gazipur,4,1484
U01750,340.0,12,23,DEV-10F3,Sylhet,10,916
U01751,1210.0,12,22,DEV-D020,Mymensingh,6,236
U01752,770.0,10,21,"DEV-C996,DEV-A6AB",Jessore,15,2410
U01753,900.0,8,21,"DEV-E6EB,DEV-C698",Dhaka,3,2271
U01754,1470.0,10,22,DEV-B036,Khulna,8,465
U01755,3040.0,8,20,DEV-555D,Tangail,9,1275
U01756,560.0,8,22,DEV-0FB4,Noakhali,15,1150
U01757,840.0,10,22,DEV-B9D5,Tangail,4,251
U01758,590.0,9,23,DEV-D888,Tangail,13,1014
U01759,560.0,10,23,DEV-B1F0,Chattogram,3,1595
U01760,680.0,8,20,DEV-A73D,Mymensingh,6,287
U01761,940.0,8,19,"DEV-B7E2,DEV-46EB",Barishal,13,932
U01762,1750.0,6,17,"DEV-1DEF,DEV-A130",Khulna,7,650
U01763,1420.0,10,23,"DEV-F16D,DEV-22F4",Jessore,10,902
U01764,470.0,10,21,DEV-123A,Cox's Bazar,8,1585
U01765,3090.0,12,23,DEV-B527,Khulna,14,1038
U01766,2330.0,9,19,DEV-6C32,Mymensingh,4,1926
U01767,530.0,9,20,DEV-E729,Khulna,15,1285
U01768,2920.0,6,20,DEV-78CA,Mymensingh,6,1739
U01769,1420.0,7,19,"DEV-858C,DEV-0FD2",Tangail,10,1559
U01770,970.0,8,22,"DEV-F3BC,DEV-54B6",Jessore,6,2047
U01771,1460.0,8,19,"DEV-7026,DEV-A10E",Narayanganj,13,391
U01772,1070.0,8,21,DEV-DB88,Noakhali,12,2477
U01773,1700.0,8,22,DEV-CB8A,Barishal,5,1893
U01774,1270.0,11,23,DEV-C60D,Rangpur,6,519
U01775,840.0,6,18,DEV-1B05,Chattogram,12,97
U01776,220.0,8,21,"DEV-16A3,DEV-D4CD",Khulna,9,93
U01777,1670.0,7,21,DEV-E9A2,Cumilla,10,1756
U01778,810.0,8,22,"DEV-9FAC,DEV-E910",Chattogram,7,1074
U01779,2040.0,10,23,DEV-514A,Noakhali,11,482
U01780,1610.0,6,16,"DEV-59F6,DEV-2B89",Gazipur,15,814
U01781,830.0,8,20,"DEV-CB1E,DEV-AB5D",Bogura,4,1133
U01782,2490.0,6,19,DEV-3981,Bogura,12,131
U01783,1290.0,12,23,"DEV-FFCC,DEV-07C7",Rangpur,15,1417
U01784,1250.0,11,21,DEV-C531,Noakhali,5,119
U01785,980.0,7,19,"DEV-353B,DEV-C8B2",Chattogram,8,1629
U01786,4220.0,7,17,"DEV-7BE6,DEV-3BE8",Dhaka,10,180
U01787,620.0,6,16,"DEV-0EC9,DEV-9F0A",Noakhali,13,1983
U01788,850.0,9,19,"DEV-28F6,DEV-7323",Gazipur,11,655
U01789,410.0,11,23,DEV-F34E,Cumilla,15,1305
U01790,1960.0,10,21,"DEV-E33C,DEV-7E6B",Bogura,10,983
U01791,690.0,12,23,DEV-BB4D,Barishal,14,2203
U01792,750.0,8,19,DEV-D2B5,Narayanganj,9,1992
U01793,730.0,7,21,DEV-9B45,Narayanganj,7,2388
U01794,1150.0,9,23,"DEV-34E5,DEV-CFB9",Noakhali,11,1797
U01795,400.0,7,20,DEV-16A9,Barishal,8,2440
U01796,180.0,12,23,DEV-85BD,Cox's Bazar,11,586
U01797,1580.0,7,17,"DEV-C7D1,DEV-9213",Barishal,11,819
U01798,200.0,9,23,DEV-594C,Mymensingh,3,2029
U01799,2170.0,9,21,DEV-6A92,Sylhet,9,109
U01800,3820.0,6,18,DEV-75B5,Dhaka,3,471
U01801,960.0,9,19,DEV-BE78,Barishal,8,1798
U01802,3100.0,9,23,"DEV-FDFB,DEV-C750",Bogura,11,1017
U01803,1080.0,7,17,DEV-5107,Rajshahi,11,652
U01804,3940.0,6,20,DEV-1C77,Noakhali,4,779
U01805,760.0,6,19,"DEV-791F,DEV-DBA4",Bogura,14,1926
U01806,170.0,6,19,"DEV-A282,DEV-5261",Barishal,12,1216
U01807,1030.0,9,19,"DEV-16CD,DEV-4091",Barishal,7,42
U01808,4300.0,6,19,DEV-B767,Narayanganj,8,1305
U01809,1680.0,12,23,"DEV-AB83,DEV-73A4",Cox's Bazar,4,1949
U01810,730.0,7,18,DEV-5579,Dhaka,7,441
U01811,1430.0,10,22,DEV-2CCD,Dhaka,11,203
U01812,2380.0,10,20,DEV-F8F2,Jessore,14,1580
U01813,1020.0,9,21,"DEV-6E37,DEV-C467",Dhaka,10,2201
U01814,8970.0,12,23,DEV-75ED,Barishal,6,204
U01815,720.0,6,17,"DEV-91B7,DEV-A406",Narayanganj,14,1638
U01816,2450.0,7,20,DEV-5B17,Mymensingh,10,1953
U01817,2020.0,7,17,DEV-EFE7,Chattogram,12,429
U01818,630.0,6,19,DEV-7511,Cumilla,12,673
U01819,780.0,8,20,DEV-C3DA,Barishal,8,1284
U01820,2480.0,8,19,DEV-EA95,Rajshahi,3,1538
U01821,1230.0,11,22,"DEV-61E7,DEV-3BE7",Narayanganj,11,1277
U01822,1440.0,8,19,"DEV-F839,DEV-C930",Dhaka,14,483
U01823,300.0,12,23,DEV-CA73,Dhaka,14,2201
U01824,1850.0,11,23,DEV-F22E,Narayanganj,14,1069
U01825,1380.0,12,23,DEV-0727,Cumilla,7,1344
U01826,1040.0,6,16,DEV-F1D8,Chattogram,14,1353
U01827,1460.0,12,23,DEV-1DD8,Barishal,3,1389
U01828,790.0,10,23,DEV-2532,Cox's Bazar,7,746
U01829,680.0,12,23,"DEV-37CF,DEV-1D01",Bogura,11,817
U01830,900.0,8,20,DEV-1560,Cumilla,7,372
U01831,760.0,12,23,DEV-200A,Khulna,3,1829
U01832,6280.0,10,23,DEV-7C44,Jessore,5,804
U01833,2270.0,6,17,DEV-5F5B,Tangail,15,154
U01834,510.0,8,21,DEV-5738,Barishal,8,145
U01835,5590.0,6,19,DEV-2BFC,Narayanganj,5,2420
U01836,780.0,12,23,"DEV-F910,DEV-551B",Noakhali,11,1086
U01837,1120.0,8,18,DEV-7904,Barishal,7,1527
U01838,2250.0,7,18,DEV-2469,Dhaka,8,1349
U01839,230.0,9,20,DEV-364F,Cumilla,15,2118
U01840,910.0,8,21,DEV-3BFC,Barishal,10,2223
U01841,690.0,6,18,DEV-F880,Jessore,4,1959
U01842,1290.0,11,23,DEV-2D1F,Noakhali,15,2455
U01843,1470.0,11,23,DEV-838D,Narayanganj,3,568
U01844,1030.0,11,23,DEV-8B4F,Bogura,11,1139
U01845,990.0,10,23,"DEV-12B3,DEV-59D7",Tangail,4,744
U01846,2570.0,8,18,"DEV-14B4,DEV-2CC8",Jessore,6,2087
U01847,1400.0,9,23,DEV-ACDF,Bogura,15,716
U01848,1130.0,9,20,DEV-9183,Jessore,5,1991
U01849,1230.0,7,20,"DEV-7EAA,DEV-36A4",Barishal,15,587
U01850,4760.0,6,20,"DEV-9FCC,DEV-E796",Rangpur,6,1741
U01851,1260.0,7,19,"DEV-D982,DEV-2C56",Barishal,7,69
U01852,730.0,9,22,DEV-AE6E,Tangail,15,1978
U01853,240.0,7,19,DEV-3E70,Sylhet,12,2072
U01854,350.0,6,16,DEV-DC9D,Jessore,6,1420
U01855,750.0,11,21,"DEV-7915,DEV-BE20",Dhaka,12,1358
U01856,1010.0,8,19,DEV-8A0F,Rajshahi,9,1164
U01857,700.0,10,23,DEV-ACA4,Cox's Bazar,4,1490
U01858,1450.0,9,20,DEV-EF54,Narayanganj,6,1426
U01859,700.0,11,23,DEV-227B,Jessore,6,1244
U01860,530.0,11,23,DEV-E751,Barishal,9,1315
U01861,1790.0,8,19,DEV-7B9A,Gazipur,14,337
U01862,3280.0,11,23,DEV-245F,Chattogram,10,1180
U01863,450.0,8,21,"DEV-6EDE,DEV-0E4C",Chattogram,5,1107
U01864,1330.0,11,23,DEV-8A6A,Khulna,10,2241
U01865,240.0,8,21,DEV-78EA,Cumilla,9,755
U01866,340.0,6,20,"DEV-6421,DEV-71B9",Cox's Bazar,8,2421
U01867,680.0,11,23,"DEV-9ED4,DEV-D3A3",Jessore,6,2233
U01868,2720.0,6,19,DEV-6477,Gazipur,12,1964
U01869,590.0,11,21,DEV-044F,Barishal,10,1761
U01870,570.0,6,16,DEV-8EBF,Jessore,8,812
U01871,1130.0,7,21,DEV-F1D7,Mymensingh,5,431
U01872,1130.0,10,23,DEV-6516,Dhaka,4,1980
U01873,590.0,12,22,DEV-1F66,Dhaka,5,1763
U01874,5370.0,8,20,DEV-E6D9,Rangpur,11,2084
U01875,890.0,6,20,DEV-6B56,Cox's Bazar,3,1384
U01876,1200.0,7,17,DEV-5F97,Dhaka,3,2248
U01877,800.0,12,23,DEV-4B9B,Gazipur,15,231
U01878,1560.0,11,23,"DEV-BB1D,DEV-2551",Narayanganj,6,300
U01879,2950.0,6,20,DEV-9D1D,Sylhet,4,201
U01880,4150.0,8,19,DEV-5945,Cox's Bazar,15,824
U01881,600.0,7,21,DEV-62B1,Tangail,8,394
U01882,2650.0,7,20,"DEV-3737,DEV-CEC0",Cumilla,3,130
U01883,1700.0,11,23,"DEV-741A,DEV-ED74",Bogura,8,2031
U01884,2390.0,10,23,DEV-D3F5,Dhaka,3,415
U01885,1020.0,7,21,DEV-C2AE,Barishal,6,2079
U01886,940.0,10,21,DEV-7340,Mymensingh,15,1617
U01887,2320.0,8,18,DEV-F2D5,Noakhali,13,1532
U01888,2350.0,6,19,"DEV-95BE,DEV-6FB1",Noakhali,8,318
U01889,3840.0,9,19,DEV-58F1,Dhaka,7,68
U01890,1290.0,7,20,"DEV-E9E9,DEV-4113",Rajshahi,10,374
U01891,1010.0,7,18,DEV-E04F,Chattogram,11,813
U01892,150.0,12,23,DEV-3A86,Dhaka,12,2392
U01893,300.0,10,23,"DEV-C32B,DEV-483B",Gazipur,10,1020
U01894,800.0,6,16,DEV-D5CE,Cox's Bazar,4,606
U01895,450.0,11,21,"DEV-D5E9,DEV-BAE9",Cumilla,14,732
U01896,2100.0,10,23,DEV-FDF8,Bogura,7,857
U01897,380.0,12,23,"DEV-8326,DEV-D6B5",Bogura,13,1465
U01898,730.0,11,21,DEV-8D6A,Noakhali,13,2021
U01899,760.0,8,22,DEV-09E9,Barishal,5,183
U01900,2870.0,9,20,"DEV-6AED,DEV-084F",Tangail,9,1943
U01901,670.0,9,23,DEV-AA0E,Rajshahi,12,79
U01902,1570.0,11,21,DEV-2705,Jessore,7,824
U01903,1280.0,7,18,"DEV-5325,DEV-DF14",Jessore,13,1482
U01904,2260.0,8,20,DEV-BD59,Barishal,9,289
U01905,2160.0,7,19,"DEV-5606,DEV-814E",Sylhet,14,683
U01906,1070.0,8,21,DEV-94BE,Gazipur,14,1607
U01907,280.0,7,17,DEV-5A6A,Chattogram,15,1725
U01908,910.0,6,17,DEV-BFF3,Khulna,5,234
U01909,1080.0,12,23,DEV-25B0,Rajshahi,12,1950
U01910,1380.0,6,18,"DEV-6D2D,DEV-4169",Narayanganj,12,1037
U01911,610.0,12,23,DEV-ADD8,Jessore,8,1539
U01912,2730.0,6,18,DEV-A3E3,Gazipur,5,555
U01913,1110.0,11,23,DEV-CE9A,Khulna,6,2474
U01914,530.0,8,19,DEV-5EAE,Rajshahi,9,1909
U01915,760.0,9,20,DEV-3B13,Tangail,14,1618
U01916,5130.0,7,17,"DEV-087D,DEV-DC50",Chattogram,14,489
U01917,1870.0,9,20,"DEV-5469,DEV-C12C",Noakhali,14,1938
U01918,2540.0,9,20,"DEV-5DC9,DEV-54FE",Mymensingh,15,962
U01919,480.0,9,20,DEV-3BFA,Jessore,4,1613
U01920,630.0,8,21,DEV-C805,Jessore,15,1635
U01921,640.0,9,21,DEV-494B,Jessore,10,2019
U01922,1270.0,11,23,"DEV-4BDA,DEV-B475",Rajshahi,4,2095
U01923,950.0,9,19,DEV-849A,Rangpur,4,994
U01924,740.0,8,22,DEV-BF0A,Sylhet,6,230
U01925,820.0,6,16,DEV-1A82,Cox's Bazar,6,1102
U01926,580.0,8,18,"DEV-F579,DEV-3C99",Narayanganj,4,1018
U01927,950.0,6,18,"DEV-1E3A,DEV-1BFF",Rangpur,7,857
U01928,2670.0,7,20,"DEV-4FCC,DEV-6C6A",Narayanganj,10,1236
U01929,330.0,12,23,DEV-13B9,Sylhet,7,1453
U01930,1450.0,6,16,"DEV-9F5F,DEV-9D00",Tangail,11,1569
U01931,3310.0,9,23,DEV-C6EF,Narayanganj,12,955
U01932,950.0,11,23,DEV-0432,Cox's Bazar,8,1552
U01933,720.0,12,23,DEV-18A3,Noakhali,4,2470
U01934,2300.0,7,18,DEV-3492,Sylhet,7,1637
U01935,500.0,7,19,DEV-702A,Sylhet,10,1519
U01936,1080.0,8,21,DEV-9643,Dhaka,8,735
U01937,480.0,9,21,DEV-33AA,Jessore,10,859
U01938,250.0,12,22,DEV-5BD5,Mymensingh,13,157
U01939,970.0,7,21,"DEV-8375,DEV-8B5B",Tangail,13,1285
U01940,400.0,7,21,DEV-86C2,Cumilla,11,213
U01941,1090.0,7,17,DEV-A3E5,Rajshahi,4,1958
U01942,2680.0,12,23,DEV-C16E,Mymensingh,12,2393
U01943,4830.0,6,20,"DEV-D6C3,DEV-F71F",Sylhet,7,2021
U01944,1180.0,8,20,DEV-6493,Sylhet,8,416
U01945,2480.0,6,16,DEV-5403,Gazipur,12,1603
U01946,1510.0,7,20,DEV-4765,Tangail,13,1093
U01947,810.0,12,23,DEV-599E,Khulna,12,35
U01948,240.0,6,17,DEV-89EE,Jessore,6,1799
U01949,4030.0,8,18,DEV-9AAB,Mymensingh,8,2175
U01950,470.0,12,23,DEV-11D6,Rangpur,7,1170
U01951,3320.0,10,23,DEV-FFAE,Sylhet,9,2277
U01952,1680.0,6,18,DEV-0ABA,Sylhet,12,167
U01953,500.0,9,19,DEV-66A6,Khulna,15,2182
U01954,1410.0,12,23,DEV-73C5,Gazipur,8,1712
U01955,6040.0,8,22,DEV-5863,Barishal,7,1687
U01956,3750.0,9,19,DEV-37D3,Chattogram,14,1272
U01957,730.0,9,21,DEV-87D0,Cumilla,4,96
U01958,620.0,10,21,DEV-01D8,Mymensingh,8,1146
U01959,1190.0,7,17,DEV-BE4D,Dhaka,15,2378
U01960,960.0,11,23,DEV-ADEA,Dhaka,14,1172
U01961,2860.0,12,23,DEV-C55B,Narayanganj,13,197
U01962,1980.0,6,19,DEV-D0EE,Jessore,14,1250
U01963,280.0,11,21,DEV-E333,Jessore,6,399
U01964,1580.0,11,21,DEV-25DB,Dhaka,3,1070
U01965,950.0,11,23,DEV-D5C3,Cumilla,14,1580
U01966,1130.0,8,19,"DEV-905B,DEV-1F9D",Dhaka,9,195
U01967,1340.0,9,20,DEV-FBE5,Dhaka,6,1170
U01968,2860.0,11,23,DEV-CFCC,Tangail,9,1278
U01969,2400.0,7,20,"DEV-44CC,DEV-E3FB",Rajshahi,13,1894
U01970,600.0,11,23,DEV-BB15,Jessore,9,197
U01971,1050.0,12,23,DEV-7273,Mymensingh,11,1593
U01972,770.0,10,20,DEV-297F,Khulna,9,1565
U01973,290.0,8,20,"DEV-BB28,DEV-EE9C",Jessore,9,40
U01974,1000.0,9,21,"DEV-3155,DEV-001C",Narayanganj,15,325
U01975,4800.0,6,19,DEV-3AC0,Rajshahi,15,1617
U01976,280.0,12,23,"DEV-4B73,DEV-610F",Rajshahi,8,2154
U01977,1080.0,8,22,DEV-F9F6,Rangpur,13,2149
U01978,1050.0,6,20,DEV-F6A3,Narayanganj,12,1928
U01979,1380.0,11,23,DEV-ABB1,Bogura,4,2134
U01980,510.0,10,21,DEV-37A6,Noakhali,14,1528
U01981,350.0,10,21,DEV-363B,Cox's Bazar,12,418
U01982,360.0,6,18,"DEV-14E5,DEV-CA96",Cox's Bazar,14,1342
U01983,3180.0,11,23,DEV-3888,Mymensingh,13,887
U01984,500.0,10,20,DEV-E5E8,Jessore,15,660
U01985,740.0,11,22,DEV-99B0,Bogura,10,325
U01986,5910.0,11,23,DEV-7CBD,Tangail,3,78
U01987,610.0,7,19,DEV-EDE4,Chattogram,6,1886
U01988,1440.0,7,21,"DEV-27F1,DEV-76B5",Narayanganj,4,450
U01989,2570.0,12,23,DEV-4232,Rajshahi,6,1580
U01990,2470.0,9,23,DEV-2E5D,Rangpur,10,777
U01991,380.0,9,23,DEV-F16E,Cox's Bazar,15,1226
U01992,620.0,8,19,"DEV-9AF2,DEV-293D",Chattogram,12,1011
U01993,1400.0,10,23,"DEV-1B7B,DEV-4FD8",Gazipur,8,770
U01994,5130.0,11,23,DEV-D568,Noakhali,9,1217
U01995,600.0,6,19,DEV-2541,Cumilla,9,1974
U01996,740.0,9,23,DEV-BDE0,Dhaka,8,1274
U01997,1530.0,12,22,"DEV-1B08,DEV-5637",Mymensingh,10,1984
U01998,1800.0,7,17,"DEV-85A2,DEV-2107",Cox's Bazar,15,2279
U01999,1890.0,7,17,"DEV-658E,DEV-448E",Cox's Bazar,4,1243
U02000,560.0,12,23,DEV-0BD1,Noakhali,7,2012
U02001,720.0,6,19,DEV-0040,Dhaka,4,337
U02002,1300.0,8,22,DEV-252B,Gazipur,14,1427
U02003,3010.0,9,21,DEV-BF9C,Noakhali,5,1179
U02004,910.0,11,23,DEV-09A3,Bogura,11,43
U02005,1080.0,6,20,DEV-816F,Narayanganj,3,2243
U02006,480.0,9,21,DEV-064B,Rajshahi,9,1861
U02007,4870.0,7,19,"DEV-3735,DEV-2DB0",Noakhali,14,1472
U02008,1240.0,11,21,"DEV-56FF,DEV-BE5F",Cox's Bazar,15,1748
U02009,2600.0,10,21,"DEV-6BCB,DEV-03C7",Cox's Bazar,4,1892
U02010,1120.0,9,22,"DEV-2509,DEV-4DF1",Khulna,11,1950
U02011,1170.0,8,21,"DEV-4745,DEV-9095",Jessore,5,757
U02012,330.0,7,19,DEV-59D2,Dhaka,12,1062
U02013,200.0,12,23,DEV-BE62,Cox's Bazar,9,877
U02014,2990.0,10,23,DEV-40A1,Narayanganj,13,2280
U02015,1170.0,8,18,DEV-AD89,Tangail,14,319
U02016,1290.0,8,22,DEV-19C8,Dhaka,7,2270
U02017,400.0,11,23,"DEV-FD08,DEV-FC96",Cox's Bazar,3,876
U02018,530.0,11,22,"DEV-468F,DEV-3BF3",Barishal,7,1953
U02019,2570.0,9,20,"DEV-0009,DEV-F9D9",Barishal,5,448
U02020,4410.0,8,22,"DEV-09C8,DEV-0089",Mymensingh,4,2113
U02021,670.0,10,21,"DEV-18F6,DEV-4B80",Khulna,12,1361
U02022,1880.0,10,20,DEV-F9A8,Tangail,14,2462
U02023,1280.0,10,20,"DEV-2AA5,DEV-91EE",Chattogram,9,1002
U02024,1000.0,6,17,"DEV-A682,DEV-CCA2",Mymensingh,9,2486
U02025,4830.0,9,22,"DEV-B30A,DEV-FC2D",Narayanganj,10,2094
U02026,760.0,10,22,DEV-A963,Dhaka,14,50
U02027,2960.0,12,23,DEV-D821,Mymensingh,3,975
U02028,1490.0,9,20,"DEV-51E0,DEV-6859",Mymensingh,9,1032
U02029,1080.0,8,19,DEV-BCB6,Gazipur,14,554
U02030,3290.0,9,21,DEV-E038,Bogura,5,2199
U02031,1380.0,7,20,DEV-014D,Tangail,10,238
U02032,1020.0,6,18,DEV-6F09,Bogura,3,668
U02033,3310.0,10,23,DEV-CD62,Narayanganj,13,653
U02034,2980.0,12,22,"DEV-1D2C,DEV-5A51",Chattogram,11,1063
U02035,2870.0,11,23,"DEV-8C51,DEV-1536",Chattogram,15,1752
U02036,50.0,10,22,"DEV-EA6D,DEV-5E24",Rangpur,6,47
U02037,1560.0,6,16,DEV-C8D6,Narayanganj,12,1576
U02038,1300.0,12,23,DEV-6D6C,Sylhet,13,1030
U02039,1070.0,9,20,DEV-66E4,Dhaka,3,1561
U02040,1790.0,8,20,DEV-F749,Khulna,12,182
U02041,1350.0,12,22,DEV-DAD7,Gazipur,12,2149
U02042,1890.0,11,22,"DEV-840E,DEV-76D4",Rajshahi,10,1456
U02043,890.0,11,23,"DEV-C7E2,DEV-AF3F",Rangpur,10,654
U02044,3640.0,7,17,DEV-FAB0,Tangail,13,1980
U02045,2050.0,12,23,DEV-5548,Cumilla,4,1192
U02046,1690.0,9,21,DEV-1CD8,Sylhet,8,994
U02047,1630.0,9,19,DEV-31D8,Jessore,6,445
U02048,2770.0,11,23,DEV-8716,Tangail,13,1241
U02049,2480.0,10,22,DEV-503F,Rajshahi,5,570
U02050,1000.0,7,18,DEV-CF2E,Sylhet,3,1842
U02051,2420.0,8,19,DEV-E009,Bogura,15,946
U02052,1260.0,8,21,"DEV-2FD7,DEV-FD60",Jessore,8,322
U02053,5080.0,12,22,DEV-A197,Bogura,13,1776
U02054,2640.0,11,23,DEV-438F,Mymensingh,6,2117
U02055,660.0,8,19,DEV-3380,Gazipur,12,2089
U02056,7080.0,11,22,DEV-2A55,Cumilla,15,1227
U02057,200.0,11,21,DEV-789A,Dhaka,12,788
U02058,1830.0,8,22,"DEV-1232,DEV-2192",Rajshahi,6,576
U02059,630.0,8,19,"DEV-C0F9,DEV-7D24",Noakhali,10,1012
U02060,4940.0,12,23,DEV-872A,Narayanganj,13,280
U02061,1340.0,9,20,DEV-531D,Bogura,14,2222
U02062,580.0,7,17,DEV-8E5C,Rajshahi,6,645
U02063,890.0,11,23,DEV-57C8,Gazipur,5,1957
U02064,620.0,10,22,DEV-0B92,Narayanganj,8,981
U02065,860.0,9,21,"DEV-9175,DEV-14C0",Mymensingh,6,1735
U02066,840.0,11,23,DEV-B057,Jessore,12,2279
U02067,600.0,12,23,DEV-EA23,Sylhet,10,1035
U02068,1360.0,8,21,DEV-AADD,Cox's Bazar,9,2413
U02069,1500.0,8,19,DEV-93A4,Dhaka,13,872
U02070,490.0,7,17,"DEV-F6DC,DEV-381D",Rangpur,5,658
U02071,290.0,10,22,DEV-C622,Narayanganj,13,1816
U02072,1410.0,8,20,DEV-351B,Cox's Bazar,10,377
U02073,1680.0,8,20,DEV-001F,Jessore,15,260
U02074,1970.0,10,23,"DEV-3DAB,DEV-809F",Dhaka,10,939
U02075,1700.0,8,22,DEV-1052,Rajshahi,12,1372
U02076,3860.0,9,19,DEV-475B,Bogura,5,1186
U02077,2430.0,9,19,DEV-0CBD,Barishal,6,180
U02078,9360.0,7,18,DEV-3E4A,Khulna,10,1384
U02079,13100.0,6,18,"DEV-B850,DEV-26F4",Gazipur,5,1569
U02080,270.0,11,21,DEV-4385,Rangpur,3,733
U02081,190.0,6,16,DEV-22BB,Chattogram,8,1433
U02082,1090.0,8,20,DEV-626B,Sylhet,6,906
U02083,1640.0,10,21,DEV-C2D3,Narayanganj,11,177
U02084,1030.0,6,20,DEV-8990,Mymensingh,10,1867
U02085,1930.0,10,22,"DEV-333F,DEV-51EF",Khulna,9,1067
U02086,880.0,11,23,DEV-AB87,Rajshahi,13,2459
U02087,630.0,10,23,DEV-7A91,Noakhali,3,505
U02088,710.0,8,20,DEV-75BD,Rajshahi,13,48
U02089,930.0,6,20,"DEV-DD70,DEV-D1B4",Jessore,9,2001
U02090,2150.0,12,23,DEV-3E7D,Cox's Bazar,12,2159
U02091,740.0,8,20,DEV-B44A,Gazipur,13,2285
U02092,870.0,11,23,DEV-CA8F,Bogura,6,2474
U02093,1730.0,7,18,DEV-E664,Chattogram,6,807
U02094,940.0,7,18,"DEV-4391,DEV-BA5C",Mymensingh,12,1706
U02095,2680.0,11,23,DEV-2FDB,Narayanganj,11,102
U02096,530.0,12,23,DEV-71CE,Cumilla,5,1061
U02097,440.0,12,23,DEV-1299,Noakhali,6,2247
U02098,1400.0,11,23,DEV-9A94,Gazipur,14,1596
U02099,1520.0,7,19,DEV-AF27,Barishal,10,2115
U02100,550.0,12,23,DEV-7260,Jessore,14,2366
U02101,3210.0,10,23,DEV-6960,Jessore,12,1998
U02102,5120.0,7,17,"DEV-3DF5,DEV-C539",Narayanganj,5,1727
U02103,660.0,6,18,"DEV-E90B,DEV-21F6",Sylhet,5,910
U02104,3600.0,12,23,DEV-469D,Barishal,15,1342
U02105,160.0,7,19,"DEV-9A74,DEV-5DA4",Rangpur,12,226
U02106,2590.0,11,21,"DEV-0353,DEV-0557",Gazipur,10,1455
U02107,550.0,6,16,DEV-3BDC,Rangpur,11,2437
U02108,2390.0,7,20,DEV-F7B3,Dhaka,8,395
U02109,510.0,7,17,DEV-9C11,Mymensingh,7,1248
U02110,1040.0,7,19,DEV-4157,Bogura,13,2251
U02111,570.0,10,23,DEV-0E58,Khulna,14,910
U02112,920.0,12,23,DEV-C194,Narayanganj,14,1485
U02113,4740.0,12,22,"DEV-6091,DEV-64C8",Narayanganj,13,1949
U02114,1010.0,11,23,DEV-8FC8,Bogura,14,1976
U02115,5930.0,7,18,"DEV-3A79,DEV-BA42",Rajshahi,9,1686
U02116,810.0,12,22,DEV-504E,Cox's Bazar,7,184
U02117,3620.0,9,21,DEV-B4A5,Tangail,4,133
U02118,300.0,9,21,"DEV-8470,DEV-25EF",Rajshahi,7,1893
U02119,870.0,10,21,DEV-9F97,Cumilla,8,2397
U02120,710.0,11,23,DEV-133E,Jessore,4,691
U02121,3750.0,12,22,DEV-B70B,Bogura,7,1403
U02122,1270.0,10,21,DEV-6058,Gazipur,15,206
U02123,210.0,10,20,DEV-ABA4,Tangail,6,494
U02124,380.0,11,23,DEV-3DA5,Narayanganj,8,1226
U02125,490.0,7,19,DEV-683A,Rangpur,11,69
U02126,2320.0,8,20,DEV-4E41,Gazipur,14,1484
U02127,2090.0,10,22,DEV-403C,Khulna,14,1394
U02128,860.0,6,20,DEV-57AC,Rangpur,13,258
U02129,710.0,8,21,DEV-0DC3,Chattogram,4,1497
U02130,1950.0,11,23,DEV-65AD,Cumilla,4,1154
U02131,440.0,12,23,DEV-1F85,Jessore,12,276
U02132,1580.0,9,20,"DEV-84C2,DEV-1732",Tangail,14,570
U02133,1480.0,8,22,DEV-0261,Cox's Bazar,11,1375
U02134,880.0,9,23,DEV-7065,Jessore,14,2032
U02135,1510.0,10,21,DEV-4C49,Tangail,11,1096
U02136,1190.0,9,20,"DEV-E07A,DEV-43AD",Gazipur,7,1591
U02137,1630.0,6,17,DEV-6639,Narayanganj,13,1110
U02138,380.0,9,22,DEV-3C78,Rajshahi,12,2157
U02139,1790.0,8,22,DEV-E3B3,Cox's Bazar,7,2438
U02140,2490.0,10,23,DEV-C9E2,Jessore,10,1073
U02141,1420.0,12,23,DEV-2C06,Sylhet,10,760
U02142,1770.0,12,23,DEV-4054,Dhaka,4,1452
U02143,1000.0,10,21,DEV-2FBA,Rangpur,6,2213
U02144,2240.0,8,22,DEV-26A5,Cumilla,5,1510
U02145,1160.0,9,20,DEV-3DA1,Narayanganj,6,880
U02146,440.0,7,18,"DEV-DA10,DEV-7575",Narayanganj,9,1947
U02147,2110.0,12,23,DEV-6208,Narayanganj,9,473
U02148,300.0,11,23,"DEV-30D8,DEV-2F1C",Sylhet,14,704
U02149,1380.0,11,21,"DEV-8E23,DEV-C04E",Rangpur,3,406
U02150,810.0,8,22,"DEV-8ED4,DEV-A83B",Gazipur,13,2284
U02151,770.0,8,19,"DEV-42F1,DEV-F1FE",Khulna,6,2353
U02152,1260.0,11,22,DEV-D294,Cox's Bazar,7,2397
U02153,620.0,9,21,DEV-E0B6,Tangail,4,87
U02154,1650.0,10,21,DEV-AAE7,Noakhali,3,2251
U02155,1150.0,9,23,DEV-B1BD,Cumilla,4,571
U02156,670.0,9,22,DEV-1223,Gazipur,5,2382
U02157,3200.0,10,22,DEV-2936,Cox's Bazar,8,870
U02158,1290.0,11,22,DEV-21E9,Rajshahi,7,786
U02159,1820.0,8,20,"DEV-7BB1,DEV-9684",Khulna,4,1652
U02160,3410.0,11,22,DEV-1E68,Rajshahi,7,1981
U02161,3360.0,7,21,DEV-C064,Gazipur,5,958
U02162,1740.0,8,21,DEV-8CA4,Bogura,11,2066
U02163,860.0,12,22,DEV-986E,Narayanganj,11,80
U02164,350.0,12,23,"DEV-EAB1,DEV-95AB",Narayanganj,3,2249
U02165,1290.0,12,23,DEV-00FA,Jessore,11,1306
U02166,2630.0,8,20,DEV-C4CF,Bogura,14,1355
U02167,1460.0,11,21,DEV-E041,Noakhali,15,2214
U02168,70.0,12,22,DEV-1562,Bogura,3,165
U02169,2200.0,12,23,DEV-8A10,Dhaka,14,2219
U02170,2310.0,6,18,"DEV-7841,DEV-26B8",Rajshahi,8,531
U02171,860.0,11,23,DEV-46AD,Rajshahi,14,2479
U02172,2420.0,12,23,DEV-DB19,Sylhet,5,1805
U02173,1810.0,11,22,DEV-6446,Khulna,11,875
U02174,630.0,7,19,DEV-8971,Khulna,13,193
U02175,3030.0,11,23,"DEV-C6EF,DEV-72BA",Rangpur,6,332
U02176,400.0,6,18,"DEV-E425,DEV-7FED",Tangail,12,331
U02177,1050.0,9,23,DEV-FC59,Mymensingh,5,201
U02178,970.0,10,20,DEV-25B9,Cox's Bazar,12,1551
U02179,570.0,9,21,DEV-E35B,Noakhali,15,2171
U02180,1400.0,10,21,DEV-1CDC,Bogura,6,2005
U02181,3130.0,7,17,DEV-D029,Cumilla,15,1878
U02182,2980.0,10,22,"DEV-A95B,DEV-8F3D",Rangpur,11,2451
U02183,1960.0,10,20,DEV-E161,Chattogram,9,1580
U02184,280.0,10,21,DEV-A405,Cox's Bazar,7,264
U02185,380.0,8,21,"DEV-B1C7,DEV-C11A",Gazipur,10,1256
U02186,1250.0,8,19,"DEV-D73C,DEV-3B6D",Narayanganj,15,1902
U02187,1070.0,7,20,DEV-D842,Cox's Bazar,3,1159
U02188,740.0,9,20,DEV-96C9,Chattogram,14,788
U02189,5040.0,10,22,DEV-0833,Barishal,4,1250
U02190,1190.0,8,22,"DEV-EB1D,DEV-C55C",Rangpur,14,1959
U02191,1690.0,8,19,DEV-E43E,Narayanganj,10,928
U02192,2420.0,8,20,DEV-C5A7,Rajshahi,14,902
U02193,1150.0,7,20,DEV-5873,Jessore,5,1202
U02194,8720.0,10,21,DEV-5997,Bogura,3,1065
U02195,520.0,11,22,DEV-46C6,Rangpur,9,549
U02196,680.0,8,21,"DEV-68EB,DEV-08E7",Barishal,13,721
U02197,520.0,12,22,DEV-BED7,Sylhet,13,320
U02198,3830.0,9,20,DEV-C09A,Rangpur,12,1886
U02199,2080.0,7,19,"DEV-FC8D,DEV-8CF2",Dhaka,13,551
U02200,710.0,8,19,DEV-FCE1,Chattogram,13,2446
U02201,550.0,6,18,DEV-35BA,Jessore,14,2428
U02202,3320.0,6,19,DEV-794D,Gazipur,5,1690
U02203,1460.0,8,22,DEV-C84F,Bogura,6,2476
U02204,3390.0,9,22,DEV-CA1F,Dhaka,3,2163
U02205,1050.0,11,23,DEV-C60F,Cumilla,8,1886
U02206,1650.0,6,19,DEV-774F,Tangail,6,908
U02207,1390.0,11,22,DEV-12B4,Cumilla,11,2097
U02208,670.0,7,19,DEV-DDAE,Tangail,10,871
U02209,980.0,6,20,"DEV-61A5,DEV-A653",Cumilla,10,285
U02210,430.0,10,20,DEV-221E,Mymensingh,11,1427
U02211,1630.0,11,22,"DEV-EFC6,DEV-41BB",Mymensingh,15,333
U02212,2020.0,10,21,DEV-FF4A,Mymensingh,4,257
U02213,2420.0,6,20,DEV-B724,Cumilla,6,258
U02214,1870.0,6,17,DEV-5486,Jessore,8,2281
U02215,990.0,8,19,DEV-5E9C,Cumilla,3,186
U02216,3800.0,9,23,DEV-FAB3,Noakhali,13,1004
U02217,2240.0,12,23,DEV-9803,Rajshahi,8,1875
U02218,3330.0,8,18,DEV-B147,Noakhali,5,2010
U02219,3500.0,7,21,DEV-9CD2,Tangail,9,169
U02220,990.0,12,23,DEV-3CF2,Jessore,5,2237
U02221,1500.0,7,21,DEV-21E8,Khulna,8,2374
U02222,2040.0,6,16,DEV-00CB,Rajshahi,11,2425
U02223,440.0,8,18,DEV-67AA,Rajshahi,7,1645
U02224,450.0,8,19,DEV-AF0F,Sylhet,13,1295
U02225,390.0,10,23,DEV-4D32,Khulna,6,452
U02226,1010.0,12,23,DEV-38ED,Khulna,4,335
U02227,840.0,12,23,DEV-6381,Bogura,8,2049
U02228,350.0,8,19,DEV-3B3B,Cox's Bazar,5,2130
U02229,1240.0,12,23,DEV-6F59,Cox's Bazar,11,2064
U02230,1020.0,10,23,"DEV-8D5A,DEV-45BB",Rangpur,9,1557
U02231,2820.0,6,18,DEV-07EA,Tangail,4,1422
U02232,5490.0,12,23,"DEV-1A0F,DEV-6A96",Cox's Bazar,7,507
U02233,1580.0,6,19,DEV-2D68,Khulna,14,254
U02234,630.0,10,20,DEV-CCA2,Rajshahi,13,526
U02235,1840.0,11,23,DEV-2A36,Khulna,11,1019
U02236,1100.0,7,21,DEV-06FA,Dhaka,14,774
U02237,900.0,7,20,DEV-9E8D,Sylhet,4,1384
U02238,550.0,9,21,"DEV-9FBA,DEV-ABFF",Rajshahi,12,1960
U02239,760.0,12,23,DEV-288B,Jessore,3,1867
U02240,950.0,7,18,DEV-AE3B,Cumilla,10,2075
U02241,2090.0,10,23,DEV-DCE2,Mymensingh,3,767
U02242,1650.0,9,20,DEV-9AD2,Sylhet,7,2341
U02243,4720.0,6,16,"DEV-6403,DEV-7B44",Sylhet,4,2186
U02244,1880.0,10,20,DEV-CFE6,Chattogram,6,891
U02245,1540.0,11,23,DEV-24A0,Barishal,11,649
U02246,860.0,10,23,"DEV-B94B,DEV-4505",Chattogram,13,2223
U02247,480.0,7,20,"DEV-E0B8,DEV-23CB",Narayanganj,15,2495
U02248,700.0,7,21,DEV-8450,Barishal,15,1178
U02249,630.0,8,21,DEV-6688,Bogura,4,314
U02250,140.0,9,23,"DEV-7C71,DEV-61DA",Rajshahi,14,1527
U02251,490.0,9,22,DEV-0995,Cumilla,6,2087
U02252,3950.0,7,21,DEV-DB9D,Cox's Bazar,14,1187
U02253,1470.0,9,21,DEV-88A7,Sylhet,14,356
U02254,810.0,8,18,"DEV-99AC,DEV-859F",Sylhet,14,1846
U02255,1510.0,10,21,"DEV-875E,DEV-9B3C",Chattogram,9,1905
U02256,230.0,11,23,DEV-6B5E,Sylhet,12,2191
U02257,1370.0,10,23,DEV-218A,Narayanganj,8,2159
U02258,3050.0,6,16,DEV-077D,Sylhet,4,1210
U02259,1000.0,12,22,DEV-8A3A,Narayanganj,9,802
U02260,270.0,6,19,"DEV-2FA2,DEV-743B",Narayanganj,5,438
U02261,790.0,12,23,DEV-9AED,Bogura,4,280
U02262,3050.0,6,19,DEV-9891,Khulna,4,2072
U02263,1350.0,9,23,"DEV-2B1D,DEV-A919",Bogura,5,2499
U02264,350.0,6,16,DEV-F0D9,Rangpur,13,1618
U02265,7290.0,6,20,"DEV-5C85,DEV-1E52",Barishal,15,2428
U02266,400.0,10,20,DEV-8109,Khulna,14,789
U02267,900.0,11,23,"DEV-9DE9,DEV-6524",Rajshahi,11,1899
U02268,480.0,6,20,DEV-996B,Cumilla,14,1010
U02269,480.0,12,23,DEV-C3F6,Cox's Bazar,6,984
U02270,760.0,8,20,DEV-93F9,Rajshahi,14,1610
U02271,1820.0,8,20,DEV-CBE1,Cox's Bazar,15,361
U02272,3080.0,8,20,DEV-2564,Jessore,4,1048
U02273,810.0,9,23,DEV-4AFD,Rangpur,8,1062
U02274,490.0,7,18,DEV-8E2B,Noakhali,6,1093
U02275,1610.0,8,19,"DEV-4271,DEV-FE90",Mymensingh,4,1809
U02276,1650.0,7,21,DEV-ADA5,Noakhali,5,716
U02277,1330.0,6,20,DEV-6972,Jessore,15,406
U02278,1370.0,8,20,"DEV-C625,DEV-FBB6",Mymensingh,5,1539
U02279,1000.0,10,21,DEV-02C8,Bogura,11,71
U02280,1190.0,11,23,"DEV-8E8E,DEV-6D6C",Noakhali,14,2470
U02281,950.0,8,22,DEV-C149,Narayanganj,12,2262
U02282,2580.0,8,19,DEV-4EC7,Cox's Bazar,8,975
U02283,6520.0,11,23,DEV-5355,Barishal,3,1758
U02284,1270.0,10,22,"DEV-C439,DEV-E3FF",Chattogram,8,1311
U02285,1090.0,11,23,DEV-24BE,Gazipur,6,1743
U02286,1350.0,12,23,DEV-9D61,Jessore,14,571
U02287,650.0,11,23,"DEV-C73A,DEV-2A1D",Jessore,15,2369
U02288,2020.0,12,23,DEV-A951,Mymensingh,6,2207
U02289,1560.0,8,21,"DEV-FAC8,DEV-D7C9",Mymensingh,5,1316
U02290,780.0,8,20,"DEV-31C5,DEV-FD7F",Noakhali,13,2197
U02291,2260.0,8,22,"DEV-5B68,DEV-79FF",Tangail,14,815
U02292,1110.0,7,19,"DEV-4AA5,DEV-B30B",Noakhali,15,1970
U02293,500.0,11,23,"DEV-202E,DEV-B5BF",Gazipur,13,2276
U02294,1450.0,11,22,DEV-0E26,Jessore,9,1749
U02295,1330.0,11,22,"DEV-D835,DEV-5373",Barishal,7,2464
U02296,2360.0,7,18,"DEV-84A3,DEV-3A5F",Jessore,3,558
U02297,2130.0,9,19,DEV-1B8E,Bogura,14,80
U02298,1000.0,7,20,DEV-05F5,Mymensingh,15,1330
U02299,750.0,12,23,"DEV-FAB6,DEV-22E1",Noakhali,14,846
U02300,1100.0,7,21,DEV-0E8C,Gazipur,10,1608
U02301,1470.0,7,20,DEV-8387,Noakhali,14,925
U02302,1610.0,9,19,DEV-F65D,Sylhet,3,2175
U02303,1400.0,12,23,DEV-153A,Narayanganj,8,304
U02304,1020.0,12,22,"DEV-415E,DEV-8E4C",Bogura,4,2410
U02305,2430.0,6,16,DEV-7E12,Tangail,10,577
U02306,640.0,8,21,DEV-254F,Chattogram,3,837
U02307,7970.0,7,17,"DEV-F35D,DEV-5BBA",Tangail,6,90
U02308,2020.0,8,20,DEV-AD38,Sylhet,8,1706
U02309,440.0,9,23,"DEV-753D,DEV-95E6",Tangail,4,1750
U02310,1270.0,7,18,DEV-E789,Dhaka,4,2325
U02311,2030.0,6,19,"DEV-536D,DEV-D07E",Rangpur,14,294
U02312,830.0,9,20,"DEV-4ADA,DEV-5122",Barishal,6,1221
U02313,330.0,6,16,DEV-0864,Noakhali,15,2222
U02314,480.0,7,17,DEV-58C5,Khulna,7,104
U02315,1690.0,6,16,DEV-9619,Chattogram,3,1472
U02316,270.0,6,16,DEV-A3CE,Gazipur,4,597
U02317,340.0,9,19,"DEV-6E1A,DEV-5B43",Cumilla,11,909
U02318,1680.0,11,23,DEV-396B,Noakhali,3,1896
U02319,920.0,11,23,DEV-E778,Chattogram,15,2027
U02320,630.0,6,17,DEV-625B,Noakhali,6,44
U02321,740.0,6,19,DEV-4E53,Barishal,10,1637
U02322,340.0,8,19,"DEV-F0E0,DEV-A304",Rangpur,8,1003
U02323,1620.0,10,23,DEV-D92F,Tangail,3,1889
U02324,580.0,11,22,DEV-6382,Jessore,12,2108
U02325,710.0,11,23,DEV-6E2E,Mymensingh,3,2198
U02326,1450.0,8,19,"DEV-BAC1,DEV-FADD",Noakhali,13,282
U02327,890.0,7,21,DEV-C9E7,Khulna,9,2024
U02328,620.0,6,20,DEV-764C,Cox's Bazar,6,2412
U02329,220.0,7,18,DEV-990C,Jessore,15,1954
U02330,1470.0,6,16,DEV-5961,Tangail,5,961
U02331,1170.0,12,23,"DEV-74CC,DEV-634E",Barishal,6,1832
U02332,720.0,7,18,DEV-1973,Mymensingh,11,197
U02333,480.0,11,23,DEV-DFE6,Khulna,7,962
U02334,1110.0,9,21,"DEV-230B,DEV-448B",Cox's Bazar,9,2065
U02335,1610.0,9,23,DEV-40CF,Mymensingh,13,1640
U02336,1190.0,9,19,DEV-38DB,Gazipur,14,684
U02337,4070.0,11,23,DEV-7F62,Barishal,13,1427
U02338,1930.0,6,16,DEV-F5E5,Gazipur,4,34
U02339,1010.0,6,18,"DEV-5415,DEV-BBF8",Mymensingh,15,2409
U02340,1980.0,8,21,"DEV-BB96,DEV-C386",Bogura,8,1390
U02341,1140.0,8,22,"DEV-9F5A,DEV-BD82",Jessore,13,1267
U02342,1140.0,9,21,"DEV-C2ED,DEV-AED2",Gazipur,6,853
U02343,3090.0,11,21,DEV-8EF8,Khulna,10,577
U02344,530.0,10,23,DEV-175B,Sylhet,15,841
U02345,1120.0,7,19,DEV-8214,Rajshahi,15,1160
U02346,2840.0,8,20,"DEV-C0F0,DEV-578A",Tangail,11,1081
U02347,1400.0,11,23,"DEV-3FB9,DEV-981D",Barishal,10,1054
U02348,820.0,7,18,DEV-21E5,Khulna,3,1284
U02349,280.0,9,23,DEV-B813,Cox's Bazar,10,1187
U02350,180.0,9,19,"DEV-FBA5,DEV-7BF4",Barishal,8,795
U02351,5770.0,11,21,"DEV-0722,DEV-457E",Rajshahi,3,1465
U02352,1400.0,11,23,"DEV-0819,DEV-7593",Barishal,15,638
U02353,690.0,9,21,DEV-4F56,Noakhali,8,2371
U02354,1450.0,8,22,DEV-C5F8,Khulna,13,1677
U02355,510.0,8,22,DEV-D81C,Rangpur,3,724
U02356,840.0,8,22,DEV-6F5B,Gazipur,6,1740
U02357,520.0,7,20,"DEV-FA59,DEV-7315",Dhaka,14,2423
U02358,350.0,10,23,DEV-1E57,Chattogram,15,1919
U02359,200.0,7,20,DEV-E886,Khulna,3,1955
U02360,310.0,10,23,DEV-653B,Bogura,14,568
U02361,2480.0,11,22,DEV-E2A9,Narayanganj,6,481
U02362,500.0,12,23,DEV-BBFA,Tangail,5,1416
U02363,1680.0,6,16,DEV-F08E,Gazipur,15,722
U02364,2360.0,11,23,"DEV-A540,DEV-97BC",Bogura,9,327
U02365,1110.0,6,17,DEV-3BBE,Narayanganj,13,2276
U02366,860.0,8,21,DEV-477F,Dhaka,4,882
U02367,1220.0,7,18,DEV-5446,Bogura,12,2009
U02368,790.0,7,18,DEV-4F47,Barishal,7,1837
U02369,2870.0,7,21,"DEV-9828,DEV-DEBB",Mymensingh,12,384
U02370,4920.0,6,18,"DEV-0910,DEV-9E5B",Tangail,11,493
U02371,3500.0,11,23,DEV-C21A,Barishal,3,1473
U02372,200.0,6,20,"DEV-7179,DEV-4680",Noakhali,14,1570
U02373,770.0,8,22,"DEV-6EB1,DEV-D40D",Khulna,6,714
U02374,1100.0,10,21,DEV-EA1A,Sylhet,7,408
U02375,1590.0,12,22,DEV-AF04,Rajshahi,13,1585
U02376,280.0,11,23,DEV-7C50,Sylhet,14,613
U02377,270.0,6,17,"DEV-A539,DEV-AD4C",Cox's Bazar,14,458
U02378,3120.0,12,23,DEV-C471,Barishal,8,964
U02379,700.0,10,23,DEV-2507,Cox's Bazar,7,899
U02380,330.0,7,19,"DEV-133B,DEV-5879",Cumilla,13,1023
U02381,450.0,9,19,"DEV-428D,DEV-9D61",Jessore,6,989
U02382,1500.0,12,23,DEV-8590,Chattogram,11,1427
U02383,570.0,8,18,"DEV-EB1B,DEV-C6F2",Cumilla,6,1358
U02384,1330.0,7,18,DEV-25CE,Dhaka,5,122
U02385,500.0,12,23,"DEV-D95A,DEV-C54D",Cox's Bazar,10,621
U02386,270.0,12,23,DEV-61D1,Cumilla,14,1276
U02387,3430.0,12,22,DEV-0ED6,Noakhali,6,1827
U02388,1510.0,12,23,"DEV-CB2B,DEV-3170",Rajshahi,12,104
U02389,840.0,12,22,DEV-3863,Chattogram,3,2028
U02390,720.0,9,23,DEV-7870,Sylhet,12,262
U02391,3540.0,7,18,DEV-151A,Sylhet,8,1610
U02392,1760.0,10,22,DEV-6639,Barishal,3,570
U02393,2740.0,7,21,DEV-3F1F,Sylhet,10,2260
U02394,690.0,9,22,DEV-0D91,Mymensingh,6,1741
U02395,1140.0,10,20,"DEV-E733,DEV-42BF",Bogura,11,1982
U02396,1510.0,12,23,"DEV-8B45,DEV-D116",Gazipur,3,2034
U02397,710.0,8,20,DEV-7B39,Barishal,7,138
U02398,1020.0,7,21,DEV-4AFA,Rangpur,6,2121
U02399,690.0,11,23,"DEV-BE4A,DEV-B128",Cumilla,7,239
U02400,1510.0,6,20,DEV-0295,Jessore,3,1370
U02401,380.0,9,21,DEV-D1B3,Narayanganj,6,1660
U02402,1730.0,11,21,DEV-1E48,Noakhali,4,2252
U02403,1410.0,9,21,DEV-BCCF,Khulna,11,1813
U02404,930.0,8,22,DEV-197F,Sylhet,8,1788
U02405,1570.0,11,21,"DEV-10C4,DEV-1F25",Mymensingh,6,2420
U02406,820.0,8,19,"DEV-BD9B,DEV-7414",Rangpur,11,70
U02407,640.0,10,20,DEV-9A00,Barishal,14,38
U02408,1690.0,9,23,DEV-47DA,Mymensingh,10,499
U02409,1750.0,6,18,DEV-1EB6,Cumilla,6,615
U02410,730.0,9,22,DEV-C924,Jessore,8,1264
U02411,680.0,6,20,"DEV-D52B,DEV-D6CA",Rangpur,13,2084
U02412,950.0,12,23,DEV-109A,Narayanganj,4,1000
U02413,710.0,10,22,"DEV-ECC7,DEV-8AB7",Tangail,7,2232
U02414,3710.0,8,22,DEV-3230,Noakhali,9,1612
U02415,1410.0,9,21,DEV-32E2,Gazipur,11,1177
U02416,1110.0,10,23,DEV-80BA,Jessore,10,1989
U02417,520.0,7,21,DEV-9A84,Barishal,12,1224
U02418,1980.0,8,19,"DEV-0C77,DEV-7EFF",Jessore,15,135
U02419,670.0,8,21,DEV-3D6A,Rajshahi,5,2138
U02420,650.0,7,20,DEV-EAF9,Narayanganj,9,357
U02421,2030.0,11,23,DEV-9D75,Narayanganj,7,1166
U02422,1490.0,6,16,DEV-5F34,Chattogram,4,414
U02423,150.0,11,23,"DEV-6C21,DEV-D652",Cox's Bazar,4,1974
U02424,970.0,8,18,DEV-B0D0,Sylhet,11,1603
U02425,1210.0,9,23,DEV-6332,Tangail,9,2373
U02426,840.0,7,21,DEV-D6D6,Narayanganj,6,2170
U02427,1250.0,8,20,DEV-9F2D,Sylhet,14,676
U02428,260.0,11,21,DEV-0F3D,Cox's Bazar,7,653
U02429,110.0,7,20,DEV-A170,Sylhet,10,707
U02430,500.0,6,18,DEV-F048,Jessore,15,409
U02431,1370.0,9,22,DEV-DCFF,Chattogram,12,2348
U02432,80.0,7,17,DEV-0ADA,Tangail,12,234
U02433,560.0,8,20,"DEV-E1C2,DEV-FB4D",Rangpur,6,1078
U02434,240.0,9,20,DEV-29A7,Jessore,14,725
U02435,900.0,9,23,DEV-A33B,Dhaka,9,68
U02436,5250.0,10,21,DEV-C149,Tangail,6,2082
U02437,920.0,10,23,DEV-0B15,Khulna,12,1271
U02438,1010.0,11,23,"DEV-D3E2,DEV-64C4",Narayanganj,9,2197
U02439,2150.0,6,18,DEV-4CA2,Gazipur,4,1553
U02440,1120.0,8,18,DEV-4219,Chattogram,3,1254
U02441,920.0,6,17,"DEV-8170,DEV-CC6E",Mymensingh,4,634
U02442,2300.0,6,16,"DEV-D250,DEV-39B7",Narayanganj,5,1490
U02443,1600.0,7,20,"DEV-D3B5,DEV-D381",Cox's Bazar,5,1826
U02444,1380.0,10,23,DEV-0FB6,Narayanganj,7,98
U02445,980.0,12,23,DEV-4FF5,Chattogram,6,605
U02446,830.0,11,23,DEV-03D9,Noakhali,14,923
U02447,2280.0,10,22,DEV-FD37,Jessore,15,325
U02448,840.0,11,23,DEV-78E9,Barishal,15,238
U02449,2940.0,7,17,"DEV-4539,DEV-E4ED",Noakhali,5,645
U02450,470.0,11,21,DEV-AF58,Bogura,9,871
U02451,3450.0,12,23,DEV-F0B0,Gazipur,4,1348
U02452,1600.0,6,17,DEV-CCD8,Rajshahi,12,2039
U02453,510.0,9,23,DEV-F494,Cox's Bazar,4,2143
U02454,1650.0,11,23,DEV-3769,Mymensingh,6,972
U02455,650.0,9,19,"DEV-343B,DEV-1364",Rangpur,5,1337
U02456,1130.0,11,23,DEV-57C4,Gazipur,9,64
U02457,740.0,12,23,"DEV-8D1E,DEV-90A6",Barishal,7,2126
U02458,990.0,9,19,DEV-AD54,Gazipur,10,609
U02459,2330.0,6,20,"DEV-BBB4,DEV-D138",Mymensingh,5,188
U02460,1660.0,8,18,DEV-851C,Narayanganj,9,1517
U02461,450.0,7,17,"DEV-45D3,DEV-7075",Cumilla,4,950
U02462,470.0,9,21,"DEV-DF4D,DEV-D0E1",Rangpur,3,1045
U02463,1360.0,10,21,DEV-EA6E,Dhaka,4,1104
U02464,1440.0,9,22,DEV-8A49,Bogura,6,1581
U02465,640.0,7,18,"DEV-C778,DEV-69C1",Khulna,13,2010
U02466,3920.0,8,19,DEV-01F1,Barishal,7,1442
U02467,2100.0,10,23,"DEV-BE69,DEV-1653",Bogura,9,1538
U02468,660.0,6,16,"DEV-A29E,DEV-FF6A",Jessore,11,2027
U02469,620.0,7,19,"DEV-068E,DEV-BBE3",Cox's Bazar,12,1969
U02470,910.0,12,22,DEV-DE40,Gazipur,10,456
U02471,840.0,6,16,DEV-A074,Rajshahi,5,866
U02472,3000.0,8,19,"DEV-B0A2,DEV-E6BE",Chattogram,11,1249
U02473,2410.0,7,18,DEV-C6F6,Cumilla,6,2337
U02474,1130.0,6,18,DEV-0A25,Barishal,10,1528
U02475,1890.0,8,20,DEV-C62D,Gazipur,15,2039
U02476,2120.0,9,19,"DEV-C1E2,DEV-3A67",Khulna,3,1993
U02477,1150.0,7,17,DEV-A798,Cox's Bazar,4,2291
U02478,1510.0,6,16,DEV-D784,Chattogram,6,1310
U02479,1760.0,6,19,DEV-D924,Narayanganj,8,679
U02480,1620.0,10,23,"DEV-DEF3,DEV-C723",Cumilla,9,1045
U02481,590.0,12,22,DEV-1F40,Cox's Bazar,6,46
U02482,640.0,7,17,"DEV-7C23,DEV-3BAA",Bogura,14,1718
U02483,870.0,8,21,"DEV-122A,DEV-4371",Gazipur,3,1550
U02484,620.0,8,21,"DEV-E8CD,DEV-9916",Bogura,10,437
U02485,340.0,8,21,"DEV-C374,DEV-80B8",Dhaka,10,1246
U02486,1880.0,7,17,DEV-5B3C,Jessore,13,1798
U02487,1450.0,6,20,DEV-7B9B,Narayanganj,10,1954
U02488,380.0,9,22,DEV-FBE1,Bogura,4,1946
U02489,900.0,8,18,"DEV-4973,DEV-4FA4",Khulna,7,270
U02490,950.0,8,18,DEV-D8E0,Bogura,5,952
U02491,1270.0,7,20,DEV-5EDC,Sylhet,9,1500
U02492,460.0,12,23,"DEV-E765,DEV-F983",Barishal,14,289
U02493,370.0,10,23,DEV-10E7,Cox's Bazar,8,521
U02494,1660.0,8,20,"DEV-AB08,DEV-181B",Jessore,7,2358
U02495,320.0,7,19,DEV-E112,Barishal,9,1301
U02496,910.0,11,23,DEV-1D7F,Cox's Bazar,5,1458
U02497,840.0,12,22,DEV-E342,Chattogram,14,421
U02498,990.0,6,17,DEV-C4F3,Bogura,11,1595
U02499,1340.0,12,22,DEV-8954,Mymensingh,12,2283
U02500,3940.0,10,23,"DEV-3538,DEV-4457",Cumilla,7,2400
U02501,310.0,6,19,DEV-6E62,Rajshahi,6,482
U02502,2210.0,11,23,DEV-D8F1,Rajshahi,9,578
U02503,150.0,6,18,"DEV-E5CD,DEV-807B",Mymensingh,6,1450
U02504,3340.0,6,20,"DEV-3B9C,DEV-9078",Rangpur,3,2220
U02505,210.0,6,20,DEV-D4E5,Jessore,12,43
U02506,7700.0,9,22,"DEV-8A96,DEV-E3F7",Mymensingh,14,586
U02507,800.0,10,23,DEV-0274,Tangail,5,416
U02508,3080.0,8,21,DEV-807D,Noakhali,11,1980
U02509,2610.0,6,19,DEV-0BBE,Rangpur,14,1263
U02510,770.0,7,18,"DEV-9C9A,DEV-9DCA",Dhaka,12,1794
U02511,820.0,11,23,DEV-4FF3,Sylhet,13,131
U02512,560.0,12,22,DEV-CB5F,Gazipur,14,356
U02513,2060.0,11,23,"DEV-F383,DEV-7500",Rajshahi,6,1370
U02514,780.0,6,19,DEV-6F59,Tangail,3,1067
U02515,570.0,11,21,DEV-30BE,Rajshahi,13,485
U02516,1690.0,10,23,"DEV-0736,DEV-6818",Noakhali,13,674
U02517,530.0,9,19,DEV-7105,Khulna,5,1824
U02518,840.0,7,19,DEV-C4B0,Rangpur,14,63
U02519,1190.0,12,23,DEV-DCB0,Dhaka,3,2174
U02520,660.0,9,19,"DEV-1BCE,DEV-270C",Bogura,7,423
U02521,740.0,6,17,DEV-8F68,Narayanganj,15,1903
U02522,3740.0,7,19,DEV-6024,Khulna,7,1585
U02523,930.0,8,22,DEV-B3C3,Tangail,12,186
U02524,820.0,6,17,DEV-528A,Narayanganj,3,1918
U02525,950.0,8,18,"DEV-6A73,DEV-71B3",Cox's Bazar,9,1255
U02526,1580.0,9,19,DEV-99EB,Noakhali,13,773
U02527,480.0,12,22,DEV-11D7,Dhaka,13,304
U02528,1540.0,6,20,DEV-E22A,Sylhet,8,315
U02529,1350.0,10,23,DEV-56C4,Tangail,3,1040
U02530,260.0,12,23,DEV-367A,Khulna,9,757
U02531,4610.0,11,23,"DEV-A3F0,DEV-2294",Jessore,12,2103
U02532,3530.0,12,23,"DEV-9713,DEV-0F93",Cox's Bazar,8,1370
U02533,580.0,7,21,DEV-4385,Dhaka,15,131
U02534,450.0,11,21,DEV-B9E8,Bogura,7,2196
U02535,1320.0,12,22,DEV-5F2E,Cox's Bazar,13,651
U02536,350.0,8,21,DEV-E688,Rangpur,12,1528
U02537,3270.0,9,20,DEV-5B10,Tangail,8,2071
U02538,750.0,9,19,DEV-B0BC,Bogura,4,1679
U02539,4010.0,9,22,"DEV-07A9,DEV-F9F7",Mymensingh,7,1032
U02540,570.0,8,19,"DEV-9DA6,DEV-B546",Chattogram,12,48
U02541,1000.0,12,23,DEV-5342,Jessore,14,611
U02542,3020.0,12,23,"DEV-49DA,DEV-6FC9",Noakhali,8,1436
U02543,850.0,8,19,DEV-416E,Sylhet,6,2375
U02544,1360.0,11,23,DEV-0550,Gazipur,12,118
U02545,2630.0,8,21,"DEV-AAAA,DEV-B774",Rangpur,15,414
U02546,700.0,11,22,DEV-AD01,Tangail,4,914
U02547,400.0,10,20,DEV-8DC9,Bogura,7,1977
U02548,340.0,9,21,"DEV-8618,DEV-FC49",Jessore,13,2376
U02549,1750.0,6,19,DEV-86E1,Barishal,4,469
U02550,1500.0,10,23,"DEV-B4B3,DEV-6AA8",Rajshahi,15,1463
U02551,2560.0,8,18,DEV-0876,Cumilla,6,2408
U02552,880.0,7,19,"DEV-5994,DEV-B8A9",Jessore,9,2496
U02553,350.0,7,21,DEV-A250,Mymensingh,9,1971
U02554,170.0,12,23,DEV-B191,Bogura,7,1953
U02555,10880.0,6,16,DEV-BF5C,Noakhali,4,712
U02556,1670.0,11,23,"DEV-37E3,DEV-D03A",Tangail,3,794
U02557,1220.0,12,23,DEV-B6E3,Noakhali,7,2459
U02558,1370.0,6,18,"DEV-4ECE,DEV-80F5",Khulna,6,1568
U02559,350.0,10,23,DEV-DB93,Gazipur,14,312
U02560,580.0,10,23,DEV-2ACD,Barishal,11,200
U02561,4420.0,8,19,DEV-4D80,Khulna,4,2153
U02562,1860.0,10,23,DEV-312B,Cox's Bazar,12,350
U02563,600.0,8,19,"DEV-4E0C,DEV-3463",Dhaka,10,1757
U02564,410.0,9,20,DEV-CE55,Noakhali,4,824
U02565,730.0,9,21,DEV-FDBD,Mymensingh,8,459
U02566,850.0,11,21,DEV-F828,Chattogram,12,312
U02567,5650.0,10,23,DEV-5BAF,Narayanganj,11,1379
U02568,940.0,8,20,DEV-EEA5,Dhaka,10,2015
U02569,420.0,12,23,"DEV-14EE,DEV-1C6F",Cox's Bazar,9,59
U02570,1050.0,11,21,DEV-5354,Mymensingh,11,1768
U02571,1350.0,12,23,DEV-49D9,Rangpur,14,1445
U02572,390.0,11,23,DEV-EAE8,Barishal,5,1991
U02573,1510.0,8,18,DEV-C287,Rajshahi,8,1468
U02574,2880.0,11,23,DEV-C0D8,Gazipur,14,341
U02575,1230.0,8,22,DEV-CE65,Bogura,9,1039
U02576,580.0,7,21,DEV-B9A8,Gazipur,5,2468
U02577,720.0,9,19,"DEV-8117,DEV-0F0A",Narayanganj,4,2066
U02578,290.0,12,23,"DEV-041F,DEV-F9C3",Tangail,12,897
U02579,990.0,9,21,"DEV-8078,DEV-F3FB",Chattogram,9,2328
U02580,1410.0,8,18,"DEV-07F9,DEV-A2CD",Tangail,13,48
U02581,540.0,9,23,DEV-4809,Chattogram,4,1348
U02582,5180.0,8,20,"DEV-5D46,DEV-A827",Khulna,10,1941
U02583,2070.0,10,23,DEV-7ECA,Rangpur,10,1694
U02584,260.0,8,18,DEV-2275,Chattogram,8,471
U02585,270.0,9,19,DEV-FFE9,Cox's Bazar,8,390
U02586,500.0,8,22,DEV-B665,Tangail,6,1866
U02587,3860.0,8,19,"DEV-5C53,DEV-9F12",Narayanganj,13,2495
U02588,2240.0,12,23,"DEV-26C2,DEV-6E00",Narayanganj,7,1917
U02589,4020.0,8,21,DEV-6CC1,Jessore,8,2149
U02590,1110.0,6,20,DEV-5F45,Sylhet,14,2278
U02591,930.0,8,19,DEV-7BD8,Dhaka,11,2374
U02592,400.0,9,22,DEV-EA26,Jessore,3,1981
U02593,1450.0,6,19,"DEV-01CA,DEV-8D9C",Sylhet,3,1951
U02594,940.0,8,21,"DEV-F0CE,DEV-E38E",Rajshahi,9,1980
U02595,910.0,7,19,DEV-E5C5,Mymensingh,12,827
U02596,4000.0,9,19,DEV-6995,Rangpur,9,1364
U02597,990.0,11,22,DEV-9132,Noakhali,15,577
U02598,3180.0,12,23,DEV-9839,Jessore,14,1341
U02599,310.0,8,20,DEV-D671,Tangail,8,1292
U02600,9420.0,12,22,DEV-F460,Cox's Bazar,6,199
U02601,810.0,7,20,DEV-413C,Mymensingh,3,234
U02602,1930.0,11,23,DEV-1FC3,Barishal,3,2378
U02603,2190.0,9,22,DEV-43D5,Khulna,10,1392
U02604,740.0,11,23,"DEV-4345,DEV-4CE4",Mymensingh,7,110
U02605,2110.0,11,22,DEV-EAAB,Dhaka,4,943
U02606,2200.0,9,19,"DEV-3724,DEV-6C08",Rajshahi,3,2231
U02607,620.0,7,17,DEV-5B8F,Cumilla,9,1827
U02608,630.0,9,21,DEV-45A3,Barishal,10,2064
U02609,1140.0,11,22,DEV-3248,Cox's Bazar,3,1575
U02610,1000.0,12,23,"DEV-FF50,DEV-A05C",Khulna,8,1759
U02611,3340.0,12,23,DEV-1A2A,Rangpur,8,638
U02612,1920.0,7,18,DEV-A7AA,Rajshahi,3,2109
U02613,1040.0,10,23,DEV-9C8D,Sylhet,14,1841
U02614,1780.0,6,18,"DEV-5BF3,DEV-C9BE",Mymensingh,5,621
U02615,210.0,10,23,DEV-CD67,Narayanganj,4,798
U02616,670.0,12,23,DEV-C966,Cox's Bazar,4,1924
U02617,1380.0,6,20,"DEV-A39F,DEV-711C",Chattogram,9,644
U02618,2680.0,10,20,DEV-34FA,Narayanganj,12,1682
U02619,1290.0,12,23,DEV-0B40,Jessore,6,1063
U02620,3520.0,11,21,"DEV-EB14,DEV-D74C",Chattogram,12,739
U02621,2200.0,8,22,DEV-3385,Rajshahi,6,419
U02622,740.0,6,19,DEV-CD7F,Rajshahi,5,1812
U02623,980.0,12,23,DEV-0C3D,Cox's Bazar,11,833
U02624,1520.0,12,23,DEV-3CC4,Gazipur,13,1403
U02625,770.0,10,22,"DEV-2674,DEV-572C",Khulna,12,671
U02626,3730.0,12,23,DEV-51D5,Khulna,10,393
U02627,450.0,6,18,DEV-8338,Noakhali,14,83
U02628,1410.0,10,23,DEV-756F,Barishal,14,2350
U02629,1980.0,6,19,DEV-1D38,Gazipur,6,773
U02630,850.0,12,23,DEV-2665,Noakhali,11,1453
U02631,710.0,10,23,DEV-D20F,Gazipur,3,1183
U02632,1030.0,12,22,"DEV-8C53,DEV-EC0D",Bogura,4,943
U02633,2100.0,9,20,DEV-2171,Cumilla,8,2079
U02634,740.0,6,16,"DEV-4EE5,DEV-2866",Chattogram,12,2279
U02635,470.0,6,20,DEV-EC8C,Narayanganj,10,475
U02636,2750.0,8,18,DEV-28AD,Tangail,5,106
U02637,1510.0,11,23,"DEV-CD04,DEV-313F",Tangail,12,838
U02638,2460.0,7,21,"DEV-BA52,DEV-748C",Rangpur,10,284
U02639,2010.0,11,23,DEV-F819,Jessore,12,102
U02640,6270.0,7,20,DEV-11E5,Cox's Bazar,10,2018
U02641,2680.0,9,21,"DEV-531B,DEV-B91C",Sylhet,14,215
U02642,610.0,7,21,DEV-EA66,Jessore,7,203
U02643,1600.0,9,23,DEV-89FF,Barishal,3,909
U02644,700.0,9,23,DEV-1930,Gazipur,10,1432
U02645,760.0,6,19,DEV-A119,Barishal,15,1264
U02646,350.0,9,22,DEV-7A5E,Dhaka,4,1871
U02647,870.0,11,23,DEV-C65E,Rangpur,15,1878
U02648,1700.0,12,23,"DEV-8D50,DEV-E5DC",Cumilla,13,70
U02649,1040.0,8,20,DEV-1F70,Chattogram,3,1915
U02650,460.0,12,23,DEV-9FB8,Bogura,10,135
U02651,320.0,12,23,"DEV-BCC2,DEV-67E9",Sylhet,7,2287
U02652,5940.0,12,23,DEV-79A4,Khulna,11,785
U02653,1420.0,8,21,DEV-B200,Chattogram,12,2272
U02654,570.0,11,21,DEV-749D,Chattogram,7,2498
U02655,1590.0,9,21,DEV-6480,Cox's Bazar,9,280
U02656,6320.0,6,16,DEV-94D8,Rangpur,3,970
U02657,1800.0,7,21,"DEV-CDBC,DEV-227C",Rajshahi,3,306
U02658,120.0,10,23,"DEV-DFBD,DEV-3334",Mymensingh,12,2422
U02659,9150.0,7,18,DEV-1905,Bogura,7,1257
U02660,250.0,9,19,DEV-2E41,Chattogram,14,2098
U02661,930.0,11,23,"DEV-139C,DEV-F3B0",Cox's Bazar,10,1485
U02662,440.0,7,21,DEV-4AB6,Mymensingh,8,2123
U02663,610.0,9,20,"DEV-C5EE,DEV-2EB3",Cumilla,14,1506
U02664,1380.0,7,21,DEV-8778,Cumilla,3,149
U02665,210.0,9,21,"DEV-6D0B,DEV-A8D1",Chattogram,13,1231
U02666,1020.0,7,19,"DEV-FD08,DEV-A664",Cumilla,3,1647
U02667,2750.0,12,23,DEV-B3B4,Sylhet,15,2453
U02668,560.0,6,17,DEV-4328,Narayanganj,10,2087
U02669,360.0,12,23,"DEV-1F38,DEV-162B",Mymensingh,9,1287
U02670,980.0,11,21,DEV-4CD8,Cumilla,11,2020
U02671,840.0,11,22,DEV-8E0F,Khulna,13,2340
U02672,680.0,11,22,DEV-0F78,Barishal,6,2193
U02673,420.0,7,17,DEV-4356,Chattogram,4,2470
U02674,1660.0,12,23,DEV-A19A,Gazipur,15,917
U02675,1770.0,10,20,DEV-DF9A,Chattogram,9,1126
U02676,470.0,12,22,DEV-FD52,Bogura,6,65
U02677,520.0,12,23,"DEV-3C6D,DEV-1A23",Bogura,14,360
U02678,1220.0,10,20,DEV-92A6,Gazipur,3,2046
U02679,510.0,8,19,DEV-F029,Bogura,13,835
U02680,1270.0,6,19,DEV-6B8A,Jessore,3,1114
U02681,3550.0,6,16,"DEV-E778,DEV-BE2E",Chattogram,11,915
U02682,1050.0,8,21,DEV-E614,Chattogram,3,2318
U02683,420.0,11,21,"DEV-F363,DEV-1B7B",Jessore,4,2224
U02684,1500.0,9,19,DEV-695C,Cumilla,7,1856
U02685,950.0,9,19,DEV-0CC8,Sylhet,5,2405
U02686,970.0,7,21,"DEV-0B5A,DEV-79A4",Rangpur,3,1380
U02687,1600.0,9,19,"DEV-A952,DEV-E2D2",Chattogram,11,449
U02688,1910.0,10,20,DEV-2112,Khulna,12,1597
U02689,1130.0,12,23,DEV-0883,Sylhet,7,79
U02690,1040.0,11,23,DEV-1AC0,Noakhali,12,1066
U02691,5710.0,10,22,DEV-ED3F,Bogura,7,2081
U02692,2870.0,12,22,"DEV-A95B,DEV-7B36",Cumilla,5,475
U02693,2140.0,8,19,"DEV-1A51,DEV-5EEE",Mymensingh,14,1409
U02694,1220.0,12,23,DEV-20F7,Rajshahi,9,1949
U02695,490.0,8,20,DEV-07B4,Khulna,3,1885
U02696,2700.0,6,18,DEV-7067,Bogura,12,1491
U02697,1230.0,8,18,DEV-80AC,Cumilla,8,849
U02698,690.0,6,20,"DEV-73CB,DEV-DF1A",Rangpur,3,627
U02699,900.0,6,19,DEV-E9E8,Rajshahi,6,421
U02700,510.0,12,23,DEV-1F23,Mymensingh,7,1849
U02701,2560.0,11,23,DEV-46B0,Rajshahi,3,683
U02702,1890.0,7,18,"DEV-8040,DEV-66A3",Cox's Bazar,12,1635
U02703,1270.0,11,21,DEV-6F94,Rajshahi,5,149
U02704,1060.0,6,20,DEV-B51F,Chattogram,5,750
U02705,640.0,7,17,DEV-2E11,Khulna,5,983
U02706,200.0,10,20,DEV-D3B6,Narayanganj,12,1939
U02707,350.0,8,21,DEV-43C8,Khulna,9,275
U02708,610.0,11,22,DEV-595F,Cox's Bazar,13,1191
U02709,540.0,12,22,DEV-38C1,Chattogram,8,1175
U02710,1380.0,6,16,DEV-A18D,Dhaka,11,824
U02711,2100.0,6,16,"DEV-B211,DEV-9FCA",Cumilla,9,2004
U02712,990.0,12,23,DEV-7E5B,Rajshahi,10,2451
U02713,3390.0,9,22,DEV-4D9E,Gazipur,14,147
U02714,590.0,9,23,DEV-B00D,Bogura,10,2332
U02715,980.0,9,22,"DEV-1E5D,DEV-4FD8",Rangpur,9,2244
U02716,1050.0,9,21,"DEV-AEB8,DEV-B133",Bogura,14,2110
U02717,2630.0,10,21,"DEV-449F,DEV-575B",Rajshahi,11,334
U02718,1190.0,10,23,DEV-517A,Cox's Bazar,15,988
U02719,1220.0,7,21,DEV-E304,Mymensingh,11,1650
U02720,290.0,10,22,DEV-9285,Cox's Bazar,11,534
U02721,530.0,10,20,DEV-1E5E,Chattogram,9,624
U02722,2640.0,6,19,DEV-292A,Mymensingh,14,1420
U02723,210.0,8,19,DEV-11B4,Sylhet,6,2116
U02724,3210.0,11,22,DEV-3DD2,Narayanganj,10,432
U02725,1640.0,10,23,DEV-38EA,Gazipur,14,55
U02726,600.0,6,20,DEV-7231,Narayanganj,5,2490
U02727,560.0,6,19,DEV-BF4F,Chattogram,8,1070
U02728,5000.0,10,20,"DEV-E0E3,DEV-8EFB",Khulna,3,218
U02729,3390.0,9,22,DEV-C5B1,Jessore,10,2405
U02730,1000.0,12,23,"DEV-A7AD,DEV-514D",Khulna,7,705
U02731,1220.0,9,22,DEV-9CAA,Gazipur,10,308
U02732,650.0,12,23,"DEV-4D54,DEV-4F0D",Bogura,6,1681
U02733,1220.0,7,20,"DEV-FCC1,DEV-E920",Gazipur,13,1908
U02734,640.0,9,20,DEV-A743,Noakhali,15,342
U02735,1030.0,6,20,"DEV-97D1,DEV-AF7E",Sylhet,9,1824
U02736,4670.0,10,23,DEV-C0C2,Dhaka,10,963
U02737,1020.0,7,19,DEV-0E1C,Cumilla,8,818
U02738,470.0,9,19,"DEV-5BC5,DEV-1ADF",Noakhali,6,1677
U02739,370.0,8,20,DEV-8777,Cox's Bazar,8,179
U02740,1210.0,7,17,DEV-4B61,Rajshahi,9,445
U02741,600.0,6,19,DEV-5482,Tangail,13,2087
U02742,1340.0,9,22,DEV-D78D,Narayanganj,11,2464
U02743,300.0,12,23,DEV-343D,Rajshahi,7,2265
U02744,1900.0,7,21,DEV-E920,Khulna,11,1964
U02745,470.0,8,21,DEV-6BBD,Narayanganj,15,345
U02746,1140.0,7,21,DEV-30E7,Rajshahi,8,792
U02747,840.0,11,22,DEV-24AD,Khulna,14,2124
U02748,4340.0,8,18,DEV-B6D4,Bogura,9,1791
U02749,1260.0,12,23,DEV-E711,Khulna,4,2088
U02750,5200.0,7,18,DEV-DFC6,Chattogram,5,1044
U02751,1720.0,6,19,DEV-2B97,Khulna,7,1455
U02752,3430.0,10,22,"DEV-E0FE,DEV-39BB",Noakhali,10,1850
U02753,930.0,10,23,"DEV-7573,DEV-016B",Dhaka,14,1965
U02754,1450.0,12,22,DEV-423F,Tangail,8,1822
U02755,2910.0,12,22,DEV-51E5,Gazipur,6,127
U02756,2260.0,12,23,"DEV-F4CE,DEV-473F",Dhaka,11,530
U02757,1680.0,10,22,"DEV-46CD,DEV-45FB",Gazipur,7,1255
U02758,840.0,8,18,DEV-40B0,Cumilla,8,1756
U02759,970.0,9,23,DEV-8A3A,Sylhet,5,2418
U02760,2720.0,6,16,DEV-34A7,Noakhali,6,773
U02761,3220.0,9,23,DEV-4A5F,Rangpur,3,1944
U02762,680.0,8,19,"DEV-8853,DEV-C1A3",Mymensingh,10,1670
U02763,600.0,6,18,DEV-1B70,Cox's Bazar,9,692
U02764,530.0,7,18,DEV-5939,Gazipur,5,457
U02765,2130.0,9,19,DEV-9218,Narayanganj,12,1570
U02766,520.0,8,20,"DEV-EAB0,DEV-F194",Tangail,5,840
U02767,2110.0,12,23,DEV-DF46,Jessore,11,554
U02768,1700.0,9,21,"DEV-8145,DEV-1921",Dhaka,4,569
U02769,710.0,12,23,DEV-F720,Narayanganj,3,578
U02770,3830.0,10,23,DEV-9F20,Sylhet,4,255
U02771,340.0,6,16,DEV-E7DB,Dhaka,9,497
U02772,4140.0,7,18,DEV-EBAF,Rangpur,5,2440
U02773,1420.0,10,23,"DEV-CAD3,DEV-6B93",Mymensingh,7,499
U02774,210.0,9,23,DEV-9BA9,Sylhet,9,1039
U02775,3920.0,8,20,DEV-B0EA,Narayanganj,11,1263
U02776,2390.0,9,20,DEV-E173,Rajshahi,13,1764
U02777,780.0,12,23,DEV-39E6,Cox's Bazar,8,795
U02778,510.0,8,21,DEV-8E12,Bogura,4,2072
U02779,310.0,6,17,"DEV-988A,DEV-350A",Cox's Bazar,15,1951
U02780,7570.0,8,22,DEV-66E3,Barishal,13,1285
U02781,520.0,12,22,DEV-ECD7,Chattogram,13,2238
U02782,400.0,11,23,DEV-041E,Dhaka,14,890
U02783,1360.0,11,23,DEV-808F,Narayanganj,12,1234
U02784,300.0,12,23,DEV-9BFB,Barishal,15,1507
U02785,500.0,6,18,DEV-E861,Narayanganj,9,502
U02786,2430.0,7,17,DEV-488D,Sylhet,10,232
U02787,1590.0,6,17,"DEV-64A4,DEV-1495",Cox's Bazar,10,2495
U02788,810.0,6,17,"DEV-55F1,DEV-FF4D",Dhaka,9,149
U02789,1110.0,11,23,"DEV-C417,DEV-6DAA",Chattogram,8,146
U02790,770.0,12,23,DEV-A26A,Rajshahi,7,280
U02791,1040.0,7,19,DEV-F6EA,Jessore,13,1387
U02792,600.0,11,23,"DEV-7091,DEV-4B6D",Noakhali,7,692
U02793,690.0,9,21,DEV-E0EA,Cumilla,14,572
U02794,670.0,6,16,DEV-D9B9,Cumilla,12,2155
U02795,610.0,12,23,DEV-843D,Rangpur,15,2346
U02796,2530.0,12,23,"DEV-0305,DEV-0346",Noakhali,11,2193
U02797,2030.0,9,20,DEV-1E19,Gazipur,10,832
U02798,520.0,10,23,DEV-B175,Cox's Bazar,7,240
U02799,420.0,8,19,DEV-2CF0,Jessore,11,2396
U02800,970.0,11,21,DEV-102A,Cumilla,10,1377
U02801,6150.0,9,23,DEV-AE8C,Mymensingh,8,2432
U02802,480.0,12,23,DEV-7B29,Mymensingh,3,443
U02803,960.0,6,17,DEV-87D0,Dhaka,3,2359
U02804,1180.0,7,19,"DEV-312B,DEV-36F8",Rajshahi,6,794
U02805,1010.0,12,23,"DEV-3DF2,DEV-A4DF",Narayanganj,12,1988
U02806,760.0,8,19,DEV-FAD4,Chattogram,14,301
U02807,2760.0,8,22,"DEV-EA70,DEV-1D0C",Khulna,15,1860
U02808,1580.0,11,22,DEV-ADF9,Bogura,9,1199
U02809,2160.0,7,19,"DEV-C1F8,DEV-0A63",Barishal,14,2383
U02810,1760.0,9,22,DEV-A32E,Chattogram,3,394
U02811,2240.0,8,22,DEV-71C9,Noakhali,14,582
U02812,3900.0,7,19,DEV-31EE,Chattogram,15,1601
U02813,3180.0,12,23,DEV-CA25,Rajshahi,8,2030
U02814,7040.0,7,21,DEV-EF71,Rangpur,3,2224
U02815,2900.0,6,18,DEV-9928,Cox's Bazar,12,310
U02816,640.0,10,21,DEV-338F,Jessore,3,47
U02817,2160.0,12,22,DEV-6DCC,Narayanganj,11,923
U02818,1940.0,6,17,DEV-83FC,Rajshahi,7,270
U02819,5100.0,10,20,"DEV-E6FB,DEV-CA5E",Noakhali,10,1022
U02820,510.0,9,20,DEV-ABB1,Narayanganj,14,1207
U02821,1710.0,11,23,"DEV-C378,DEV-B1AF",Cox's Bazar,4,2488
U02822,640.0,6,18,DEV-51D8,Barishal,3,112
U02823,1650.0,12,22,DEV-2229,Mymensingh,10,822
U02824,920.0,10,22,DEV-D6D9,Mymensingh,12,866
U02825,1610.0,11,23,DEV-8DC9,Tangail,6,1400
U02826,350.0,8,18,DEV-F64B,Bogura,5,821
U02827,2070.0,12,23,"DEV-AE57,DEV-7958",Rajshahi,12,1594
U02828,1290.0,10,23,DEV-A591,Rangpur,11,2127
U02829,1240.0,6,16,"DEV-A6FD,DEV-FB43",Bogura,15,1704
U02830,5220.0,12,23,DEV-5D50,Rangpur,14,1661
U02831,810.0,11,23,DEV-6158,Dhaka,12,326
U02832,1440.0,8,18,DEV-5AA4,Cox's Bazar,3,2221
U02833,1190.0,9,22,"DEV-1B9E,DEV-783E",Cumilla,6,1411
U02834,1280.0,8,21,DEV-7201,Mymensingh,11,437
U02835,6490.0,9,20,DEV-3277,Rangpur,9,1597
U02836,1150.0,12,23,DEV-D0AF,Chattogram,3,1232
U02837,700.0,12,23,DEV-B07B,Cox's Bazar,10,2261
U02838,4900.0,7,18,"DEV-3DD4,DEV-2A62",Chattogram,12,1629
U02839,860.0,12,22,"DEV-9E37,DEV-0153",Tangail,12,2394
U02840,300.0,9,19,"DEV-26AB,DEV-7081",Cox's Bazar,14,2437
U02841,610.0,10,20,"DEV-FD96,DEV-1390",Rangpur,4,610
U02842,400.0,11,23,"DEV-8757,DEV-8FFB",Tangail,15,751
U02843,260.0,9,23,DEV-4078,Noakhali,9,549
U02844,820.0,9,21,DEV-8536,Cox's Bazar,6,599
U02845,1040.0,9,23,DEV-A25A,Jessore,14,1718
U02846,2820.0,12,23,DEV-2323,Cox's Bazar,4,2374
U02847,1810.0,8,20,DEV-F443,Jessore,3,1239
U02848,1750.0,7,20,DEV-3EF9,Cox's Bazar,12,2026
U02849,540.0,8,20,"DEV-5E64,DEV-0642",Chattogram,12,1866
U02850,2230.0,7,21,"DEV-97EF,DEV-980C",Rajshahi,4,674
U02851,3340.0,8,22,DEV-1DBB,Khulna,14,2125
U02852,1500.0,6,20,"DEV-4AF8,DEV-C447",Cox's Bazar,13,1213
U02853,1540.0,6,18,DEV-B685,Khulna,13,56
U02854,400.0,11,23,DEV-4EAA,Khulna,8,1797
U02855,2550.0,6,16,DEV-A13B,Jessore,15,2200
U02856,4560.0,9,22,DEV-BF3C,Mymensingh,4,635
U02857,1420.0,11,21,DEV-5FA3,Rangpur,13,685
U02858,680.0,11,23,DEV-2CFD,Cox's Bazar,13,1838
U02859,960.0,9,19,DEV-058F,Noakhali,9,2424
U02860,780.0,7,19,DEV-F469,Bogura,7,672
U02861,820.0,12,23,"DEV-51F5,DEV-CE5F",Tangail,9,1092
U02862,1840.0,11,22,DEV-5329,Dhaka,3,1707
U02863,1370.0,10,23,DEV-B653,Barishal,3,2135
U02864,2450.0,6,17,DEV-552B,Dhaka,7,113
U02865,1480.0,6,17,DEV-9B7B,Jessore,3,523
U02866,550.0,8,18,DEV-F413,Gazipur,11,2238
U02867,730.0,7,17,DEV-C0F3,Barishal,11,1327
U02868,700.0,12,23,DEV-2A20,Jessore,14,1902
U02869,940.0,7,17,DEV-860F,Mymensingh,6,186
U02870,4610.0,7,21,DEV-4522,Dhaka,13,254
U02871,5240.0,12,23,DEV-3827,Khulna,6,1845
U02872,2140.0,11,22,DEV-D517,Jessore,10,958
U02873,1210.0,7,21,DEV-FB8A,Tangail,13,2356
U02874,370.0,8,19,DEV-ECD6,Cox's Bazar,7,1094
U02875,1310.0,9,21,DEV-D6CB,Noakhali,4,2112
U02876,580.0,10,23,DEV-77E1,Cumilla,13,1372
U02877,4040.0,12,23,DEV-86B2,Jessore,6,1710
U02878,300.0,12,22,DEV-8A40,Gazipur,5,1644
U02879,1490.0,12,23,DEV-BC78,Sylhet,11,323
U02880,540.0,6,17,DEV-0D88,Cumilla,9,1992
U02881,1090.0,7,19,DEV-D3A9,Khulna,3,2460
U02882,1870.0,9,23,DEV-CEDA,Cox's Bazar,14,985
U02883,2480.0,6,18,"DEV-FEC0,DEV-9834",Noakhali,9,879
U02884,1040.0,8,20,"DEV-7510,DEV-7A9F",Cox's Bazar,6,1505
U02885,2020.0,7,17,"DEV-9EC4,DEV-4D75",Cox's Bazar,4,1592
U02886,650.0,12,23,DEV-C6E2,Dhaka,11,976
U02887,1330.0,6,18,DEV-719A,Tangail,12,704
U02888,2440.0,7,20,DEV-4821,Cox's Bazar,12,2429
U02889,1430.0,7,21,DEV-BC3C,Bogura,11,2073
U02890,720.0,7,19,DEV-5637,Chattogram,14,1442
U02891,880.0,9,19,DEV-14AD,Bogura,10,964
U02892,2470.0,8,22,DEV-85A6,Mymensingh,6,899
U02893,460.0,12,23,DEV-81BE,Chattogram,5,994
U02894,520.0,7,19,DEV-4A9D,Narayanganj,7,1494
U02895,1770.0,9,23,DEV-08DE,Jessore,12,41
U02896,770.0,10,22,"DEV-79C8,DEV-C5B1",Gazipur,3,1652
U02897,340.0,10,23,DEV-CD2D,Sylhet,6,1451
U02898,3230.0,11,23,DEV-3605,Rangpur,8,387
U02899,460.0,7,19,"DEV-6E2A,DEV-E743",Noakhali,10,649
U02900,930.0,9,23,DEV-5832,Cumilla,4,714
U02901,670.0,11,21,DEV-79E0,Dhaka,4,2306
U02902,860.0,12,23,DEV-ADF8,Noakhali,14,2338
U02903,540.0,10,23,DEV-750E,Cox's Bazar,4,1964
U02904,1940.0,10,20,DEV-D761,Noakhali,4,1713
U02905,1200.0,12,22,"DEV-5C3F,DEV-7DFE",Khulna,5,2381
U02906,2410.0,10,20,"DEV-842F,DEV-BE8C",Bogura,7,1843
U02907,670.0,12,23,"DEV-5688,DEV-467C",Gazipur,5,992
U02908,6040.0,6,20,"DEV-5C23,DEV-3B82",Mymensingh,13,915
U02909,240.0,8,18,DEV-3213,Rangpur,4,1664
U02910,310.0,6,16,"DEV-D1B9,DEV-585F",Mymensingh,4,1039
U02911,4460.0,6,18,DEV-451F,Bogura,4,1145
U02912,1600.0,9,20,DEV-CFCB,Cox's Bazar,11,2431
U02913,1440.0,7,20,"DEV-C9DA,DEV-3EE5",Jessore,14,2276
U02914,1550.0,8,21,"DEV-4E0A,DEV-D23D",Dhaka,5,1527
U02915,1730.0,9,23,"DEV-4724,DEV-DC7E",Bogura,10,830
U02916,1390.0,10,22,DEV-9E1F,Bogura,7,1122
U02917,510.0,12,23,DEV-AA94,Barishal,11,841
U02918,2110.0,11,21,DEV-88B1,Rangpur,11,1065
U02919,1860.0,8,22,DEV-07DA,Chattogram,6,933
U02920,3440.0,8,19,"DEV-D313,DEV-8F9F",Cumilla,10,1129
U02921,4500.0,11,23,"DEV-2C40,DEV-D548",Noakhali,3,1259
U02922,1430.0,6,20,DEV-4B20,Dhaka,9,1617
U02923,410.0,9,22,DEV-5DA3,Tangail,15,2222
U02924,4530.0,8,21,DEV-A39C,Narayanganj,14,1335
U02925,490.0,7,17,DEV-4866,Jessore,3,542
U02926,1440.0,10,23,DEV-01A7,Narayanganj,3,487
U02927,890.0,8,18,"DEV-5245,DEV-AEE2",Dhaka,13,1638
U02928,780.0,7,20,DEV-6C4E,Rangpur,5,2495
U02929,2020.0,10,22,"DEV-B65E,DEV-11F6",Jessore,11,785
U02930,1330.0,7,19,DEV-41EA,Chattogram,10,248
U02931,1650.0,10,23,"DEV-3CD8,DEV-1067",Cumilla,8,234
U02932,570.0,7,20,DEV-A59C,Cumilla,7,706
U02933,950.0,9,20,DEV-35D5,Tangail,12,2385
U02934,590.0,11,22,DEV-78F4,Cumilla,6,1958
U02935,940.0,7,19,"DEV-FD8E,DEV-3F51",Chattogram,12,1970
U02936,1000.0,11,21,"DEV-31D9,DEV-EE4D",Tangail,6,852
U02937,4800.0,11,22,DEV-5B7E,Chattogram,14,2381
U02938,890.0,12,22,DEV-4BA8,Khulna,12,1036
U02939,200.0,7,19,DEV-B838,Gazipur,10,1018
U02940,3350.0,11,22,"DEV-211A,DEV-60D1",Cumilla,4,2346
U02941,1570.0,12,23,DEV-3308,Jessore,5,1899
U02942,990.0,11,23,DEV-E44A,Gazipur,11,743
U02943,770.0,7,17,DEV-4BEC,Mymensingh,10,1638
U02944,510.0,11,21,DEV-911C,Rangpur,4,895
U02945,5170.0,6,17,"DEV-85C5,DEV-7E23",Bogura,4,1558
U02946,1140.0,10,20,"DEV-10FA,DEV-433F",Gazipur,10,368
U02947,270.0,9,23,"DEV-DADC,DEV-8C52",Sylhet,7,129
U02948,1430.0,9,23,"DEV-E0A1,DEV-8F38",Dhaka,9,2410
U02949,2880.0,9,23,"DEV-517F,DEV-586B",Cox's Bazar,10,207
U02950,1240.0,6,19,DEV-C67A,Tangail,14,1021
U02951,530.0,9,19,"DEV-3CDC,DEV-9984",Khulna,6,512
U02952,500.0,12,23,DEV-EF87,Barishal,12,66
U02953,530.0,9,19,DEV-D86E,Gazipur,14,1881
U02954,3700.0,7,18,"DEV-6329,DEV-46E6",Cox's Bazar,14,729
U02955,1040.0,12,23,DEV-9F22,Jessore,15,2001
U02956,290.0,6,19,DEV-9C37,Chattogram,3,1387
U02957,1490.0,9,20,DEV-B8F4,Barishal,3,1628
U02958,1230.0,9,20,DEV-129C,Gazipur,14,1681
U02959,770.0,9,23,"DEV-8A37,DEV-026B",Rangpur,5,504
U02960,480.0,12,23,DEV-FDB0,Mymensingh,6,1156
U02961,470.0,8,20,DEV-DFEB,Rajshahi,9,1950
U02962,2620.0,12,23,DEV-BD62,Khulna,11,608
U02963,1340.0,6,20,DEV-4B67,Bogura,3,310
U02964,1610.0,11,23,DEV-BF11,Gazipur,11,1054
U02965,1330.0,10,20,DEV-7205,Dhaka,4,2238
U02966,1430.0,7,17,DEV-A620,Rajshahi,7,825
U02967,750.0,7,21,DEV-3B55,Khulna,14,980
U02968,930.0,11,23,DEV-7982,Cumilla,4,341
U02969,2780.0,10,23,DEV-E075,Rajshahi,3,1825
U02970,3400.0,10,20,"DEV-3097,DEV-6270",Chattogram,9,863
U02971,410.0,6,19,DEV-4AA5,Bogura,6,448
U02972,930.0,10,23,DEV-2DDA,Jessore,6,282
U02973,2150.0,12,23,"DEV-65AE,DEV-9BA4",Cumilla,8,806
U02974,4940.0,6,18,DEV-0E05,Mymensingh,5,532
U02975,4560.0,9,21,DEV-3499,Narayanganj,3,1253
U02976,580.0,9,22,"DEV-D131,DEV-42BC",Rajshahi,15,1083
U02977,3040.0,12,22,DEV-55F3,Sylhet,13,1255
U02978,1150.0,7,20,"DEV-AC3B,DEV-BF14",Tangail,8,936
U02979,2530.0,9,21,"DEV-F58E,DEV-28A8",Khulna,13,270
U02980,2060.0,11,21,"DEV-C13A,DEV-B947",Mymensingh,15,1949
U02981,400.0,6,20,"DEV-1FC7,DEV-E067",Narayanganj,8,1384
U02982,1700.0,11,22,DEV-5003,Cox's Bazar,5,485
U02983,2450.0,11,23,"DEV-6C4E,DEV-CBDD",Mymensingh,5,215
U02984,1080.0,11,22,DEV-8623,Chattogram,15,2351
U02985,900.0,10,22,DEV-466F,Sylhet,14,2311
U02986,310.0,11,23,DEV-526A,Barishal,12,496
U02987,1890.0,11,23,DEV-BD74,Rajshahi,11,1071
U02988,1300.0,12,22,DEV-2EEA,Jessore,6,1468
U02989,520.0,8,19,DEV-78C6,Barishal,9,1114
U02990,840.0,9,19,DEV-BF58,Barishal,7,2095
U02991,1240.0,10,21,DEV-E267,Rajshahi,8,1455
U02992,700.0,7,19,"DEV-D377,DEV-5BF0",Noakhali,12,685
U02993,1100.0,11,23,DEV-32DD,Bogura,10,1960
U02994,270.0,11,23,"DEV-EF3F,DEV-98EF",Bogura,8,2190
U02995,3230.0,10,22,"DEV-684D,DEV-E6E5",Mymensingh,6,201
U02996,1110.0,8,20,"DEV-B9E9,DEV-79FB",Mymensingh,11,2132
U02997,460.0,8,18,DEV-31F8,Jessore,8,1766
U02998,150.0,9,19,"DEV-14E7,DEV-87E1",Narayanganj,3,2297
U02999,2500.0,10,23,"DEV-1D49,DEV-4F64",Barishal,11,2279
U03000,1710.0,11,23,"DEV-AE6C,DEV-0342",Gazipur,7,152
U03001,1300.0,10,22,"DEV-FD48,DEV-6FF0",Sylhet,8,1114
U03002,2190.0,12,23,DEV-DEC2,Cumilla,15,206
U03003,2180.0,12,23,DEV-2C28,Narayanganj,11,62
U03004,1280.0,10,23,"DEV-75F2,DEV-F564",Barishal,3,2295
U03005,890.0,8,18,DEV-A1DF,Rajshahi,12,641
U03006,790.0,10,22,"DEV-CEFE,DEV-AF5F",Khulna,6,179
U03007,1540.0,8,19,DEV-BD50,Noakhali,12,2354
U03008,3350.0,10,20,DEV-5D46,Sylhet,7,1037
U03009,1010.0,11,23,DEV-740D,Chattogram,10,321
U03010,3570.0,8,21,DEV-0CAA,Jessore,12,659
U03011,1480.0,9,23,"DEV-4254,DEV-1083",Narayanganj,5,63
U03012,1490.0,6,16,DEV-5309,Tangail,4,1702
U03013,7510.0,11,21,"DEV-B9D0,DEV-3451",Mymensingh,12,2341
U03014,4110.0,9,21,DEV-7A7F,Cumilla,3,996
U03015,4200.0,9,23,"DEV-8D48,DEV-29EF",Rangpur,13,2161
U03016,580.0,9,23,DEV-CFAE,Cox's Bazar,8,877
U03017,6330.0,7,20,DEV-C56D,Cox's Bazar,4,1167
U03018,1030.0,10,23,DEV-2FF9,Rajshahi,12,558
U03019,910.0,11,23,DEV-0943,Dhaka,14,43
U03020,190.0,8,19,"DEV-012A,DEV-4AFD",Chattogram,3,433
U03021,1420.0,6,18,"DEV-2027,DEV-0476",Cox's Bazar,15,1471
U03022,460.0,8,21,DEV-75FF,Mymensingh,8,275
U03023,1520.0,7,18,DEV-8665,Bogura,11,2047
U03024,430.0,8,22,DEV-04C2,Bogura,6,2295
U03025,4620.0,10,23,DEV-9940,Jessore,4,736
U03026,1700.0,6,18,DEV-673C,Barishal,15,698
U03027,6790.0,11,23,DEV-3349,Rajshahi,11,456
U03028,480.0,7,20,DEV-1C74,Narayanganj,6,1042
U03029,3790.0,12,23,"DEV-C257,DEV-1B96",Cumilla,7,2264
U03030,260.0,11,22,DEV-3353,Jessore,12,993
U03031,1300.0,7,19,DEV-B66C,Dhaka,6,1926
U03032,660.0,9,19,DEV-A130,Gazipur,11,824
U03033,770.0,6,18,DEV-FFDE,Jessore,3,1136
U03034,730.0,6,18,DEV-0A59,Mymensingh,15,1248
U03035,530.0,12,23,DEV-31C9,Gazipur,12,2265
U03036,400.0,11,23,DEV-A95E,Dhaka,7,1261
U03037,770.0,7,21,"DEV-3AC6,DEV-6186",Narayanganj,10,1532
U03038,1200.0,7,18,"DEV-4BE1,DEV-CEF0",Chattogram,5,2140
U03039,2780.0,7,19,"DEV-C8FC,DEV-CE47",Cumilla,8,2361
U03040,1390.0,8,21,DEV-8181,Noakhali,7,2240
U03041,2790.0,8,19,DEV-7CDB,Noakhali,8,284
U03042,340.0,8,21,DEV-9217,Cumilla,13,306
U03043,780.0,9,23,DEV-113B,Cumilla,8,1107
U03044,1940.0,7,18,"DEV-8BE7,DEV-46CE",Noakhali,3,897
U03045,1440.0,12,23,"DEV-EFF6,DEV-2F26",Rajshahi,8,1707
U03046,550.0,11,21,DEV-08EC,Narayanganj,3,1097
U03047,2320.0,11,21,DEV-F6A1,Bogura,9,1037
U03048,720.0,7,18,DEV-286C,Khulna,11,253
U03049,590.0,10,23,DEV-847A,Cox's Bazar,4,893
U03050,1620.0,11,22,"DEV-61D1,DEV-44F1",Cox's Bazar,3,1441
U03051,1100.0,7,21,DEV-7CEF,Jessore,7,1747
U03052,720.0,11,23,DEV-BB7F,Tangail,9,447
U03053,700.0,8,21,DEV-1D2A,Barishal,3,1526
U03054,470.0,11,23,DEV-A95A,Barishal,7,1445
U03055,800.0,9,21,DEV-E4A5,Dhaka,13,727
U03056,2640.0,11,23,"DEV-4A4D,DEV-AD87",Gazipur,10,2227
U03057,1330.0,7,19,DEV-EB99,Gazipur,9,1126
U03058,2360.0,8,18,DEV-EEA6,Cox's Bazar,4,681
U03059,1660.0,7,21,DEV-A5DD,Cumilla,13,1776
U03060,670.0,7,21,DEV-F0D7,Rangpur,10,495
U03061,290.0,8,22,DEV-C6F9,Rajshahi,8,1578
U03062,520.0,8,20,DEV-8334,Jessore,10,1714
U03063,640.0,6,16,DEV-2035,Sylhet,4,1148
U03064,600.0,10,22,DEV-DA5D,Tangail,11,533
U03065,2400.0,9,23,"DEV-495E,DEV-BC9B",Barishal,6,672
U03066,2380.0,11,23,"DEV-A515,DEV-5C49",Narayanganj,3,577
U03067,6430.0,10,23,"DEV-C650,DEV-A847",Rajshahi,6,313
U03068,600.0,7,20,DEV-BED7,Sylhet,7,2494
U03069,3940.0,6,16,"DEV-F3E6,DEV-465B",Bogura,8,2105
U03070,3920.0,8,21,DEV-C395,Sylhet,5,1318
U03071,910.0,9,19,DEV-0A2A,Dhaka,13,2056
U03072,1600.0,7,20,DEV-B59B,Jessore,6,1653
U03073,2960.0,11,21,DEV-27CE,Tangail,4,1544
U03074,1050.0,10,22,"DEV-38CC,DEV-3212",Cumilla,5,1801
U03075,980.0,11,23,DEV-D4C4,Noakhali,8,1441
U03076,660.0,6,16,DEV-5FB4,Dhaka,3,1413
U03077,170.0,11,23,"DEV-63C0,DEV-5C82",Sylhet,4,366
U03078,1160.0,7,17,DEV-9FC2,Dhaka,5,1537
U03079,620.0,9,22,"DEV-EA7D,DEV-AD7E",Rajshahi,8,1133
U03080,460.0,9,23,"DEV-19EA,DEV-83E6",Rangpur,15,637
U03081,1540.0,11,21,"DEV-1B89,DEV-2A63",Tangail,10,1225
U03082,340.0,7,19,"DEV-3259,DEV-B28B",Noakhali,4,2088
U03083,2090.0,7,20,DEV-E020,Cox's Bazar,3,1169
U03084,1610.0,8,18,DEV-3F4B,Mymensingh,4,1206
U03085,800.0,8,20,"DEV-F134,DEV-43EE",Rajshahi,3,627
U03086,1040.0,7,17,"DEV-4EA1,DEV-2075",Cox's Bazar,9,2020
U03087,420.0,7,21,DEV-0BF5,Dhaka,12,335
U03088,2000.0,7,19,DEV-9EB3,Noakhali,8,2098
U03089,1270.0,9,21,DEV-684F,Tangail,8,2330
U03090,1350.0,8,22,DEV-1E0E,Dhaka,10,468
U03091,1640.0,8,21,DEV-908F,Mymensingh,7,1404
U03092,660.0,11,22,"DEV-585F,DEV-6490",Cox's Bazar,13,1477
U03093,330.0,7,20,"DEV-E3B6,DEV-674A",Bogura,11,2160
U03094,2360.0,12,23,DEV-73FB,Tangail,15,835
U03095,1900.0,11,23,DEV-AFF1,Cumilla,4,1689
U03096,710.0,7,21,DEV-E4FD,Mymensingh,8,275
U03097,1520.0,8,22,DEV-BCF9,Noakhali,14,2056
U03098,3000.0,7,21,DEV-7E22,Chattogram,11,1902
U03099,2730.0,7,19,DEV-4E3E,Barishal,13,563
U03100,700.0,8,22,DEV-2DC7,Tangail,9,338
U03101,330.0,6,20,DEV-1FA6,Khulna,8,291
U03102,380.0,6,18,DEV-C247,Noakhali,12,2078
U03103,850.0,9,19,DEV-BCA5,Bogura,9,1546
U03104,3530.0,10,20,DEV-5A7B,Cumilla,8,946
U03105,610.0,8,21,DEV-F04F,Sylhet,8,1386
U03106,680.0,12,23,DEV-F765,Khulna,4,1409
U03107,670.0,8,22,DEV-9EE9,Rajshahi,13,268
U03108,720.0,12,23,DEV-431A,Rangpur,14,1115
U03109,1090.0,7,21,DEV-81AD,Mymensingh,3,1539
U03110,390.0,9,23,"DEV-D277,DEV-81C5",Rajshahi,8,1530
U03111,2610.0,11,23,DEV-7E6D,Mymensingh,11,479
U03112,980.0,6,17,DEV-885B,Mymensingh,4,2322
U03113,7970.0,12,23,DEV-D795,Tangail,6,297
U03114,430.0,8,21,"DEV-6922,DEV-2EDB",Noakhali,15,2159
U03115,3910.0,9,23,"DEV-8385,DEV-A237",Rangpur,13,2463
U03116,3340.0,10,20,DEV-EF48,Gazipur,14,1884
U03117,790.0,10,21,DEV-1CF9,Sylhet,15,1402
U03118,800.0,6,16,DEV-F151,Sylhet,11,506
U03119,520.0,12,23,DEV-CE35,Cumilla,6,844
U03120,530.0,10,22,DEV-B5E0,Tangail,15,1385
U03121,1100.0,12,23,DEV-3C53,Barishal,8,272
U03122,1110.0,9,20,"DEV-34D4,DEV-6D75",Tangail,10,1778
U03123,300.0,10,20,"DEV-2EBB,DEV-A7ED",Chattogram,10,2294
U03124,6870.0,9,21,DEV-C095,Bogura,10,1863
U03125,890.0,12,23,"DEV-7A6B,DEV-B115",Rangpur,10,2358
U03126,1160.0,11,22,DEV-C765,Jessore,13,1201
U03127,660.0,12,23,DEV-E9B0,Rajshahi,5,664
U03128,890.0,9,22,"DEV-B02B,DEV-3BD5",Barishal,8,71
U03129,820.0,11,22,DEV-2162,Sylhet,10,1104
U03130,1090.0,8,21,DEV-F0BA,Bogura,10,314
U03131,1080.0,9,20,DEV-C600,Narayanganj,12,1624
U03132,2090.0,11,23,DEV-D96F,Mymensingh,7,2011
U03133,1320.0,6,20,DEV-6C68,Khulna,15,304
U03134,1930.0,10,23,DEV-2851,Jessore,3,1305
U03135,1090.0,6,18,DEV-9906,Dhaka,12,1356
U03136,1320.0,10,21,DEV-A3C4,Gazipur,5,798
U03137,900.0,9,23,DEV-3771,Rangpur,10,570
U03138,2450.0,9,21,"DEV-784A,DEV-6C4F",Sylhet,3,1792
U03139,1420.0,9,20,DEV-4275,Cumilla,6,586
U03140,970.0,9,21,DEV-D130,Cox's Bazar,8,108
U03141,940.0,8,20,"DEV-7C58,DEV-ED1E",Cox's Bazar,4,1519
U03142,1000.0,9,23,"DEV-0059,DEV-F04D",Chattogram,7,196
U03143,1120.0,9,20,DEV-A961,Barishal,11,795
U03144,1050.0,11,21,"DEV-B338,DEV-49AD",Mymensingh,5,245
U03145,700.0,9,21,"DEV-1433,DEV-3B3E",Jessore,11,1389
U03146,2020.0,10,23,DEV-714F,Narayanganj,9,567
U03147,2130.0,11,21,"DEV-5683,DEV-316C",Noakhali,13,677
U03148,4570.0,12,23,"DEV-033E,DEV-B296",Mymensingh,11,1016
U03149,680.0,6,16,DEV-AABC,Cox's Bazar,8,1234
U03150,1870.0,10,22,DEV-294F,Mymensingh,13,1806
U03151,240.0,7,19,"DEV-C87C,DEV-FA41",Noakhali,5,2332
U03152,2130.0,7,17,"DEV-FFF3,DEV-31CC",Dhaka,10,1519
U03153,340.0,11,23,DEV-6D5C,Narayanganj,5,1227
U03154,500.0,6,16,"DEV-0D7E,DEV-0327",Barishal,8,1472
U03155,1430.0,11,23,"DEV-D7F1,DEV-F7D1",Cumilla,9,1268
U03156,670.0,11,23,"DEV-33C7,DEV-76B5",Narayanganj,10,43
U03157,600.0,12,23,"DEV-0625,DEV-D0D4",Bogura,7,1247
U03158,740.0,10,20,DEV-8C4E,Tangail,11,1867
U03159,1970.0,12,23,DEV-4AC9,Barishal,5,2145
U03160,520.0,6,19,DEV-F81E,Rangpur,5,257
U03161,1050.0,12,23,DEV-22D1,Rangpur,4,1713
U03162,810.0,7,20,DEV-447A,Rajshahi,9,302
U03163,2110.0,8,21,"DEV-BF6A,DEV-68A1",Mymensingh,8,105
U03164,2160.0,6,16,"DEV-B356,DEV-3CB6",Jessore,13,143
U03165,250.0,8,22,DEV-A88A,Chattogram,7,321
U03166,2530.0,11,23,"DEV-8ED7,DEV-0C0A",Cumilla,10,237
U03167,670.0,7,21,DEV-52A1,Gazipur,15,1457
U03168,1320.0,11,23,DEV-4C24,Jessore,11,2303
U03169,520.0,10,21,DEV-9763,Mymensingh,14,1907
U03170,1480.0,10,23,DEV-7033,Mymensingh,9,1835
U03171,8440.0,12,23,DEV-7A5F,Mymensingh,5,319
U03172,1210.0,9,23,"DEV-2B65,DEV-EDCC",Barishal,8,2347
U03173,760.0,8,22,DEV-BFEC,Noakhali,12,1271
U03174,910.0,12,22,DEV-AB85,Gazipur,4,107
U03175,340.0,9,23,DEV-4691,Bogura,9,1616
U03176,3500.0,10,23,DEV-AEBD,Noakhali,9,1770
U03177,1410.0,8,20,"DEV-3C22,DEV-7C88",Narayanganj,15,1019
U03178,470.0,7,19,"DEV-44AB,DEV-4D9A",Bogura,15,1797
U03179,490.0,7,19,DEV-A63E,Chattogram,10,1742
U03180,1110.0,7,20,DEV-505F,Gazipur,5,1464
U03181,2310.0,7,20,DEV-BAE9,Rajshahi,5,876
U03182,440.0,11,23,DEV-8105,Tangail,10,2496
U03183,2670.0,6,20,DEV-FB27,Sylhet,5,1568
U03184,1020.0,10,21,DEV-3120,Rajshahi,11,1171
U03185,520.0,12,23,DEV-F1E1,Jessore,15,1921
U03186,750.0,11,23,DEV-21E6,Jessore,5,629
U03187,4440.0,8,18,DEV-8CB7,Mymensingh,14,2390
U03188,360.0,6,18,DEV-5F52,Dhaka,3,1847
U03189,610.0,11,23,DEV-C095,Noakhali,9,1608
U03190,2350.0,6,19,DEV-2166,Cumilla,8,687
U03191,1300.0,10,23,DEV-4137,Barishal,10,898
U03192,580.0,10,20,DEV-3B12,Bogura,9,2375
U03193,2370.0,7,17,DEV-EBB5,Cumilla,10,1811
U03194,2460.0,11,23,"DEV-88F6,DEV-2A0A",Mymensingh,4,304
U03195,1430.0,7,18,"DEV-CA42,DEV-491A",Barishal,12,2017
U03196,670.0,7,17,DEV-398A,Gazipur,15,323
U03197,760.0,11,23,"DEV-7E8C,DEV-CAA9",Narayanganj,9,1054
U03198,1380.0,12,23,"DEV-D6EB,DEV-03FA",Jessore,14,1060
U03199,380.0,7,20,DEV-E5E7,Dhaka,4,925
U03200,3170.0,12,22,DEV-FF3B,Rajshahi,12,1253
U03201,4270.0,12,23,DEV-5225,Khulna,7,406
U03202,910.0,11,22,DEV-8455,Rajshahi,11,1663
U03203,1460.0,6,16,"DEV-605A,DEV-79D3",Rajshahi,10,1701
U03204,2830.0,8,20,DEV-A6FE,Tangail,3,2133
U03205,5240.0,10,21,DEV-A68A,Dhaka,7,1128
U03206,3810.0,12,23,DEV-7984,Tangail,8,1340
U03207,270.0,11,23,DEV-79A4,Bogura,13,358
U03208,850.0,8,21,DEV-7D12,Cox's Bazar,4,888
U03209,1640.0,7,17,DEV-6873,Mymensingh,15,1416
U03210,740.0,12,23,DEV-1F8A,Tangail,3,1058
U03211,4570.0,7,19,"DEV-5EF8,DEV-B72C",Chattogram,6,2475
U03212,4040.0,8,22,DEV-FA52,Bogura,4,714
U03213,570.0,12,23,DEV-D00B,Bogura,14,156
U03214,960.0,9,22,"DEV-DC8A,DEV-C878",Cox's Bazar,10,2172
U03215,600.0,7,18,DEV-809D,Chattogram,12,1303
U03216,940.0,6,17,DEV-AE97,Barishal,11,205
U03217,920.0,9,22,"DEV-D620,DEV-390F",Barishal,10,2341
U03218,2350.0,12,23,DEV-262A,Chattogram,6,542
U03219,540.0,9,19,DEV-4430,Rangpur,4,2399
U03220,140.0,10,22,DEV-8789,Khulna,8,880
U03221,300.0,7,20,DEV-C943,Khulna,8,874
U03222,480.0,11,21,DEV-733D,Mymensingh,8,552
U03223,650.0,11,23,DEV-FB9C,Bogura,15,453
U03224,1270.0,10,22,DEV-532B,Mymensingh,4,2006
U03225,460.0,11,23,DEV-7642,Rajshahi,11,1069
U03226,420.0,10,22,DEV-EB1D,Tangail,5,1404
U03227,520.0,8,22,DEV-2BB3,Narayanganj,10,816
U03228,450.0,11,21,DEV-D51D,Sylhet,11,1076
U03229,700.0,11,22,"DEV-26A8,DEV-E835",Khulna,3,1221
U03230,680.0,11,22,DEV-52BE,Sylhet,8,796
U03231,1900.0,7,21,DEV-A29C,Sylhet,7,1502
U03232,500.0,10,22,DEV-B631,Cox's Bazar,9,1179
U03233,820.0,6,16,DEV-604F,Gazipur,9,1927
U03234,710.0,10,20,DEV-8CDF,Barishal,9,1950
U03235,2090.0,9,23,"DEV-C1BD,DEV-E038",Khulna,11,1596
U03236,970.0,8,18,DEV-1BCA,Chattogram,5,285
U03237,2540.0,12,22,DEV-7ED5,Narayanganj,14,2233
U03238,440.0,12,23,DEV-DA62,Cumilla,13,1748
U03239,1050.0,6,18,"DEV-8E4E,DEV-075E",Khulna,8,1847
U03240,690.0,7,18,DEV-2020,Rajshahi,14,1633
U03241,410.0,7,17,DEV-D175,Rangpur,6,1311
U03242,1040.0,12,22,"DEV-6C60,DEV-B434",Rajshahi,5,1422
U03243,4390.0,9,21,"DEV-E482,DEV-16A5",Jessore,6,324
U03244,550.0,11,23,DEV-7481,Sylhet,13,2299
U03245,990.0,11,21,"DEV-25A1,DEV-D799",Noakhali,4,2015
U03246,380.0,11,23,"DEV-73CF,DEV-E06B",Tangail,6,2276
U03247,340.0,6,16,DEV-4CC4,Mymensingh,4,1793
U03248,580.0,6,19,"DEV-2533,DEV-DE06",Chattogram,8,684
U03249,770.0,8,18,DEV-9CF9,Cox's Bazar,6,860
U03250,790.0,8,19,DEV-315D,Noakhali,13,2170
U03251,920.0,11,21,DEV-B1BB,Barishal,12,602
U03252,290.0,7,20,"DEV-6AC5,DEV-0BEF",Sylhet,14,1548
U03253,660.0,8,21,DEV-42AD,Bogura,8,1655
U03254,1640.0,7,17,DEV-C004,Rangpur,9,482
U03255,370.0,7,19,DEV-208E,Jessore,14,238
U03256,830.0,7,18,DEV-5670,Mymensingh,12,113
U03257,1390.0,7,17,"DEV-427E,DEV-BBA1",Noakhali,15,1974
U03258,590.0,9,19,"DEV-DC27,DEV-C99E",Tangail,15,748
U03259,1440.0,8,22,DEV-B72A,Jessore,3,590
U03260,320.0,9,22,"DEV-16EC,DEV-EA0A",Sylhet,6,2275
U03261,2230.0,9,22,"DEV-296D,DEV-67BF",Cox's Bazar,12,1495
U03262,1470.0,11,22,DEV-D3E9,Noakhali,4,90
U03263,1150.0,12,23,DEV-3D8B,Khulna,4,779
U03264,2700.0,9,22,DEV-3780,Dhaka,4,1203
U03265,840.0,10,22,DEV-06BC,Tangail,3,1208
U03266,670.0,11,21,DEV-5BB3,Barishal,11,1965
U03267,3290.0,10,22,DEV-7EC2,Rajshahi,6,2007
U03268,4780.0,6,18,"DEV-77A6,DEV-0A2B",Rangpur,15,108
U03269,630.0,12,23,DEV-3478,Chattogram,4,738
U03270,1000.0,7,19,"DEV-0118,DEV-3997",Noakhali,8,1513
U03271,2530.0,8,22,"DEV-9ACD,DEV-023B",Gazipur,11,111
U03272,1030.0,10,21,DEV-2A31,Cumilla,7,1439
U03273,1760.0,8,20,DEV-8B43,Barishal,12,221
U03274,2050.0,7,21,"DEV-8F4D,DEV-E56E",Mymensingh,13,1445
U03275,700.0,12,23,"DEV-92D1,DEV-ED05",Dhaka,11,213
U03276,1530.0,6,20,DEV-B94C,Rangpur,10,1854
U03277,1090.0,7,20,DEV-8CEB,Gazipur,10,1163
U03278,410.0,12,22,DEV-6214,Tangail,15,2379
U03279,500.0,11,23,"DEV-1C7E,DEV-B484",Sylhet,13,235
U03280,650.0,6,16,"DEV-F024,DEV-5DAF",Khulna,3,2178
U03281,2300.0,11,23,DEV-5B02,Rangpur,13,1049
U03282,2370.0,12,23,DEV-1908,Gazipur,5,1234
U03283,2000.0,6,19,DEV-98FF,Gazipur,14,1753
U03284,1560.0,8,21,"DEV-4F5B,DEV-0299",Tangail,7,1566
U03285,1530.0,9,22,"DEV-01EF,DEV-55E8",Rangpur,12,2203
U03286,1370.0,6,17,"DEV-7663,DEV-7509",Narayanganj,12,2083
U03287,1520.0,7,20,DEV-BD84,Mymensingh,7,576
U03288,1600.0,7,20,DEV-872E,Cox's Bazar,15,708
U03289,360.0,7,17,DEV-C8E4,Jessore,9,2195
U03290,580.0,8,21,DEV-4C08,Rajshahi,8,2030
U03291,480.0,9,19,DEV-3B6A,Mymensingh,9,2445
U03292,2660.0,7,19,"DEV-8A1F,DEV-1B0B",Cox's Bazar,7,2292
U03293,4120.0,8,19,DEV-C3B6,Cumilla,4,1575
U03294,190.0,7,18,DEV-2F78,Jessore,15,2407
U03295,3830.0,11,22,"DEV-EA43,DEV-FBD3",Tangail,13,1850
U03296,1180.0,7,21,DEV-8998,Sylhet,13,2222
U03297,2470.0,12,23,DEV-4FE5,Cox's Bazar,14,1223
U03298,1640.0,9,22,"DEV-56B3,DEV-6DE5",Dhaka,10,2414
U03299,3470.0,11,23,DEV-7AB1,Sylhet,15,214
U03300,1300.0,10,21,DEV-135C,Cumilla,15,2271
U03301,370.0,7,17,DEV-3291,Dhaka,6,2401
U03302,1010.0,10,22,"DEV-CA10,DEV-0D7D",Rangpur,8,1979
U03303,1660.0,7,19,DEV-72CF,Barishal,4,2364
U03304,920.0,6,17,DEV-E000,Rajshahi,12,1068
U03305,1860.0,7,18,DEV-165F,Noakhali,4,827
U03306,1040.0,7,17,DEV-ECEF,Narayanganj,12,360
U03307,680.0,6,20,"DEV-7912,DEV-6C63",Noakhali,13,513
U03308,460.0,6,17,DEV-B698,Mymensingh,8,2170
U03309,800.0,12,23,DEV-C6F6,Cox's Bazar,11,191
U03310,1290.0,9,22,DEV-7918,Dhaka,15,524
U03311,230.0,8,18,DEV-1547,Tangail,12,1259
U03312,590.0,12,22,DEV-F7F7,Dhaka,8,918
U03313,220.0,7,19,DEV-0243,Bogura,14,2314
U03314,670.0,8,18,DEV-DF24,Jessore,3,103
U03315,2860.0,11,23,DEV-6F1D,Gazipur,5,131
U03316,420.0,10,23,"DEV-83C9,DEV-C3D8",Dhaka,7,701
U03317,1920.0,8,21,"DEV-F0C4,DEV-2681",Dhaka,7,1540
U03318,10710.0,7,18,DEV-CFB6,Gazipur,11,909
U03319,3510.0,6,20,DEV-A93F,Gazipur,13,2093
U03320,1220.0,6,19,DEV-5E46,Tangail,3,267
U03321,2180.0,7,18,DEV-6CFC,Narayanganj,6,967
U03322,370.0,11,23,DEV-C57A,Jessore,13,1633
U03323,310.0,10,21,"DEV-23D8,DEV-817F",Dhaka,9,1541
U03324,1120.0,9,21,"DEV-B8E0,DEV-8A02",Mymensingh,7,1308
U03325,1510.0,11,23,DEV-72A6,Khulna,8,1126
U03326,2630.0,7,21,"DEV-8546,DEV-82F2",Barishal,10,262
U03327,700.0,7,17,DEV-CDBD,Jessore,10,191
U03328,1280.0,8,19,DEV-D228,Narayanganj,13,164
U03329,1250.0,12,23,DEV-EB26,Dhaka,15,1276
U03330,990.0,10,22,DEV-1276,Narayanganj,13,2215
U03331,1030.0,11,23,"DEV-51CB,DEV-E073",Jessore,4,249
U03332,550.0,7,20,DEV-A454,Rangpur,8,191
U03333,1370.0,11,22,DEV-6076,Cox's Bazar,9,1721
U03334,1280.0,6,17,DEV-A0DE,Noakhali,11,1266
U03335,770.0,7,19,"DEV-7690,DEV-E332",Gazipur,15,795
U03336,1870.0,9,19,DEV-8EDF,Dhaka,8,74
U03337,2500.0,6,19,DEV-727C,Dhaka,7,2012
U03338,1890.0,12,22,DEV-9FA1,Narayanganj,14,1658
U03339,480.0,12,23,"DEV-30AE,DEV-C54E",Khulna,12,1479
U03340,1190.0,9,22,DEV-33FD,Dhaka,8,608
U03341,530.0,8,19,DEV-0612,Noakhali,15,2339
U03342,1180.0,6,16,"DEV-0D20,DEV-10EE",Khulna,6,185
U03343,530.0,10,23,DEV-19C9,Bogura,6,1852
U03344,3050.0,9,21,DEV-0CF9,Noakhali,3,1827
U03345,2050.0,11,21,DEV-4D1C,Dhaka,4,1820
U03346,2760.0,10,22,DEV-F5F5,Rajshahi,14,1516
U03347,2540.0,6,20,DEV-1A41,Mymensingh,3,782
U03348,880.0,6,19,DEV-AD14,Tangail,12,1155
U03349,780.0,11,23,DEV-DEFE,Noakhali,3,1121
U03350,4420.0,7,19,DEV-CF28,Narayanganj,5,2169
U03351,960.0,12,22,DEV-5CAC,Cumilla,7,1871
U03352,370.0,6,20,"DEV-0D81,DEV-5E53",Jessore,5,1206
U03353,2460.0,11,23,DEV-9A00,Mymensingh,4,1813
U03354,1230.0,12,23,DEV-C1EB,Narayanganj,15,2424
U03355,3660.0,9,22,DEV-244D,Khulna,8,1739
U03356,1330.0,6,17,"DEV-4D24,DEV-99FA",Cox's Bazar,8,910
U03357,1080.0,12,23,DEV-B715,Narayanganj,12,49
U03358,3720.0,7,21,DEV-4F98,Sylhet,14,2199
U03359,320.0,9,20,DEV-D289,Cox's Bazar,6,72
U03360,690.0,12,22,DEV-CD42,Mymensingh,8,1287
U03361,540.0,11,23,"DEV-5C34,DEV-893B",Narayanganj,9,196
U03362,190.0,6,20,"DEV-7A51,DEV-AB36",Cumilla,6,2202
U03363,2210.0,11,23,"DEV-527D,DEV-545F",Noakhali,4,108
U03364,700.0,7,21,DEV-6C54,Cumilla,14,1718
U03365,2260.0,11,22,DEV-3741,Bogura,12,1938
U03366,1500.0,10,23,DEV-94AB,Khulna,11,1839
U03367,1780.0,8,19,"DEV-F542,DEV-5981",Narayanganj,7,1380
U03368,760.0,8,20,"DEV-DC68,DEV-76D0",Sylhet,11,1489
U03369,600.0,6,20,"DEV-2A70,DEV-7F08",Bogura,4,1277
U03370,1180.0,12,23,DEV-7FD9,Jessore,4,1900
U03371,2290.0,7,20,"DEV-0645,DEV-7AB6",Dhaka,15,241
U03372,1050.0,8,20,DEV-29E4,Cox's Bazar,5,2228
U03373,630.0,9,21,"DEV-CB5E,DEV-8A96",Narayanganj,13,1943
U03374,420.0,10,23,DEV-4DDD,Mymensingh,6,2422
U03375,1290.0,9,23,DEV-00AD,Cumilla,11,259
U03376,700.0,9,20,DEV-922C,Cumilla,10,546
U03377,1040.0,10,20,"DEV-B445,DEV-6C90",Cox's Bazar,12,577
U03378,910.0,12,23,DEV-E7CB,Bogura,15,1048
U03379,770.0,8,22,DEV-323D,Cox's Bazar,8,2052
U03380,1390.0,11,21,DEV-C12A,Dhaka,14,1973
U03381,1710.0,11,23,DEV-7EE4,Cumilla,6,1740
U03382,5280.0,12,23,"DEV-506B,DEV-49C6",Dhaka,15,1008
U03383,2010.0,12,22,DEV-7328,Khulna,9,258
U03384,3920.0,11,23,DEV-14A0,Khulna,13,1745
U03385,570.0,7,21,"DEV-A694,DEV-68A7",Tangail,13,212
U03386,300.0,11,22,DEV-AE30,Narayanganj,11,534
U03387,1080.0,11,23,DEV-83E6,Mymensingh,15,1034
U03388,2180.0,8,18,DEV-FA3C,Tangail,11,1948
U03389,1920.0,10,21,DEV-1527,Chattogram,10,1520
U03390,2890.0,7,19,DEV-7E33,Khulna,6,286
U03391,140.0,9,23,DEV-8949,Rajshahi,7,639
U03392,2990.0,11,23,DEV-3FE1,Dhaka,3,2127
U03393,1430.0,7,21,"DEV-AC1F,DEV-5CB8",Rajshahi,12,1475
U03394,320.0,8,22,"DEV-C375,DEV-EC24",Cumilla,10,1654
U03395,1960.0,11,23,"DEV-DA87,DEV-A1F8",Cumilla,12,917
U03396,1260.0,9,20,DEV-B7CA,Narayanganj,11,2043
U03397,1490.0,12,22,DEV-DD3E,Barishal,6,1483
U03398,2440.0,6,20,"DEV-FB0A,DEV-B95C",Rajshahi,15,230
U03399,1550.0,11,21,"DEV-E9B8,DEV-F725",Bogura,8,1822
U03400,340.0,11,23,DEV-2D07,Sylhet,12,742
U03401,980.0,12,23,DEV-8050,Bogura,4,2112
U03402,300.0,7,17,DEV-5B7E,Barishal,10,1606
U03403,1840.0,12,23,DEV-F32C,Sylhet,8,513
U03404,3360.0,8,19,DEV-BE77,Noakhali,15,102
U03405,410.0,8,19,DEV-E2C8,Bogura,12,240
U03406,640.0,8,19,"DEV-597E,DEV-D7D4",Barishal,15,638
U03407,540.0,10,22,DEV-14CA,Barishal,7,322
U03408,760.0,10,22,DEV-F067,Jessore,11,1656
U03409,1530.0,9,19,DEV-3ADB,Jessore,11,438
U03410,770.0,6,16,"DEV-8689,DEV-B761",Bogura,6,1132
U03411,1850.0,12,23,"DEV-BE29,DEV-3653",Chattogram,7,831
U03412,2570.0,7,18,DEV-8E29,Narayanganj,11,1654
U03413,2650.0,6,19,DEV-87CF,Rajshahi,4,100
U03414,450.0,10,23,DEV-C6B8,Rangpur,8,1023
U03415,3320.0,8,18,"DEV-5224,DEV-C384",Rajshahi,12,2086
U03416,3540.0,10,20,DEV-9DC3,Noakhali,13,638
U03417,3800.0,12,23,"DEV-C226,DEV-E00C",Sylhet,10,2127
U03418,970.0,6,16,DEV-6DAE,Barishal,11,454
U03419,600.0,7,20,DEV-6EA3,Bogura,13,1791
U03420,500.0,9,21,DEV-CBD8,Rajshahi,6,726
U03421,450.0,11,23,DEV-C827,Barishal,11,910
U03422,1110.0,10,23,DEV-E060,Bogura,12,1319
U03423,2160.0,8,22,DEV-8CE8,Rajshahi,13,1775
U03424,3120.0,10,20,"DEV-A2E0,DEV-0F22",Tangail,10,1330
U03425,740.0,12,22,DEV-7463,Barishal,5,1449
U03426,1060.0,9,22,"DEV-3F0C,DEV-DA6D",Jessore,3,744
U03427,1010.0,12,22,DEV-1F57,Bogura,10,1665
U03428,660.0,11,23,DEV-C747,Noakhali,6,204
U03429,1980.0,8,20,"DEV-D639,DEV-7837",Mymensingh,7,247
U03430,1470.0,7,18,"DEV-AB0D,DEV-9471",Barishal,9,424
U03431,1230.0,11,23,DEV-B06B,Jessore,12,2190
U03432,1460.0,7,17,"DEV-AF91,DEV-40C8",Khulna,7,1544
U03433,1790.0,8,19,DEV-B035,Noakhali,10,891
U03434,1780.0,7,17,DEV-E6D9,Barishal,9,1574
U03435,560.0,10,23,DEV-4F9F,Bogura,3,694
U03436,2250.0,8,22,DEV-4E79,Narayanganj,11,1839
U03437,1350.0,10,21,DEV-4AED,Gazipur,9,995
U03438,770.0,12,22,DEV-E966,Rangpur,5,1558
U03439,1320.0,11,22,"DEV-E328,DEV-5907",Noakhali,12,640
U03440,1440.0,12,23,"DEV-EFDF,DEV-C2EE",Bogura,4,117
U03441,2610.0,6,20,"DEV-66ED,DEV-D33C",Sylhet,6,2485
U03442,470.0,9,22,"DEV-E9D2,DEV-DE55",Noakhali,6,1643
U03443,3170.0,7,21,DEV-787E,Mymensingh,11,1626
U03444,1120.0,12,22,DEV-3777,Barishal,15,1519
U03445,730.0,10,22,DEV-2ACD,Tangail,13,2244
U03446,710.0,8,21,DEV-D3CD,Jessore,4,76
U03447,490.0,9,19,DEV-BB9D,Cumilla,3,2379
U03448,270.0,10,22,DEV-B575,Chattogram,13,1164
U03449,1890.0,9,20,DEV-0BBF,Cumilla,10,1465
U03450,5350.0,9,19,DEV-F71F,Gazipur,7,2346
U03451,300.0,6,17,DEV-1D29,Gazipur,14,2007
U03452,510.0,9,23,DEV-949B,Barishal,5,894
U03453,2000.0,8,20,DEV-F0E4,Tangail,4,2266
U03454,1060.0,11,21,"DEV-3DF9,DEV-8482",Mymensingh,9,235
U03455,2140.0,12,23,DEV-D715,Rajshahi,6,400
U03456,1010.0,11,23,"DEV-4430,DEV-1A09",Narayanganj,6,591
U03457,690.0,6,17,"DEV-7AFB,DEV-CB86",Jessore,11,694
U03458,920.0,11,22,DEV-9402,Barishal,6,1693
U03459,160.0,8,20,DEV-7150,Dhaka,10,1021
U03460,440.0,8,22,DEV-A38F,Khulna,10,2130
U03461,2340.0,12,23,DEV-0D42,Gazipur,13,1568
U03462,2850.0,12,23,DEV-5924,Khulna,15,1525
U03463,3380.0,6,17,"DEV-E0C2,DEV-632C",Chattogram,11,1927
U03464,1560.0,8,18,"DEV-F713,DEV-8CBC",Narayanganj,6,1043
U03465,180.0,11,21,DEV-EF12,Noakhali,10,882
U03466,660.0,9,19,DEV-A06C,Gazipur,9,296
U03467,3160.0,7,21,DEV-6B3A,Chattogram,8,2111
U03468,4020.0,9,21,"DEV-EBDD,DEV-451D",Narayanganj,7,605
U03469,3260.0,12,22,DEV-646B,Cox's Bazar,4,1646
U03470,910.0,7,21,DEV-B8F2,Tangail,6,1982
U03471,390.0,11,21,"DEV-DFEA,DEV-317B",Mymensingh,10,948
U03472,1060.0,11,23,DEV-FE42,Jessore,3,433
U03473,1110.0,12,22,DEV-6E3B,Cox's Bazar,5,1711
U03474,3840.0,8,20,DEV-56C8,Cumilla,10,833
U03475,1320.0,7,19,DEV-20E8,Rajshahi,15,2134
U03476,1110.0,9,23,DEV-06FC,Dhaka,5,1130
U03477,1160.0,9,22,DEV-8EB0,Barishal,4,859
U03478,1510.0,8,20,DEV-9AB7,Cox's Bazar,7,1825
U03479,1810.0,11,23,"DEV-1806,DEV-E754",Dhaka,3,985
U03480,610.0,11,23,DEV-8B3C,Bogura,14,1998
U03481,470.0,7,19,"DEV-0DAA,DEV-D763",Khulna,13,1738
U03482,3280.0,11,23,DEV-3278,Tangail,4,2214
U03483,300.0,7,19,"DEV-AC42,DEV-AD17",Rangpur,4,1091
U03484,4070.0,8,22,DEV-CF74,Rajshahi,10,244
U03485,240.0,6,16,"DEV-CF44,DEV-FC51",Chattogram,8,468
U03486,690.0,8,21,DEV-162D,Barishal,12,42
U03487,2390.0,12,23,DEV-5D6A,Tangail,15,2139
U03488,1100.0,9,22,DEV-5D1D,Dhaka,7,630
U03489,380.0,10,23,DEV-6050,Dhaka,13,527
U03490,1540.0,6,18,"DEV-3D1D,DEV-3BDE",Cox's Bazar,7,1527
U03491,1160.0,10,22,"DEV-F701,DEV-E61B",Cumilla,6,638
U03492,920.0,8,18,"DEV-AEB5,DEV-8E11",Rangpur,15,2448
U03493,670.0,11,22,DEV-79C2,Rangpur,6,2173
U03494,1070.0,12,22,"DEV-AE9D,DEV-DCC2",Khulna,4,1143
U03495,690.0,9,22,"DEV-6D1F,DEV-89A3",Khulna,10,1615
U03496,7690.0,6,19,DEV-E97F,Bogura,10,985
U03497,910.0,9,19,DEV-E94C,Narayanganj,9,1096
U03498,810.0,6,20,DEV-3ADA,Gazipur,4,1216
U03499,710.0,9,20,DEV-3D22,Tangail,4,973
U03500,4540.0,6,19,DEV-344B,Dhaka,12,1108
U03501,300.0,10,23,"DEV-06FF,DEV-B1C6",Narayanganj,5,482
U03502,1460.0,8,22,DEV-6DC1,Bogura,6,1639
U03503,910.0,7,17,DEV-081E,Rangpur,13,197
U03504,350.0,6,16,DEV-344B,Sylhet,7,2276
U03505,570.0,12,22,"DEV-883A,DEV-D5F1",Chattogram,7,2276
U03506,1410.0,11,23,"DEV-A9B4,DEV-886D",Sylhet,14,543
U03507,550.0,11,23,"DEV-2FBA,DEV-49E5",Dhaka,13,140
U03508,1350.0,6,16,DEV-C82A,Barishal,12,1214
U03509,4370.0,8,20,DEV-C608,Khulna,5,182
U03510,1260.0,12,23,DEV-DE40,Cox's Bazar,6,1026
U03511,340.0,10,22,DEV-86E1,Jessore,10,1887
U03512,560.0,6,19,DEV-45E7,Khulna,13,794
U03513,870.0,6,16,DEV-80B6,Barishal,9,2237
U03514,830.0,7,18,"DEV-E56D,DEV-2E48",Bogura,12,65
U03515,1240.0,12,23,DEV-D8CF,Cumilla,7,1782
U03516,1410.0,7,21,"DEV-FEC5,DEV-D1E1",Rangpur,7,1273
U03517,4380.0,12,23,DEV-A8B4,Dhaka,10,627
U03518,1090.0,10,22,DEV-68C0,Tangail,10,1092
U03519,440.0,12,23,DEV-DAD4,Tangail,4,698
U03520,2760.0,11,23,DEV-292A,Cox's Bazar,8,1561
U03521,3010.0,8,19,DEV-C27D,Narayanganj,14,2404
U03522,1320.0,11,23,DEV-66D4,Jessore,9,1267
U03523,900.0,7,17,DEV-80BF,Rangpur,12,1759
U03524,1800.0,8,20,DEV-7693,Tangail,13,1540
U03525,930.0,7,19,DEV-027D,Dhaka,6,2074
U03526,210.0,6,16,"DEV-FC94,DEV-AAAA",Rajshahi,6,1419
U03527,1720.0,6,17,"DEV-999A,DEV-19CA",Chattogram,10,1132
U03528,2240.0,7,21,DEV-C75F,Tangail,9,324
U03529,3470.0,6,19,DEV-F621,Gazipur,14,1948
U03530,610.0,8,20,DEV-D08B,Dhaka,5,2247
U03531,1310.0,6,17,DEV-3FCF,Chattogram,8,2452
U03532,1340.0,6,16,DEV-2E70,Tangail,3,1832
U03533,1170.0,12,23,DEV-5E09,Barishal,7,911
U03534,1200.0,6,18,DEV-05C9,Chattogram,10,1767
U03535,1130.0,6,16,"DEV-8D32,DEV-754E",Rajshahi,13,821
U03536,1300.0,6,20,DEV-80AA,Rajshahi,13,2250
U03537,1980.0,6,18,"DEV-FD6E,DEV-A7B7",Jessore,3,136
U03538,2910.0,9,19,DEV-6AB6,Narayanganj,14,2248
U03539,600.0,11,21,DEV-C88F,Chattogram,11,1850
U03540,960.0,11,23,"DEV-5EA6,DEV-C1F4",Bogura,5,2226
U03541,780.0,10,21,DEV-EEC7,Rajshahi,5,624
U03542,700.0,6,17,DEV-E877,Chattogram,13,1285
U03543,300.0,11,21,"DEV-84D5,DEV-784B",Rajshahi,12,657
U03544,1120.0,6,20,DEV-65C6,Rajshahi,5,1785
U03545,1610.0,10,23,DEV-88BF,Narayanganj,8,1591
U03546,970.0,8,19,DEV-EFA9,Narayanganj,14,1738
U03547,1090.0,12,23,DEV-DFC2,Chattogram,3,1854
U03548,1530.0,8,20,DEV-9B41,Noakhali,9,141
U03549,3390.0,10,20,DEV-4846,Dhaka,14,1036
U03550,780.0,9,22,"DEV-6063,DEV-3EF4",Barishal,3,653
U03551,430.0,9,19,DEV-2FBF,Dhaka,10,2363
U03552,1020.0,12,23,DEV-0255,Jessore,10,1337
U03553,4950.0,10,20,DEV-C61C,Rajshahi,7,429
U03554,430.0,8,19,DEV-BD0C,Tangail,10,998
U03555,1840.0,9,20,"DEV-2DD8,DEV-B004",Dhaka,12,1332
U03556,2770.0,10,21,DEV-2A56,Sylhet,6,832
U03557,170.0,8,20,DEV-46D6,Rajshahi,9,1554
U03558,1520.0,7,20,"DEV-422F,DEV-2142",Chattogram,9,1930
U03559,1780.0,9,20,"DEV-BAA1,DEV-0AE3",Rajshahi,3,1554
U03560,890.0,6,18,"DEV-67C5,DEV-7CE4",Khulna,5,1459
U03561,650.0,7,21,DEV-93BE,Khulna,11,1652
U03562,680.0,8,20,DEV-3187,Barishal,9,740
U03563,840.0,11,23,DEV-78AD,Narayanganj,15,1595
U03564,860.0,11,22,DEV-CB1B,Narayanganj,14,156
U03565,740.0,7,17,"DEV-5FD1,DEV-F334",Khulna,5,1985
U03566,830.0,8,19,DEV-6E06,Mymensingh,15,968
U03567,2840.0,7,17,DEV-C6DF,Rajshahi,14,2040
U03568,420.0,11,23,"DEV-1D38,DEV-DA01",Khulna,8,656
U03569,270.0,7,17,"DEV-7ACF,DEV-FDA3",Tangail,11,2444
U03570,2880.0,11,23,DEV-B35A,Mymensingh,6,1315
U03571,940.0,11,21,"DEV-BDA5,DEV-2601",Dhaka,4,2351
U03572,800.0,10,20,DEV-913B,Sylhet,6,752
U03573,1000.0,8,20,DEV-BCF0,Dhaka,12,1314
U03574,1300.0,12,22,DEV-CF5C,Cox's Bazar,10,1793
U03575,720.0,10,20,"DEV-6057,DEV-9058",Noakhali,8,1773
U03576,1640.0,10,23,"DEV-2C62,DEV-6EB8",Khulna,9,654
U03577,510.0,11,21,DEV-79D4,Cumilla,13,1023
U03578,860.0,12,23,DEV-0852,Bogura,12,598
U03579,190.0,6,16,DEV-EAA5,Gazipur,11,1637
U03580,2800.0,12,22,DEV-A499,Jessore,9,1055
U03581,950.0,11,23,"DEV-2ED9,DEV-E5C2",Noakhali,3,48
U03582,1870.0,7,18,DEV-B100,Gazipur,7,752
U03583,1610.0,8,18,"DEV-B171,DEV-EED4",Barishal,4,937
U03584,1700.0,11,23,DEV-6775,Gazipur,13,1414
U03585,1090.0,7,21,DEV-5AEA,Rangpur,7,2288
U03586,1500.0,9,21,DEV-9DEC,Mymensingh,6,2459
U03587,510.0,10,21,"DEV-E375,DEV-D01D",Dhaka,9,1697
U03588,430.0,10,23,DEV-C961,Tangail,9,2263
U03589,1010.0,12,23,DEV-C3A4,Cumilla,15,72
U03590,640.0,6,19,DEV-08F5,Khulna,5,2154
U03591,3430.0,8,20,"DEV-7DBD,DEV-5B0E",Cumilla,13,1321
U03592,1480.0,12,23,"DEV-5C96,DEV-DB21",Cox's Bazar,5,950
U03593,620.0,9,21,"DEV-6598,DEV-D638",Jessore,13,933
U03594,880.0,7,19,DEV-E86B,Tangail,9,892
U03595,1220.0,8,20,"DEV-7483,DEV-2B7B",Rajshahi,10,2027
U03596,1040.0,8,19,DEV-B2CB,Rangpur,12,1163
U03597,1360.0,9,21,"DEV-DCEB,DEV-67F4",Rangpur,4,313
U03598,1160.0,7,17,DEV-31FD,Narayanganj,13,2255
U03599,360.0,10,21,DEV-8543,Cox's Bazar,12,1522
U03600,200.0,9,19,"DEV-FB1A,DEV-845E",Noakhali,5,995
U03601,810.0,10,21,"DEV-72C6,DEV-70A0",Tangail,4,1788
U03602,1720.0,7,18,DEV-BBC1,Khulna,12,896
U03603,820.0,10,20,DEV-5749,Gazipur,4,1500
U03604,2950.0,12,23,"DEV-BAB7,DEV-FC8C",Gazipur,10,49
U03605,1060.0,6,19,"DEV-C5C3,DEV-EDBB",Barishal,6,707
U03606,3250.0,8,22,"DEV-CA15,DEV-D7F8",Noakhali,12,875
U03607,2760.0,10,23,DEV-0A00,Bogura,14,1989
U03608,2540.0,10,23,DEV-5A5C,Bogura,13,1893
U03609,420.0,10,23,"DEV-45F8,DEV-DCFA",Jessore,12,1990
U03610,1110.0,9,23,"DEV-3ACE,DEV-F7BF",Noakhali,11,1212
U03611,2920.0,10,23,"DEV-B2D6,DEV-1FBB",Cox's Bazar,3,921
U03612,1360.0,10,20,DEV-AEED,Sylhet,15,1334
U03613,1710.0,6,18,DEV-57B5,Bogura,14,688
U03614,360.0,11,23,DEV-4C0A,Cumilla,3,1335
U03615,5090.0,9,23,"DEV-FE79,DEV-CB24",Bogura,13,1669
U03616,580.0,6,18,DEV-C36A,Dhaka,4,2424
U03617,220.0,8,20,DEV-4FC6,Dhaka,10,938
U03618,830.0,9,19,"DEV-A99C,DEV-57CA",Narayanganj,6,309
U03619,150.0,6,18,"DEV-9A5C,DEV-661A",Barishal,4,883
U03620,460.0,12,23,DEV-9C09,Cox's Bazar,5,2071
U03621,8490.0,7,20,"DEV-BE9C,DEV-50AC",Rangpur,7,1142
U03622,810.0,8,20,DEV-0303,Barishal,7,1058
U03623,350.0,9,20,DEV-18C8,Bogura,6,1161
U03624,1120.0,11,23,DEV-E80D,Cox's Bazar,9,654
U03625,530.0,11,22,DEV-F599,Rangpur,11,2079
U03626,2190.0,11,22,"DEV-B129,DEV-1B67",Bogura,9,1688
U03627,540.0,7,19,"DEV-962A,DEV-6EB4",Rajshahi,10,2383
U03628,1360.0,11,22,DEV-3CC1,Tangail,8,272
U03629,440.0,11,21,"DEV-6117,DEV-C916",Khulna,6,1792
U03630,8770.0,9,22,DEV-FF10,Cox's Bazar,4,229
U03631,1640.0,9,20,"DEV-DF6E,DEV-342C",Tangail,7,247
U03632,980.0,6,20,"DEV-8064,DEV-8737",Cox's Bazar,5,2118
U03633,870.0,11,23,DEV-4ADE,Sylhet,9,864
U03634,700.0,12,23,DEV-6F60,Sylhet,11,810
U03635,600.0,9,21,DEV-616B,Jessore,13,498
U03636,580.0,9,23,DEV-11D0,Cox's Bazar,6,297
U03637,4200.0,9,19,"DEV-6A8F,DEV-5D39",Rangpur,4,1668
U03638,700.0,6,17,DEV-4E50,Jessore,13,1322
U03639,200.0,10,20,DEV-9D1F,Khulna,12,1507
U03640,430.0,11,21,DEV-B651,Noakhali,7,411
U03641,2300.0,12,23,"DEV-0C04,DEV-5798",Rajshahi,15,2456
U03642,900.0,12,22,DEV-07E6,Rangpur,11,49
U03643,990.0,9,23,"DEV-D23A,DEV-ED5C",Barishal,12,1135
U03644,2800.0,12,23,DEV-76B3,Noakhali,7,1319
U03645,590.0,9,22,DEV-F1EB,Jessore,8,290
U03646,1820.0,10,23,DEV-A102,Noakhali,7,1459
U03647,640.0,10,20,DEV-DE78,Chattogram,12,1508
U03648,1740.0,12,22,DEV-F2AC,Narayanganj,13,1340
U03649,800.0,11,22,"DEV-9647,DEV-7230",Cox's Bazar,14,936
U03650,900.0,6,19,"DEV-BDEF,DEV-2B9B",Gazipur,7,2327
U03651,2110.0,6,17,DEV-4BF1,Jessore,12,469
U03652,2000.0,8,18,DEV-8CC7,Mymensingh,11,1868
U03653,960.0,9,22,DEV-338B,Sylhet,3,946
U03654,750.0,10,23,DEV-7F25,Dhaka,13,986
U03655,3940.0,9,21,"DEV-DB19,DEV-C856",Dhaka,4,618
U03656,1760.0,9,21,"DEV-E42A,DEV-DC35",Cox's Bazar,4,1696
U03657,800.0,12,23,"DEV-5516,DEV-B66D",Chattogram,4,517
U03658,650.0,8,21,DEV-5F3C,Bogura,10,950
U03659,2490.0,9,20,DEV-F8B0,Gazipur,3,1224
U03660,1200.0,9,19,DEV-2D3F,Rajshahi,9,53
U03661,960.0,9,23,"DEV-44E9,DEV-F10A",Chattogram,12,2030
U03662,1200.0,12,22,DEV-3D3B,Mymensingh,9,848
U03663,1440.0,12,23,"DEV-9E92,DEV-4A91",Chattogram,6,2217
U03664,1050.0,9,23,DEV-48D3,Mymensingh,7,1631
U03665,2870.0,9,21,DEV-ABBF,Tangail,12,672
U03666,3000.0,10,23,"DEV-CB7B,DEV-3B87",Bogura,7,1665
U03667,1680.0,7,19,DEV-FB9C,Mymensingh,11,1137
U03668,3290.0,8,21,DEV-16A2,Cox's Bazar,11,1231
U03669,1100.0,7,19,DEV-199D,Noakhali,9,2111
U03670,1910.0,7,18,"DEV-FA4B,DEV-0E30",Bogura,7,1613
U03671,2450.0,6,20,DEV-508A,Rangpur,3,2472
U03672,2480.0,10,22,"DEV-1F03,DEV-38EE",Rajshahi,12,2322
U03673,2280.0,6,18,DEV-12F1,Rangpur,6,2129
U03674,1820.0,10,23,DEV-5BD6,Chattogram,8,1180
U03675,5250.0,9,23,DEV-4BB0,Cox's Bazar,3,1250
U03676,710.0,8,22,DEV-288E,Cox's Bazar,12,2209
U03677,970.0,11,22,"DEV-B7FA,DEV-0928",Cumilla,14,2179
U03678,920.0,9,20,"DEV-796A,DEV-4E2D",Jessore,14,945
U03679,820.0,11,22,"DEV-A676,DEV-567D",Bogura,7,1775
U03680,220.0,10,21,"DEV-7901,DEV-CF9D",Noakhali,4,1510
U03681,3290.0,6,17,DEV-24F7,Cox's Bazar,4,310
U03682,480.0,7,19,DEV-6F85,Bogura,7,334
U03683,1260.0,9,19,"DEV-8FE8,DEV-BC9B",Cox's Bazar,3,237
U03684,350.0,12,23,DEV-895C,Sylhet,5,662
U03685,1800.0,7,21,"DEV-BC56,DEV-CBBD",Khulna,10,2342
U03686,590.0,6,18,DEV-C9FA,Gazipur,3,813
U03687,440.0,12,22,DEV-9D8D,Noakhali,11,2313
U03688,1280.0,12,23,DEV-EB22,Cumilla,14,1117
U03689,630.0,7,18,DEV-05CE,Barishal,15,1162
U03690,690.0,8,20,DEV-7FA5,Gazipur,15,662
U03691,1260.0,10,21,DEV-CD52,Cumilla,6,1664
U03692,2080.0,7,18,DEV-1A9C,Mymensingh,11,1485
U03693,570.0,8,21,DEV-D174,Cumilla,3,782
U03694,500.0,8,18,DEV-09E5,Barishal,6,1968
U03695,1120.0,10,23,DEV-C959,Khulna,13,1762
U03696,1690.0,8,19,DEV-2FD9,Rangpur,5,1786
U03697,3530.0,8,22,"DEV-AAE2,DEV-D446",Cumilla,6,1132
U03698,470.0,8,18,DEV-D06E,Khulna,8,1628
U03699,850.0,11,22,DEV-9307,Dhaka,7,890
U03700,2810.0,7,18,DEV-E88C,Barishal,12,2498
U03701,5320.0,7,19,DEV-23DE,Chattogram,14,1118
U03702,500.0,7,17,DEV-3C89,Bogura,9,707
U03703,610.0,12,23,DEV-21F4,Noakhali,10,1155
U03704,1490.0,12,23,DEV-B829,Rajshahi,12,2355
U03705,690.0,9,23,DEV-E438,Cox's Bazar,8,2358
U03706,600.0,7,19,DEV-EE2F,Rajshahi,8,908
U03707,1330.0,11,21,DEV-8520,Noakhali,15,2215
U03708,3790.0,9,20,DEV-21CD,Barishal,8,785
U03709,380.0,11,23,DEV-2C01,Barishal,6,510
U03710,3640.0,8,22,DEV-A056,Rajshahi,3,577
U03711,690.0,12,23,"DEV-E590,DEV-FCEB",Cox's Bazar,3,717
U03712,1450.0,11,23,DEV-B880,Bogura,12,753
U03713,3920.0,7,20,DEV-E17D,Khulna,6,769
U03714,1420.0,11,23,DEV-7A4E,Jessore,12,976
U03715,860.0,8,21,DEV-3233,Khulna,3,58
U03716,1950.0,8,21,DEV-770E,Cox's Bazar,13,962
U03717,950.0,7,18,"DEV-1973,DEV-AC32",Khulna,8,1340
U03718,1660.0,10,23,"DEV-5457,DEV-569B",Jessore,13,1019
U03719,930.0,7,18,DEV-00C5,Cumilla,13,1222
U03720,2180.0,10,23,DEV-FFF9,Rangpur,10,585
U03721,360.0,10,21,"DEV-6D69,DEV-C8D7",Rangpur,15,337
U03722,490.0,11,23,DEV-8502,Barishal,15,2253
U03723,360.0,12,22,DEV-A415,Khulna,12,2475
U03724,1050.0,6,20,"DEV-77C9,DEV-AFFC",Dhaka,9,1037
U03725,320.0,12,23,DEV-3327,Tangail,15,1910
U03726,630.0,6,16,DEV-FEFE,Narayanganj,15,377
U03727,450.0,9,21,DEV-6D87,Gazipur,8,482
U03728,3580.0,8,20,DEV-02C2,Jessore,7,1313
U03729,500.0,10,23,DEV-F3D6,Chattogram,6,1772
U03730,390.0,11,23,DEV-05D7,Jessore,15,1762
U03731,1340.0,12,23,DEV-78E8,Sylhet,5,871
U03732,4230.0,8,20,DEV-C8F6,Bogura,3,2195
U03733,1000.0,12,22,DEV-5ED6,Narayanganj,9,1593
U03734,1060.0,8,21,"DEV-359A,DEV-3D91",Bogura,15,812
U03735,3080.0,7,18,DEV-AF66,Tangail,7,1192
U03736,2210.0,8,21,"DEV-92E2,DEV-80DA",Barishal,9,766
U03737,1540.0,9,21,DEV-83A6,Barishal,4,372
U03738,690.0,10,21,DEV-5194,Rangpur,13,44
U03739,1580.0,11,21,DEV-EF60,Sylhet,15,1166
U03740,370.0,7,21,DEV-3B38,Barishal,11,45
U03741,670.0,8,21,DEV-D668,Mymensingh,4,2405
U03742,3450.0,12,23,"DEV-C6D8,DEV-01B8",Dhaka,4,2197
U03743,3110.0,9,22,"DEV-2BC5,DEV-8D61",Khulna,12,1877
U03744,1560.0,7,21,"DEV-28A1,DEV-DA3D",Barishal,4,1883
U03745,230.0,12,23,DEV-7122,Narayanganj,3,1577
U03746,420.0,9,23,DEV-D63A,Khulna,14,1839
U03747,640.0,12,23,DEV-1E88,Rajshahi,9,2113
U03748,960.0,12,23,DEV-0625,Barishal,10,1296
U03749,400.0,12,23,"DEV-A439,DEV-CD53",Cumilla,11,2076
U03750,900.0,10,23,"DEV-FDF0,DEV-C99D",Cox's Bazar,7,616
U03751,4510.0,11,23,DEV-BF76,Mymensingh,6,2223
U03752,1510.0,12,23,"DEV-0ED6,DEV-9A6D",Mymensingh,9,1775
U03753,1310.0,7,21,"DEV-B6AE,DEV-6506",Noakhali,3,298
U03754,490.0,6,19,DEV-FFC9,Dhaka,6,479
U03755,300.0,8,22,"DEV-FCEB,DEV-DB25",Cumilla,10,349
U03756,410.0,10,20,DEV-E143,Gazipur,15,628
U03757,290.0,9,22,DEV-9169,Rangpur,10,2003
U03758,1160.0,6,17,DEV-D211,Sylhet,12,2071
U03759,1490.0,9,19,DEV-123D,Bogura,7,2488
U03760,510.0,7,18,DEV-3AE1,Tangail,3,348
U03761,1230.0,9,23,"DEV-A9F8,DEV-1FA2",Sylhet,7,1419
U03762,3550.0,10,23,DEV-D01D,Sylhet,11,2059
U03763,5250.0,10,21,DEV-2D8D,Khulna,3,2411
U03764,2030.0,8,18,DEV-5965,Khulna,14,272
U03765,950.0,8,20,DEV-4239,Sylhet,6,1667
U03766,1980.0,10,21,"DEV-8A8D,DEV-14EA",Sylhet,11,227
U03767,3230.0,11,23,DEV-CFEB,Sylhet,14,240
U03768,220.0,11,23,"DEV-E36E,DEV-BF3E",Khulna,10,2091
U03769,3590.0,8,19,DEV-2F69,Khulna,5,2317
U03770,710.0,8,18,DEV-4A62,Khulna,6,487
U03771,710.0,8,18,DEV-3A02,Cumilla,9,2102
U03772,830.0,9,22,DEV-9A21,Mymensingh,15,2281
U03773,1420.0,6,16,"DEV-E35D,DEV-E113",Khulna,11,1353
U03774,450.0,9,20,DEV-F547,Narayanganj,11,453
U03775,870.0,7,21,DEV-B084,Jessore,13,1867
U03776,1670.0,9,19,DEV-38C6,Cox's Bazar,4,1384
U03777,1310.0,11,23,"DEV-65ED,DEV-4B4F",Rajshahi,4,898
U03778,1490.0,12,22,DEV-1048,Barishal,10,2167
U03779,850.0,9,23,"DEV-CCD2,DEV-93FC",Tangail,10,1550
U03780,1910.0,6,19,"DEV-F862,DEV-D75B",Sylhet,6,682
U03781,2550.0,7,21,DEV-A650,Narayanganj,11,1050
U03782,2430.0,6,19,DEV-0B31,Sylhet,4,793
U03783,1540.0,11,23,DEV-714C,Khulna,5,1332
U03784,2320.0,12,23,DEV-7992,Khulna,14,699
U03785,2200.0,9,22,"DEV-ACB0,DEV-9126",Rangpur,3,1602
U03786,9330.0,7,17,DEV-C7BF,Cumilla,10,1136
U03787,2910.0,6,18,"DEV-05A5,DEV-1CD6",Barishal,13,163
U03788,1020.0,12,23,DEV-F3E2,Chattogram,12,43
U03789,530.0,8,19,DEV-6F6F,Tangail,8,267
U03790,890.0,6,18,"DEV-D29B,DEV-DB77",Cumilla,7,426
U03791,840.0,7,21,DEV-1EDF,Sylhet,3,233
U03792,1650.0,7,17,DEV-B496,Gazipur,4,1663
U03793,630.0,10,23,DEV-2C83,Rajshahi,10,1499
U03794,2850.0,12,23,DEV-275D,Tangail,9,81
U03795,360.0,7,17,"DEV-3E89,DEV-C154",Rangpur,7,1049
U03796,300.0,10,21,DEV-17D8,Mymensingh,6,755
U03797,980.0,6,20,"DEV-AADC,DEV-619B",Rangpur,4,1265
U03798,560.0,6,19,DEV-43BF,Sylhet,4,1475
U03799,400.0,6,16,DEV-3D68,Jessore,6,1265
U03800,660.0,12,22,DEV-5810,Sylhet,15,1015
U03801,600.0,10,23,"DEV-595E,DEV-507C",Jessore,7,129
U03802,1110.0,11,21,DEV-84A9,Tangail,4,1987
U03803,670.0,6,19,DEV-FE44,Dhaka,10,1996
U03804,710.0,6,20,DEV-7396,Gazipur,4,2153
U03805,1090.0,11,21,DEV-2F08,Jessore,8,1760
U03806,2470.0,6,16,"DEV-9C93,DEV-D453",Chattogram,12,838
U03807,3560.0,7,21,DEV-9983,Bogura,4,1729
U03808,1230.0,9,23,"DEV-87D7,DEV-AB44",Narayanganj,14,2256
U03809,1310.0,10,22,DEV-E168,Rangpur,11,114
U03810,950.0,7,18,DEV-1399,Mymensingh,14,1282
U03811,1610.0,9,19,DEV-FB5A,Sylhet,12,1639
U03812,1500.0,10,23,"DEV-E4A7,DEV-F608",Noakhali,15,2463
U03813,3170.0,9,22,DEV-7F8D,Cox's Bazar,9,1266
U03814,240.0,8,22,DEV-DAAF,Narayanganj,3,2202
U03815,910.0,6,19,DEV-14F1,Bogura,3,1908
U03816,1440.0,9,21,DEV-69DF,Mymensingh,5,1981
U03817,1070.0,11,23,DEV-E129,Cumilla,4,269
U03818,520.0,10,21,"DEV-4571,DEV-C378",Noakhali,13,1275
U03819,390.0,12,23,DEV-51CA,Cumilla,15,1874
U03820,2090.0,6,16,DEV-96D2,Cumilla,11,338
U03821,600.0,6,16,DEV-A733,Bogura,5,2405
U03822,270.0,9,23,DEV-E0BD,Chattogram,15,1720
U03823,2180.0,7,18,DEV-5783,Cox's Bazar,6,2131
U03824,1580.0,10,20,"DEV-C998,DEV-6F54",Rajshahi,14,1593
U03825,1000.0,12,23,DEV-64B3,Khulna,11,2238
U03826,530.0,8,19,"DEV-1469,DEV-138A",Mymensingh,8,2253
U03827,1000.0,9,20,DEV-C560,Cox's Bazar,13,217
U03828,2900.0,10,22,"DEV-1AC7,DEV-1C89",Jessore,11,2345
U03829,300.0,7,19,DEV-2F74,Rajshahi,14,1338
U03830,310.0,12,23,"DEV-5647,DEV-29A9",Bogura,10,1237
U03831,660.0,7,21,DEV-9726,Rajshahi,8,639
U03832,1070.0,11,23,DEV-D273,Barishal,4,1028
U03833,740.0,10,23,DEV-87FA,Mymensingh,15,1375
U03834,1830.0,6,18,DEV-AA43,Barishal,13,1345
U03835,2620.0,11,23,DEV-E4A3,Dhaka,4,1775
U03836,1370.0,7,17,DEV-E4FE,Dhaka,10,1707
U03837,1720.0,10,22,"DEV-A89F,DEV-1174",Gazipur,13,1874
U03838,1360.0,12,23,"DEV-C9FE,DEV-C1F2",Chattogram,12,1458
U03839,1110.0,12,23,DEV-4DAE,Bogura,6,2479
U03840,390.0,12,22,"DEV-298B,DEV-21DB",Narayanganj,4,2199
U03841,480.0,9,23,DEV-46BB,Narayanganj,15,2395
U03842,370.0,9,21,DEV-BE4A,Sylhet,7,1818
U03843,970.0,8,18,DEV-F22A,Gazipur,14,640
U03844,1320.0,12,23,DEV-2750,Noakhali,9,2412
U03845,340.0,9,21,DEV-6A33,Chattogram,12,2291
U03846,1160.0,11,23,DEV-D58B,Narayanganj,6,762
U03847,540.0,8,18,DEV-15FB,Narayanganj,10,2213
U03848,470.0,11,21,DEV-F168,Chattogram,10,1319
U03849,660.0,7,17,"DEV-04A9,DEV-486D",Cumilla,5,1816
U03850,450.0,11,22,DEV-0850,Gazipur,11,875
U03851,1780.0,6,17,"DEV-C2D0,DEV-6D4F",Sylhet,9,666
U03852,960.0,6,18,DEV-6FF4,Gazipur,11,1023
U03853,2110.0,8,21,DEV-8BEC,Tangail,3,494
U03854,770.0,9,23,DEV-4C8A,Jessore,4,378
U03855,790.0,10,23,"DEV-C1CB,DEV-6E5E",Mymensingh,12,1105
U03856,4910.0,8,20,DEV-CBC3,Rangpur,15,2370
U03857,300.0,6,20,DEV-A591,Bogura,4,126
U03858,3060.0,8,20,"DEV-ACC8,DEV-FCF1",Tangail,3,838
U03859,4120.0,9,21,"DEV-81AC,DEV-4CCF",Gazipur,6,731
U03860,2020.0,9,20,DEV-BA58,Barishal,3,542
U03861,840.0,10,22,DEV-B4B7,Narayanganj,6,211
U03862,3430.0,7,17,DEV-7BC3,Khulna,11,464
U03863,850.0,10,20,DEV-55B9,Cox's Bazar,13,1325
U03864,620.0,10,23,"DEV-EE26,DEV-405B",Mymensingh,11,1084
U03865,800.0,11,21,DEV-142F,Mymensingh,8,1552
U03866,690.0,9,21,DEV-A1BF,Chattogram,5,2145
U03867,510.0,11,21,DEV-14D0,Jessore,9,304
U03868,2670.0,7,20,DEV-C2E3,Bogura,15,845
U03869,590.0,10,23,DEV-D799,Sylhet,5,2188
U03870,1070.0,6,18,DEV-B7A5,Sylhet,10,612
U03871,350.0,6,16,DEV-3C73,Rangpur,7,269
U03872,1120.0,12,22,DEV-F14C,Jessore,7,621
U03873,430.0,9,22,DEV-16AC,Barishal,9,1008
U03874,430.0,10,20,DEV-1B7C,Noakhali,5,662
U03875,1000.0,10,21,DEV-4DD8,Narayanganj,5,1267
U03876,2550.0,10,23,DEV-8A68,Bogura,3,534
U03877,1560.0,7,19,"DEV-B5D5,DEV-4A74",Noakhali,11,1467
U03878,1650.0,7,21,"DEV-EA5E,DEV-D123",Bogura,14,2168
U03879,990.0,6,20,"DEV-3B14,DEV-0FE0",Sylhet,8,818
U03880,840.0,12,23,DEV-B3AA,Khulna,11,1369
U03881,2070.0,7,21,DEV-2D01,Khulna,15,1791
U03882,700.0,10,20,DEV-4824,Cumilla,12,193
U03883,2140.0,9,20,"DEV-C5A2,DEV-306A",Gazipur,6,873
U03884,2950.0,7,18,DEV-5AC9,Gazipur,13,1596
U03885,560.0,8,22,DEV-ED69,Mymensingh,8,654
U03886,630.0,6,19,DEV-AE89,Narayanganj,15,1047
U03887,710.0,7,18,DEV-9EB9,Jessore,15,1149
U03888,340.0,6,17,"DEV-FF9D,DEV-C540",Jessore,3,2343
U03889,750.0,11,23,DEV-75B8,Rajshahi,14,310
U03890,3110.0,9,23,DEV-AA1D,Sylhet,6,1596
U03891,480.0,12,22,"DEV-8871,DEV-5D0E",Tangail,9,2416
U03892,3170.0,9,20,DEV-F9AE,Dhaka,12,2266
U03893,780.0,7,19,DEV-97E4,Cumilla,4,1388
U03894,5950.0,10,21,DEV-BF12,Bogura,3,988
U03895,640.0,12,23,DEV-68F4,Noakhali,8,385
U03896,980.0,9,22,DEV-325E,Khulna,10,676
U03897,530.0,6,20,DEV-1F5A,Bogura,10,1996
U03898,630.0,8,21,"DEV-CDE5,DEV-8566",Narayanganj,15,96
U03899,3200.0,12,23,DEV-840E,Cox's Bazar,6,1809
U03900,1600.0,9,20,DEV-1F01,Rangpur,12,2326
U03901,2500.0,12,23,DEV-C990,Bogura,5,1093
U03902,380.0,9,20,"DEV-437B,DEV-993A",Gazipur,8,2028
U03903,1850.0,6,20,DEV-59AD,Khulna,9,2459
U03904,500.0,12,23,"DEV-3A32,DEV-29C8",Bogura,8,1911
U03905,380.0,11,22,DEV-D07E,Rajshahi,5,1266
U03906,1330.0,11,23,DEV-1851,Tangail,5,1423
U03907,1320.0,12,23,"DEV-0084,DEV-4E7F",Noakhali,14,555
U03908,1140.0,7,18,DEV-E355,Gazipur,15,355
U03909,1950.0,12,22,DEV-B3B9,Noakhali,3,1984
U03910,2210.0,7,21,"DEV-D18F,DEV-3460",Rajshahi,6,1313
U03911,3550.0,12,23,DEV-F85A,Rangpur,15,2323
U03912,420.0,7,20,DEV-1E1E,Rajshahi,4,1864
U03913,3650.0,9,19,"DEV-0918,DEV-7A22",Bogura,9,678
U03914,4940.0,11,21,"DEV-7008,DEV-4A86",Rajshahi,6,2407
U03915,820.0,6,19,"DEV-2B4C,DEV-5239",Khulna,15,46
U03916,290.0,6,16,"DEV-5FBD,DEV-99F3",Rangpur,12,266
U03917,360.0,11,21,DEV-5C1A,Narayanganj,12,1534
U03918,760.0,6,17,"DEV-3E8C,DEV-98F9",Rajshahi,3,1522
U03919,5490.0,10,22,DEV-9524,Dhaka,4,1839
U03920,1110.0,12,22,DEV-6FFA,Dhaka,13,1628
U03921,670.0,10,20,DEV-1C2B,Mymensingh,5,674
U03922,630.0,9,20,"DEV-F72E,DEV-8508",Cumilla,8,396
U03923,380.0,8,21,DEV-471B,Mymensingh,4,2410
U03924,2210.0,10,20,"DEV-B9CC,DEV-6B32",Jessore,3,865
U03925,1020.0,10,21,DEV-2A07,Mymensingh,12,444
U03926,5880.0,9,19,DEV-B35D,Rajshahi,5,200
U03927,1810.0,7,18,DEV-17BB,Barishal,5,2008
U03928,2130.0,10,21,DEV-46CB,Jessore,13,2116
U03929,900.0,11,23,DEV-A9A6,Sylhet,12,2194
U03930,460.0,10,20,DEV-B94A,Rajshahi,5,2136
U03931,550.0,6,20,DEV-FDBF,Narayanganj,14,452
U03932,370.0,10,21,DEV-B56D,Narayanganj,15,65
U03933,2270.0,11,23,DEV-3B52,Chattogram,8,1268
U03934,810.0,7,20,DEV-B654,Chattogram,8,1284
U03935,2350.0,11,22,DEV-C064,Gazipur,11,99
U03936,1220.0,9,20,DEV-ACD1,Jessore,4,2194
U03937,870.0,9,23,DEV-BF00,Mymensingh,14,1615
U03938,430.0,11,23,DEV-D144,Chattogram,4,1713
U03939,1400.0,9,22,DEV-9175,Jessore,12,1379
U03940,920.0,9,19,DEV-FEB2,Jessore,10,2483
U03941,2260.0,8,22,DEV-A4F7,Cox's Bazar,4,1952
U03942,620.0,12,23,DEV-0E2A,Tangail,8,1458
U03943,1800.0,12,22,DEV-2C2A,Chattogram,6,1268
U03944,4080.0,6,20,DEV-7F44,Barishal,15,2091
U03945,1360.0,11,21,DEV-6F73,Noakhali,9,904
U03946,2060.0,6,17,"DEV-D025,DEV-AC2B",Narayanganj,7,2156
U03947,1730.0,8,18,DEV-0003,Rangpur,6,367
U03948,5010.0,12,23,DEV-74A6,Chattogram,4,118
U03949,1480.0,7,21,"DEV-8B8E,DEV-FB13",Cumilla,9,156
U03950,1920.0,8,18,DEV-A8E7,Tangail,9,935
U03951,1070.0,7,17,DEV-2E2D,Bogura,15,1336
U03952,590.0,11,23,"DEV-3115,DEV-50E3",Cumilla,11,2243
U03953,420.0,9,19,DEV-669B,Tangail,8,2299
U03954,3020.0,10,20,"DEV-1BD0,DEV-CA18",Narayanganj,7,107
U03955,490.0,12,23,DEV-1158,Rajshahi,6,1922
U03956,1990.0,9,20,DEV-1112,Khulna,11,527
U03957,1530.0,11,23,DEV-2092,Mymensingh,4,1001
U03958,2290.0,6,16,DEV-2286,Cumilla,3,2150
U03959,730.0,7,19,"DEV-9063,DEV-D16C",Cumilla,14,2459
U03960,580.0,12,23,DEV-F148,Mymensingh,3,1990
U03961,1480.0,12,23,DEV-CF27,Narayanganj,5,484
U03962,870.0,10,20,DEV-AF8C,Gazipur,10,123
U03963,410.0,8,18,"DEV-9724,DEV-4F36",Gazipur,5,2494
U03964,5170.0,7,17,DEV-6A8A,Sylhet,11,611
U03965,580.0,11,23,"DEV-DF58,DEV-1B0B",Dhaka,10,598
U03966,500.0,11,22,DEV-D34C,Dhaka,3,1318
U03967,900.0,7,17,"DEV-CFB9,DEV-0EBA",Bogura,9,445
U03968,2990.0,10,21,DEV-3DE2,Barishal,13,1674
U03969,190.0,10,21,DEV-4F5C,Gazipur,8,2150
U03970,2800.0,9,19,DEV-E9C5,Cumilla,11,884
U03971,530.0,12,23,DEV-7057,Mymensingh,10,1188
U03972,1360.0,6,20,DEV-C69C,Jessore,8,2252
U03973,640.0,7,18,DEV-99C6,Noakhali,10,2232
U03974,5400.0,6,20,"DEV-14B8,DEV-AAB9",Narayanganj,9,260
U03975,1210.0,10,23,"DEV-A2AF,DEV-DEEE",Noakhali,3,1877
U03976,620.0,10,21,"DEV-EBAD,DEV-965F",Rajshahi,8,79
U03977,860.0,12,23,"DEV-E110,DEV-23AE",Cumilla,8,417
U03978,1180.0,9,20,"DEV-9D04,DEV-93D7",Rangpur,13,1579
U03979,1260.0,7,18,DEV-2C05,Chattogram,12,331
U03980,1560.0,9,20,DEV-89EE,Khulna,10,484
U03981,1100.0,6,16,"DEV-AE23,DEV-6A4A",Khulna,7,1133
U03982,360.0,10,23,"DEV-AA87,DEV-BEC3",Rangpur,11,1056
U03983,840.0,10,20,"DEV-96B6,DEV-65EC",Gazipur,15,1417
U03984,1780.0,12,22,"DEV-4407,DEV-A928",Dhaka,13,2303
U03985,640.0,8,18,DEV-E678,Sylhet,6,1075
U03986,1880.0,8,18,"DEV-763A,DEV-80A8",Tangail,6,786
U03987,1120.0,6,20,"DEV-E97F,DEV-4C0F",Rangpur,9,553
U03988,920.0,8,18,DEV-CEBE,Barishal,11,2196
U03989,2850.0,9,22,"DEV-4155,DEV-4208",Mymensingh,11,567
U03990,270.0,11,22,DEV-47F0,Barishal,13,40
U03991,640.0,11,21,"DEV-0D79,DEV-7609",Narayanganj,10,1289
U03992,2940.0,6,17,DEV-5A8D,Tangail,13,1837
U03993,4740.0,7,17,"DEV-3B18,DEV-C1AF",Narayanganj,3,65
U03994,6830.0,9,20,DEV-8474,Mymensingh,5,1602
U03995,1140.0,8,22,DEV-321F,Noakhali,9,1114
U03996,1580.0,6,19,DEV-3128,Mymensingh,9,1948
U03997,2110.0,11,23,DEV-CF3C,Tangail,15,112
U03998,3040.0,11,23,DEV-455C,Gazipur,11,2245
U03999,1410.0,9,23,"DEV-6511,DEV-1EA2",Mymensingh,8,2186
U04000,2300.0,8,18,DEV-CDE0,Chattogram,10,1725
U04001,1580.0,11,21,"DEV-5B7D,DEV-B473",Barishal,4,1561
U04002,1670.0,6,18,DEV-67ED,Gazipur,8,1769
U04003,530.0,9,21,DEV-CD36,Mymensingh,3,425
U04004,840.0,11,23,"DEV-6759,DEV-E547",Sylhet,4,2245
U04005,720.0,12,22,"DEV-B991,DEV-7B1A",Gazipur,8,1928
U04006,420.0,7,17,DEV-7BBD,Noakhali,3,1895
U04007,290.0,10,23,"DEV-9ECD,DEV-B168",Cox's Bazar,5,1246
U04008,780.0,7,19,"DEV-B4E0,DEV-087B",Gazipur,14,378
U04009,890.0,6,18,DEV-43D0,Narayanganj,13,1291
U04010,1190.0,8,19,"DEV-6FC3,DEV-8977",Dhaka,10,1376
U04011,1710.0,12,23,"DEV-16FC,DEV-331D",Mymensingh,15,662
U04012,1270.0,10,23,DEV-764B,Cox's Bazar,3,2312
U04013,890.0,9,19,DEV-7270,Narayanganj,15,1002
U04014,530.0,7,17,DEV-9D7D,Khulna,9,2386
U04015,2210.0,6,19,DEV-11D3,Bogura,7,2199
U04016,1010.0,7,21,"DEV-CBF6,DEV-4D1A",Khulna,13,214
U04017,780.0,7,18,"DEV-8CDA,DEV-F283",Jessore,8,393
U04018,940.0,7,20,DEV-6126,Jessore,10,999
U04019,610.0,10,23,DEV-5044,Bogura,7,1570
U04020,720.0,6,16,DEV-43B3,Bogura,9,310
U04021,700.0,6,16,DEV-A703,Rajshahi,4,565
U04022,870.0,9,19,"DEV-F51A,DEV-8F4E",Rajshahi,5,2144
U04023,1850.0,8,21,DEV-32C2,Rangpur,10,1128
U04024,1520.0,9,22,DEV-F233,Chattogram,15,1403
U04025,3780.0,6,16,DEV-0ADB,Rangpur,5,1346
U04026,2890.0,7,17,DEV-690B,Dhaka,10,2423
U04027,5250.0,9,22,"DEV-2039,DEV-0880",Bogura,3,330
U04028,1720.0,10,23,"DEV-FF5B,DEV-15C2",Rangpur,9,1317
U04029,1690.0,8,21,DEV-E7F6,Khulna,14,223
U04030,740.0,9,19,DEV-8B83,Cumilla,7,144
U04031,2120.0,9,20,DEV-51FC,Barishal,13,1225
U04032,650.0,7,17,DEV-DCE4,Mymensingh,8,2261
U04033,340.0,7,18,DEV-00FC,Mymensingh,15,1041
U04034,3720.0,8,20,DEV-B0B9,Cox's Bazar,11,1801
U04035,400.0,6,17,"DEV-C466,DEV-5D2C",Gazipur,7,2304
U04036,1560.0,10,23,DEV-4CEF,Dhaka,6,45
U04037,540.0,10,21,DEV-0257,Mymensingh,14,1754
U04038,2700.0,8,20,DEV-05AB,Gazipur,9,2249
U04039,3010.0,8,21,"DEV-0B41,DEV-74E3",Gazipur,8,2245
U04040,1670.0,8,18,DEV-87E1,Cumilla,10,1847
U04041,2970.0,10,20,DEV-6C95,Bogura,3,2322
U04042,1100.0,11,22,"DEV-B3D6,DEV-5C9B",Chattogram,5,1516
U04043,6550.0,6,16,DEV-CA55,Rajshahi,8,77
U04044,1990.0,8,18,"DEV-A742,DEV-EFDF",Chattogram,6,2455
U04045,530.0,6,17,DEV-B9DB,Noakhali,10,2203
U04046,1160.0,9,20,"DEV-20C4,DEV-8F26",Jessore,7,499
U04047,970.0,7,18,"DEV-A845,DEV-0394",Chattogram,8,2397
U04048,900.0,8,18,DEV-0B44,Cumilla,13,1639
U04049,290.0,9,19,DEV-05BD,Khulna,13,1148
U04050,1490.0,8,22,DEV-2BE1,Khulna,6,2051
U04051,360.0,8,21,"DEV-E1B9,DEV-3D7B",Gazipur,7,1600
U04052,150.0,11,23,"DEV-2FBA,DEV-7234",Khulna,11,1978
U04053,830.0,11,21,"DEV-65E7,DEV-FE4A",Noakhali,14,884
U04054,600.0,6,17,"DEV-1A80,DEV-D73F",Narayanganj,10,992
U04055,550.0,8,22,DEV-3AB3,Gazipur,3,273
U04056,90.0,11,23,DEV-4F58,Rajshahi,10,2226
U04057,560.0,9,22,DEV-7C3F,Khulna,12,678
U04058,950.0,7,18,"DEV-F9B3,DEV-3C4C",Cumilla,15,369
U04059,660.0,10,22,"DEV-580C,DEV-A8B8",Chattogram,15,228
U04060,1490.0,7,17,DEV-AB87,Chattogram,11,983
U04061,3340.0,6,20,DEV-5E07,Jessore,10,1232
U04062,1660.0,10,20,DEV-219A,Gazipur,5,2091
U04063,2490.0,9,22,"DEV-C9D8,DEV-E683",Cumilla,14,1644
U04064,2660.0,11,22,"DEV-9A18,DEV-DF6F",Jessore,9,2021
U04065,490.0,8,20,DEV-4103,Rangpur,11,42
U04066,1560.0,11,23,DEV-DD30,Dhaka,12,102
U04067,2430.0,8,19,DEV-CEF1,Gazipur,3,595
U04068,770.0,11,21,DEV-E700,Khulna,7,982
U04069,580.0,6,19,"DEV-EE9C,DEV-586A",Sylhet,11,212
U04070,1680.0,6,18,DEV-1EBB,Tangail,9,2173
U04071,340.0,11,21,DEV-BFBE,Chattogram,11,2415
U04072,460.0,11,21,DEV-AB6E,Dhaka,10,1227
U04073,640.0,12,23,DEV-A5CB,Barishal,3,2013
U04074,1570.0,8,21,"DEV-A17B,DEV-0A73",Tangail,6,500
U04075,1310.0,6,16,DEV-AB71,Dhaka,8,106
U04076,2500.0,12,23,DEV-7BF1,Noakhali,8,2249
U04077,520.0,10,22,DEV-07FB,Tangail,3,2040
U04078,500.0,7,17,"DEV-DB02,DEV-0733",Rajshahi,3,1901
U04079,1670.0,11,23,"DEV-3BC7,DEV-4B78",Rajshahi,6,2073
U04080,580.0,12,23,DEV-C868,Tangail,14,1784
U04081,680.0,7,17,DEV-148A,Mymensingh,15,2018
U04082,250.0,11,23,DEV-6267,Barishal,13,2418
U04083,1380.0,11,22,DEV-5DB6,Cumilla,15,2199
U04084,3760.0,9,21,DEV-6A2D,Cox's Bazar,15,2228
U04085,480.0,10,23,"DEV-DF56,DEV-5348",Cumilla,11,1187
U04086,2480.0,7,21,"DEV-5ABB,DEV-68A9",Rajshahi,4,2051
U04087,1050.0,12,23,DEV-6491,Noakhali,7,621
U04088,270.0,12,23,DEV-F43F,Barishal,12,805
U04089,540.0,12,22,DEV-447C,Jessore,8,2180
U04090,510.0,11,23,DEV-1D0E,Tangail,6,927
U04091,850.0,6,17,DEV-6BED,Mymensingh,3,2091
U04092,1530.0,8,22,DEV-1565,Gazipur,7,1253
U04093,4810.0,9,23,"DEV-CC28,DEV-E466",Jessore,7,708
U04094,350.0,12,23,DEV-D4B4,Rangpur,13,1046
U04095,740.0,9,22,"DEV-CE0B,DEV-6BCA",Gazipur,13,1464
U04096,540.0,9,21,DEV-B2C8,Chattogram,4,186
U04097,400.0,7,19,DEV-6598,Cox's Bazar,9,1405
U04098,1180.0,11,22,DEV-DAC1,Chattogram,14,289
U04099,1100.0,8,22,"DEV-31EF,DEV-2403",Khulna,9,1234
U04100,260.0,6,16,DEV-F9C0,Tangail,15,828
U04101,1110.0,12,23,DEV-5C49,Noakhali,4,1533
U04102,420.0,7,21,"DEV-4F9D,DEV-AB1E",Noakhali,7,2102
U04103,1110.0,6,20,"DEV-57B7,DEV-BF54",Bogura,14,237
U04104,3030.0,6,19,DEV-6E0A,Khulna,12,240
U04105,1590.0,9,22,DEV-C8B2,Cumilla,6,1152
U04106,1260.0,6,20,DEV-1497,Cox's Bazar,14,1892
U04107,720.0,11,23,"DEV-BA41,DEV-541A",Rangpur,7,721
U04108,1160.0,9,20,DEV-6C45,Rajshahi,13,1962
U04109,1720.0,8,21,DEV-EE39,Tangail,7,35
U04110,1590.0,6,18,DEV-7B73,Sylhet,7,758
U04111,1010.0,9,20,DEV-130D,Dhaka,7,1312
U04112,1300.0,7,21,"DEV-7558,DEV-3D90",Rangpur,7,1576
U04113,380.0,12,22,"DEV-7988,DEV-37BE",Rajshahi,10,930
U04114,610.0,8,18,DEV-A49D,Rangpur,13,2208
U04115,1930.0,9,19,"DEV-3C2D,DEV-7721",Rangpur,11,1095
U04116,2150.0,6,17,DEV-F460,Mymensingh,3,1600
U04117,1180.0,6,18,DEV-A348,Sylhet,10,305
U04118,3580.0,7,21,DEV-B563,Cumilla,8,2325
U04119,1650.0,6,20,"DEV-C5B7,DEV-EB76",Sylhet,3,1278
U04120,910.0,11,23,DEV-E2D8,Tangail,7,1191
U04121,410.0,12,23,DEV-DB8B,Bogura,15,697
U04122,3470.0,12,23,"DEV-574E,DEV-9FEE",Rajshahi,7,1530
U04123,2030.0,7,20,DEV-D16D,Cox's Bazar,12,31
U04124,4620.0,11,22,"DEV-8F4F,DEV-208E",Jessore,5,1146
U04125,6210.0,9,22,DEV-8253,Barishal,14,1956
U04126,390.0,6,16,DEV-3756,Jessore,13,1950
U04127,390.0,6,20,DEV-B084,Tangail,5,1580
U04128,110.0,9,23,DEV-DC10,Rangpur,11,955
U04129,2290.0,8,21,DEV-B3AA,Chattogram,15,1333
U04130,1850.0,6,16,DEV-8D08,Rajshahi,14,447
U04131,1190.0,12,23,"DEV-9975,DEV-89DC",Narayanganj,12,1566
U04132,410.0,11,23,"DEV-72ED,DEV-3A1A",Bogura,12,564
U04133,1020.0,9,21,"DEV-ACE3,DEV-5978",Chattogram,9,829
U04134,1270.0,12,23,DEV-281C,Khulna,4,1843
U04135,2050.0,12,23,DEV-CCD8,Rajshahi,3,333
U04136,1360.0,12,23,DEV-8D30,Rajshahi,6,845
U04137,1870.0,7,17,DEV-8536,Mymensingh,6,911
U04138,990.0,12,23,"DEV-84F0,DEV-13EA",Barishal,14,2367
U04139,2820.0,9,20,DEV-88DF,Narayanganj,13,1978
U04140,1820.0,11,23,DEV-8B29,Jessore,7,950
U04141,420.0,12,23,DEV-82C4,Khulna,7,1532
U04142,3330.0,7,18,DEV-01CA,Gazipur,12,622
U04143,2920.0,9,19,DEV-C010,Mymensingh,11,1984
U04144,1590.0,6,20,DEV-9D32,Rajshahi,14,881
U04145,1370.0,7,18,DEV-C1EA,Mymensingh,12,2258
U04146,4130.0,8,22,DEV-80FB,Jessore,11,2230
U04147,300.0,11,23,DEV-545F,Mymensingh,13,646
U04148,2960.0,12,23,"DEV-D54B,DEV-59CA",Tangail,14,1040
U04149,750.0,8,19,DEV-7408,Rangpur,7,2288
U04150,2630.0,8,21,DEV-0438,Rajshahi,6,267
U04151,1210.0,9,23,DEV-29AE,Tangail,14,1666
U04152,410.0,12,22,DEV-1D00,Barishal,5,1305
U04153,740.0,12,22,"DEV-6C6A,DEV-4327",Bogura,6,1415
U04154,2480.0,7,18,DEV-551B,Sylhet,4,1443
U04155,930.0,7,21,"DEV-C404,DEV-AED7",Cox's Bazar,13,1272
U04156,670.0,10,20,"DEV-CC41,DEV-D0DB",Tangail,14,876
U04157,660.0,8,21,DEV-3F7D,Tangail,8,1187
U04158,1830.0,7,21,DEV-9D97,Rajshahi,4,2446
U04159,4450.0,6,20,DEV-DEA7,Noakhali,6,212
U04160,200.0,8,20,DEV-4E05,Mymensingh,10,426
U04161,10310.0,8,20,DEV-602D,Chattogram,7,164
U04162,1290.0,9,22,DEV-880C,Cox's Bazar,12,1575
U04163,1740.0,7,20,DEV-CC4C,Barishal,13,847
U04164,770.0,11,23,DEV-25B2,Barishal,8,140
U04165,1090.0,10,21,DEV-7783,Rajshahi,10,532
U04166,1280.0,9,23,DEV-3E0B,Noakhali,3,672
U04167,470.0,7,19,"DEV-B66C,DEV-3DEE",Chattogram,4,243
U04168,580.0,9,20,DEV-5B36,Rajshahi,7,1924
U04169,2830.0,10,23,DEV-58AC,Rangpur,4,90
U04170,320.0,8,21,"DEV-1213,DEV-AB08",Narayanganj,3,2210
U04171,1560.0,7,17,DEV-4109,Narayanganj,11,2446
U04172,820.0,9,19,DEV-7DA6,Rangpur,3,2295
U04173,510.0,8,18,DEV-B273,Rangpur,6,553
U04174,5310.0,8,20,DEV-C96F,Noakhali,12,594
U04175,510.0,8,22,"DEV-EAFE,DEV-2047",Noakhali,5,2462
U04176,440.0,8,19,DEV-A0D7,Dhaka,5,1568
U04177,940.0,11,21,DEV-540C,Rajshahi,12,1374
U04178,590.0,9,23,DEV-C4D9,Noakhali,3,2166
U04179,1100.0,9,22,DEV-6384,Tangail,7,503
U04180,1240.0,10,22,DEV-039D,Chattogram,9,1033
U04181,1320.0,8,18,"DEV-DB23,DEV-C292",Jessore,3,388
U04182,990.0,6,19,DEV-5496,Narayanganj,11,2003
U04183,630.0,11,22,DEV-D5E4,Jessore,8,525
U04184,1830.0,6,17,DEV-6912,Khulna,7,355
U04185,1000.0,10,21,"DEV-69A3,DEV-4CC7",Chattogram,10,928
U04186,740.0,7,17,DEV-7E6F,Narayanganj,3,1424
U04187,3580.0,7,19,DEV-FE95,Tangail,10,536
U04188,1000.0,6,19,DEV-0D68,Jessore,9,2253
U04189,2630.0,12,23,"DEV-97E5,DEV-2CB4",Dhaka,3,2075
U04190,2930.0,9,22,DEV-1FB2,Tangail,13,2302
U04191,3070.0,8,22,"DEV-0E75,DEV-45F3",Noakhali,8,936
U04192,1910.0,11,23,DEV-BB3A,Barishal,3,989
U04193,1100.0,6,17,"DEV-BC77,DEV-CCC3",Dhaka,7,1331
U04194,1040.0,9,21,"DEV-2536,DEV-1BD1",Rajshahi,12,2276
U04195,900.0,9,20,DEV-FB67,Gazipur,8,1268
U04196,190.0,9,22,DEV-EBEC,Sylhet,8,989
U04197,1950.0,6,20,DEV-B335,Sylhet,3,1659
U04198,1330.0,12,23,DEV-D6EA,Bogura,3,357
U04199,2120.0,7,17,DEV-CDEB,Bogura,6,2493
U04200,1000.0,10,22,DEV-9386,Gazipur,6,1731
U04201,1870.0,11,21,"DEV-79C5,DEV-FA70",Cox's Bazar,11,1125
U04202,360.0,8,19,DEV-AD1F,Mymensingh,9,252
U04203,430.0,6,18,DEV-E1E8,Mymensingh,4,826
U04204,150.0,8,21,DEV-3508,Jessore,11,1445
U04205,980.0,11,23,DEV-38FE,Bogura,15,2435
U04206,590.0,12,23,DEV-A136,Jessore,14,1233
U04207,530.0,12,23,DEV-F43A,Cumilla,15,2494
U04208,1430.0,7,19,DEV-9EDD,Mymensingh,9,1309
U04209,780.0,10,20,"DEV-7165,DEV-065C",Tangail,7,1958
U04210,350.0,7,17,DEV-27A5,Jessore,3,272
U04211,8400.0,10,23,"DEV-3B17,DEV-3338",Rajshahi,11,2000
U04212,1060.0,8,22,DEV-B3CA,Mymensingh,8,628
U04213,460.0,10,23,DEV-AF26,Cox's Bazar,11,1036
U04214,640.0,10,21,DEV-612F,Mymensingh,6,828
U04215,950.0,12,23,DEV-FCCF,Jessore,5,1361
U04216,950.0,9,20,"DEV-64C5,DEV-71FC",Cox's Bazar,11,1547
U04217,3110.0,8,21,DEV-86B6,Sylhet,8,898
U04218,1030.0,9,21,DEV-92B8,Sylhet,9,171
U04219,4840.0,7,21,"DEV-30EE,DEV-4CDC",Sylhet,15,1558
U04220,780.0,6,17,DEV-B026,Sylhet,6,1067
U04221,1540.0,9,22,"DEV-D86F,DEV-6C68",Mymensingh,4,2069
U04222,2480.0,11,23,DEV-1D7A,Khulna,12,1747
U04223,2850.0,9,22,"DEV-D9FE,DEV-950D",Tangail,10,953
U04224,3130.0,11,21,DEV-6FAD,Mymensingh,8,158
U04225,880.0,7,19,DEV-9611,Mymensingh,10,1351
U04226,1090.0,9,21,DEV-D2A4,Tangail,15,1993
U04227,150.0,10,21,DEV-004A,Noakhali,5,1944
U04228,940.0,8,22,"DEV-5C31,DEV-F0C7",Dhaka,13,856
U04229,2630.0,6,20,DEV-4CFF,Tangail,9,545
U04230,2250.0,6,16,DEV-F96D,Cox's Bazar,13,211
U04231,1020.0,12,23,DEV-480C,Sylhet,14,1537
U04232,4270.0,10,23,"DEV-77AB,DEV-11EA",Narayanganj,5,678
U04233,810.0,7,18,DEV-B9C2,Barishal,4,1946
U04234,620.0,7,20,"DEV-3D4C,DEV-D944",Tangail,3,1504
U04235,750.0,6,19,DEV-2139,Rangpur,5,158
U04236,450.0,12,22,"DEV-1DE0,DEV-7821",Rangpur,7,1737
U04237,1800.0,6,20,DEV-15A9,Narayanganj,6,656
U04238,1380.0,11,23,DEV-5446,Cox's Bazar,13,2183
U04239,1790.0,7,18,DEV-B075,Jessore,12,92
U04240,790.0,8,19,DEV-8139,Dhaka,7,935
U04241,1050.0,7,20,"DEV-8F3A,DEV-1739",Cumilla,10,45
U04242,190.0,11,23,"DEV-ADEC,DEV-1758",Cox's Bazar,7,1593
U04243,1480.0,6,16,DEV-926D,Bogura,9,1209
U04244,1190.0,8,19,"DEV-CA6F,DEV-B9F4",Rajshahi,6,1346
U04245,450.0,7,20,DEV-5A57,Barishal,13,1760
U04246,1010.0,7,17,DEV-27A7,Gazipur,5,2242
U04247,890.0,7,21,DEV-D4A3,Noakhali,15,976
U04248,4500.0,12,23,DEV-3732,Mymensingh,15,1438
U04249,470.0,8,22,DEV-7EE4,Barishal,5,1564
U04250,1430.0,8,18,DEV-3CAD,Rangpur,10,2206
U04251,460.0,8,22,DEV-07A0,Rangpur,13,502
U04252,700.0,12,22,"DEV-6AA0,DEV-8CE0",Rajshahi,13,1323
U04253,1370.0,8,21,"DEV-C271,DEV-B9CC",Gazipur,7,2095
U04254,930.0,8,19,DEV-D4D5,Khulna,10,725
U04255,1090.0,8,20,DEV-D05D,Jessore,4,925
U04256,1430.0,8,18,"DEV-66BA,DEV-5755",Dhaka,6,1139
U04257,740.0,6,19,DEV-9A1F,Rajshahi,6,1776
U04258,2220.0,10,23,"DEV-7AC9,DEV-4B90",Noakhali,6,1686
U04259,860.0,6,17,DEV-0823,Rangpur,8,350
U04260,1010.0,7,19,DEV-79CC,Dhaka,11,538
U04261,1460.0,7,19,DEV-7823,Noakhali,14,2050
U04262,1320.0,8,21,"DEV-F0DE,DEV-D000",Dhaka,10,1693
U04263,1840.0,11,23,"DEV-44EF,DEV-1C40",Khulna,9,1309
U04264,1410.0,10,20,DEV-C9B5,Chattogram,12,1068
U04265,1600.0,12,23,"DEV-7CBA,DEV-0ACD",Cumilla,10,2426
U04266,850.0,8,19,"DEV-C0F9,DEV-5861",Rajshahi,8,2209
U04267,470.0,12,23,DEV-2BCF,Cumilla,3,1031
U04268,350.0,6,17,"DEV-A8A5,DEV-C902",Cox's Bazar,10,898
U04269,290.0,9,20,DEV-C6A7,Rangpur,3,2186
U04270,4490.0,11,22,DEV-4636,Sylhet,10,884
U04271,190.0,9,20,DEV-9798,Cumilla,15,1047
U04272,2850.0,12,23,"DEV-7740,DEV-DE84",Khulna,13,2294
U04273,570.0,8,19,"DEV-3092,DEV-D21E",Sylhet,13,296
U04274,2830.0,6,19,DEV-58A8,Jessore,9,1767
U04275,190.0,11,23,DEV-9E14,Narayanganj,9,1728
U04276,910.0,6,19,DEV-808E,Bogura,9,966
U04277,3510.0,11,21,"DEV-591E,DEV-3B40",Khulna,5,481
U04278,1940.0,11,22,"DEV-5D1B,DEV-9B7E",Cumilla,15,2156
U04279,840.0,11,23,DEV-9D76,Khulna,3,2005
U04280,230.0,9,23,DEV-9F8E,Chattogram,15,2149
U04281,380.0,12,22,DEV-A813,Barishal,15,857
U04282,3330.0,7,21,DEV-0D17,Bogura,15,2408
U04283,830.0,9,23,DEV-6503,Rangpur,3,1898
U04284,1040.0,6,16,DEV-50A3,Dhaka,15,622
U04285,1380.0,11,22,DEV-65C3,Rangpur,6,1219
U04286,390.0,10,20,DEV-61DB,Dhaka,6,811
U04287,1520.0,11,23,"DEV-2D41,DEV-F701",Sylhet,11,1356
U04288,780.0,11,23,DEV-0012,Mymensingh,8,495
U04289,1390.0,8,21,DEV-9877,Cox's Bazar,15,1844
U04290,690.0,6,17,"DEV-7623,DEV-B413",Tangail,9,1165
U04291,310.0,12,23,"DEV-D4B1,DEV-A61B",Barishal,4,1672
U04292,780.0,9,23,DEV-C43B,Narayanganj,6,1615
U04293,1830.0,6,20,DEV-461B,Noakhali,13,1670
U04294,1500.0,12,23,DEV-FE71,Sylhet,10,1907
U04295,1120.0,12,23,DEV-1657,Barishal,7,1657
U04296,2250.0,9,22,DEV-AB5D,Narayanganj,5,1303
U04297,930.0,11,21,DEV-2585,Sylhet,11,1475
U04298,1150.0,6,18,DEV-3BE1,Khulna,6,1588
U04299,750.0,6,18,DEV-D343,Bogura,4,2023
U04300,2360.0,7,19,"DEV-AD66,DEV-A22A",Cox's Bazar,10,1205
U04301,1380.0,10,21,DEV-D416,Gazipur,14,771
U04302,700.0,6,19,DEV-4747,Barishal,7,653
U04303,330.0,6,20,DEV-A417,Tangail,12,478
U04304,2650.0,10,23,"DEV-33B1,DEV-7B51",Dhaka,8,1518
U04305,600.0,11,23,DEV-67A4,Rangpur,15,1845
U04306,1160.0,11,23,DEV-9E56,Jessore,10,813
U04307,7200.0,11,22,DEV-10A1,Chattogram,9,1363
U04308,2080.0,11,23,DEV-069A,Mymensingh,5,949
U04309,3980.0,10,23,"DEV-0818,DEV-43DE",Rajshahi,14,2254
U04310,710.0,9,23,"DEV-9379,DEV-2861",Rangpur,3,2268
U04311,2580.0,11,22,DEV-FDC1,Bogura,10,2413
U04312,1120.0,8,18,DEV-69D5,Gazipur,6,2156
U04313,1470.0,6,19,DEV-4D9D,Chattogram,9,2171
U04314,5520.0,11,23,DEV-E49D,Sylhet,15,1406
U04315,880.0,7,20,DEV-2CDA,Cumilla,4,1382
U04316,1110.0,12,23,"DEV-301D,DEV-617B",Cumilla,3,775
U04317,530.0,8,20,"DEV-122B,DEV-AE6F",Cox's Bazar,13,1892
U04318,2230.0,11,21,DEV-C6E3,Mymensingh,12,820
U04319,700.0,6,20,DEV-5A84,Sylhet,8,855
U04320,2490.0,10,21,DEV-DE2E,Rangpur,5,2365
U04321,290.0,9,20,DEV-01E0,Gazipur,10,66
U04322,1700.0,9,23,DEV-8808,Gazipur,6,321
U04323,660.0,7,20,"DEV-BAE1,DEV-6066",Chattogram,11,1957
U04324,1970.0,12,23,"DEV-F255,DEV-6E37",Rajshahi,8,1722
U04325,1080.0,8,21,DEV-EB04,Rangpur,13,1960
U04326,710.0,11,21,DEV-A8B3,Barishal,11,1183
U04327,800.0,8,19,DEV-3B16,Barishal,10,49
U04328,560.0,6,17,"DEV-D4CC,DEV-07DF",Gazipur,4,764
U04329,2140.0,12,23,DEV-307E,Mymensingh,11,2163
U04330,470.0,7,18,DEV-C7A2,Barishal,12,1675
U04331,890.0,7,17,DEV-E6F9,Tangail,9,2207
U04332,1450.0,12,23,DEV-6356,Narayanganj,10,53
U04333,3990.0,12,23,DEV-A84A,Dhaka,10,821
U04334,1090.0,12,23,DEV-B28C,Khulna,6,1726
U04335,900.0,8,22,DEV-BCFF,Narayanganj,8,72
U04336,1360.0,11,22,"DEV-E7D9,DEV-163F",Gazipur,4,1140
U04337,210.0,8,18,DEV-314C,Narayanganj,13,2193
U04338,420.0,11,23,DEV-EB17,Mymensingh,4,429
U04339,810.0,9,19,"DEV-8B68,DEV-8737",Rajshahi,13,204
U04340,620.0,6,16,DEV-6726,Noakhali,11,1603
U04341,300.0,8,20,DEV-5CB2,Chattogram,9,603
U04342,2180.0,9,21,DEV-3EAB,Cox's Bazar,9,484
U04343,1350.0,7,18,DEV-6620,Rajshahi,4,1370
U04344,1230.0,8,22,"DEV-12C7,DEV-4B03",Barishal,11,1527
U04345,630.0,9,20,DEV-FE59,Noakhali,7,2046
U04346,1170.0,6,20,DEV-29B8,Khulna,13,286
U04347,1660.0,7,20,DEV-BB71,Gazipur,13,1961
U04348,890.0,11,21,DEV-08DF,Narayanganj,14,1685
U04349,1570.0,8,20,DEV-BBDA,Cox's Bazar,14,1712
U04350,580.0,10,20,"DEV-43AF,DEV-B3CD",Chattogram,12,619
U04351,1190.0,9,23,"DEV-7F21,DEV-C68E",Cox's Bazar,6,2076
U04352,2740.0,9,22,"DEV-AAB0,DEV-8EDC",Mymensingh,6,334
U04353,2940.0,8,20,DEV-BBBB,Barishal,15,1723
U04354,3170.0,9,22,DEV-F743,Sylhet,15,362
U04355,1380.0,11,23,"DEV-9878,DEV-2C82",Noakhali,6,1605
U04356,1120.0,12,23,DEV-1DB6,Dhaka,11,1145
U04357,770.0,7,18,DEV-8C2F,Bogura,14,444
U04358,260.0,10,21,"DEV-6E79,DEV-9BC9",Narayanganj,14,510
U04359,370.0,12,23,DEV-AADA,Sylhet,15,1116
U04360,960.0,6,19,DEV-2FDC,Chattogram,7,934
U04361,1010.0,11,23,"DEV-BE40,DEV-FDC6",Barishal,9,1144
U04362,3390.0,9,21,DEV-5312,Gazipur,10,1100
U04363,3140.0,12,23,DEV-EDC0,Chattogram,15,75
U04364,630.0,10,22,DEV-EDAD,Sylhet,15,1090
U04365,2110.0,11,23,"DEV-6B25,DEV-CB9D",Khulna,10,1031
U04366,750.0,7,18,DEV-EEAF,Tangail,14,996
U04367,1890.0,6,16,"DEV-DA0A,DEV-637B",Noakhali,7,590
U04368,2090.0,12,23,DEV-AAA2,Rajshahi,10,505
U04369,2960.0,9,21,DEV-97B1,Rangpur,13,251
U04370,740.0,9,23,DEV-69EB,Jessore,14,1573
U04371,2470.0,7,20,DEV-A3B6,Rajshahi,4,1379
U04372,250.0,7,21,DEV-EF24,Jessore,3,2035
U04373,3090.0,11,21,DEV-06A9,Mymensingh,5,615
U04374,1070.0,8,20,DEV-E6C4,Bogura,4,1037
U04375,1090.0,10,23,DEV-5E38,Tangail,5,500
U04376,210.0,8,20,"DEV-D416,DEV-1B9B",Rajshahi,15,2352
U04377,800.0,7,18,"DEV-E420,DEV-72B2",Chattogram,11,1973
U04378,3240.0,7,20,DEV-EAA6,Barishal,4,397
U04379,780.0,12,23,DEV-6D81,Sylhet,12,2030
U04380,1940.0,12,23,DEV-BF10,Dhaka,15,2311
U04381,1130.0,6,18,DEV-989A,Gazipur,13,1662
U04382,2570.0,8,22,DEV-3349,Barishal,14,2476
U04383,1280.0,9,19,DEV-3FD5,Tangail,14,498
U04384,520.0,8,18,DEV-89DD,Sylhet,12,743
U04385,1150.0,11,23,DEV-7C9C,Barishal,14,1592
U04386,3950.0,7,20,"DEV-9DB1,DEV-CE8B",Gazipur,13,1359
U04387,1630.0,6,16,DEV-C5FB,Gazipur,11,1791
U04388,1000.0,8,20,DEV-0F00,Jessore,5,2414
U04389,6660.0,10,23,DEV-7EC1,Rangpur,14,606
U04390,2770.0,7,21,DEV-25F3,Narayanganj,4,2184
U04391,2110.0,11,23,DEV-834B,Barishal,6,358
U04392,1410.0,6,17,DEV-8932,Rangpur,12,1164
U04393,1970.0,6,18,"DEV-FEDC,DEV-636B",Dhaka,12,1100
U04394,2020.0,9,22,DEV-73C3,Cumilla,14,2021
U04395,190.0,9,20,DEV-82F0,Noakhali,3,1078
U04396,1500.0,8,18,DEV-2148,Sylhet,13,2081
U04397,960.0,7,19,"DEV-0F56,DEV-B5AD",Bogura,4,408
U04398,740.0,6,19,"DEV-4CF5,DEV-5CCF",Rangpur,10,2483
U04399,940.0,10,22,"DEV-FE01,DEV-3F9F",Dhaka,5,503
U04400,320.0,8,21,DEV-E775,Tangail,10,1491
U04401,260.0,6,19,DEV-A0E2,Tangail,4,1264
U04402,2970.0,8,22,DEV-43DF,Mymensingh,3,253
U04403,1590.0,12,23,"DEV-F450,DEV-9F4B",Gazipur,15,1332
U04404,160.0,7,17,"DEV-5013,DEV-738B",Noakhali,9,2187
U04405,690.0,12,23,"DEV-5F4C,DEV-D86F",Dhaka,9,1358
U04406,2220.0,7,17,DEV-7729,Barishal,8,1765
U04407,880.0,7,20,"DEV-096D,DEV-B01F",Rajshahi,14,2455
U04408,2970.0,7,21,"DEV-C1C5,DEV-655C",Bogura,13,778
U04409,2540.0,8,21,DEV-EBFE,Gazipur,9,127
U04410,370.0,6,17,DEV-6CD2,Cox's Bazar,4,1732
U04411,980.0,10,23,DEV-439D,Rangpur,12,1972
U04412,770.0,8,18,DEV-B36D,Cumilla,5,382
U04413,360.0,11,22,DEV-20AF,Cumilla,7,898
U04414,340.0,9,20,DEV-FC30,Mymensingh,11,915
U04415,580.0,9,21,"DEV-AEEF,DEV-5106",Gazipur,15,1889
U04416,660.0,9,20,"DEV-14EC,DEV-95D7",Cumilla,5,2193
U04417,1380.0,7,19,"DEV-9626,DEV-CB5D",Tangail,3,1846
U04418,2530.0,10,20,DEV-4898,Cox's Bazar,8,762
U04419,1650.0,6,20,DEV-364D,Sylhet,12,1561
U04420,2000.0,11,22,DEV-69A9,Barishal,11,694
U04421,890.0,12,23,"DEV-D17C,DEV-E875",Rajshahi,15,1588
U04422,1780.0,11,21,DEV-5ADC,Narayanganj,5,2413
U04423,970.0,9,23,"DEV-0C31,DEV-1C6B",Cumilla,13,1669
U04424,770.0,8,21,DEV-8B5E,Chattogram,13,1969
U04425,5000.0,12,23,DEV-0660,Noakhali,13,1876
U04426,170.0,7,20,"DEV-B94D,DEV-0878",Narayanganj,14,1206
U04427,250.0,9,22,DEV-6C73,Narayanganj,6,355
U04428,1490.0,11,23,"DEV-CC31,DEV-77C6",Mymensingh,7,2439
U04429,890.0,12,23,DEV-ACC8,Gazipur,8,921
U04430,350.0,12,23,DEV-5575,Tangail,7,2219
U04431,470.0,6,16,DEV-CB21,Cox's Bazar,4,2109
U04432,520.0,12,23,"DEV-6D3B,DEV-C0C0",Rajshahi,7,1719
U04433,2240.0,6,16,DEV-F3BF,Gazipur,7,1383
U04434,2890.0,10,20,"DEV-6187,DEV-3B62",Gazipur,12,706
U04435,4070.0,12,22,"DEV-EED9,DEV-AE4D",Noakhali,3,368
U04436,310.0,10,23,DEV-E0C0,Khulna,12,2185
U04437,370.0,12,23,"DEV-60DD,DEV-592D",Rangpur,13,2405
U04438,350.0,8,18,"DEV-1FC1,DEV-C5DE",Chattogram,4,1692
U04439,3080.0,8,20,DEV-D81A,Noakhali,15,2469
U04440,1530.0,8,18,"DEV-D1D4,DEV-4A8A",Barishal,12,564
U04441,1170.0,8,18,DEV-7D0B,Chattogram,12,1296
U04442,1320.0,10,20,DEV-7E3E,Chattogram,12,461
U04443,1050.0,9,21,DEV-1ED3,Tangail,13,1346
U04444,450.0,11,21,"DEV-000A,DEV-5584",Dhaka,8,2231
U04445,1650.0,8,21,DEV-82A3,Cumilla,9,751
U04446,940.0,8,22,DEV-FD21,Dhaka,10,1069
U04447,420.0,7,21,DEV-DFAF,Dhaka,5,1304
U04448,1740.0,9,23,DEV-B746,Noakhali,3,1175
U04449,780.0,12,23,"DEV-F676,DEV-C652",Jessore,12,2422
U04450,1320.0,12,23,"DEV-86B7,DEV-E972",Sylhet,6,1083
U04451,990.0,7,21,DEV-EB7D,Gazipur,6,658
U04452,2240.0,9,20,DEV-33E8,Narayanganj,4,838
U04453,1310.0,10,23,"DEV-485A,DEV-F7E8",Sylhet,8,782
U04454,540.0,10,21,DEV-0176,Jessore,10,808
U04455,1420.0,6,20,DEV-84A4,Rangpur,14,2246
U04456,1460.0,10,20,"DEV-61FF,DEV-BEA2",Khulna,9,1296
U04457,1650.0,6,18,"DEV-F54F,DEV-5175",Chattogram,7,979
U04458,2510.0,6,17,DEV-386D,Chattogram,13,379
U04459,670.0,10,23,DEV-5453,Narayanganj,6,2432
U04460,1870.0,6,17,"DEV-B732,DEV-5C0E",Narayanganj,3,408
U04461,280.0,8,22,DEV-A473,Khulna,3,893
U04462,1000.0,10,22,DEV-591A,Noakhali,13,1757
U04463,880.0,10,23,"DEV-BD8C,DEV-1000",Rajshahi,12,41
U04464,3490.0,9,21,DEV-57B5,Sylhet,5,811
U04465,970.0,6,18,DEV-4F3F,Barishal,5,2385
U04466,1780.0,11,22,DEV-9910,Chattogram,13,89
U04467,270.0,12,23,DEV-A5BA,Bogura,11,615
U04468,830.0,12,23,DEV-BA24,Dhaka,9,242
U04469,560.0,11,22,DEV-E6E6,Sylhet,7,1744
U04470,7950.0,8,22,DEV-CBD8,Tangail,7,58
U04471,640.0,12,22,"DEV-0AAA,DEV-AD79",Rajshahi,13,147
U04472,1160.0,9,20,DEV-0441,Bogura,5,1197
U04473,1210.0,6,16,DEV-69DF,Cumilla,14,1878
U04474,310.0,11,23,DEV-97A6,Noakhali,6,2264
U04475,720.0,8,20,DEV-51B4,Sylhet,6,573
U04476,1520.0,12,22,"DEV-B31D,DEV-CBC7",Narayanganj,7,1442
U04477,1170.0,8,18,DEV-9BB4,Dhaka,13,2006
U04478,170.0,12,23,DEV-865F,Cumilla,3,1831
U04479,700.0,9,23,"DEV-F918,DEV-A6FF",Rangpur,4,2417
U04480,2480.0,9,20,DEV-3A96,Chattogram,7,217
U04481,1760.0,8,21,DEV-A80D,Gazipur,4,141
U04482,2910.0,11,22,"DEV-7B32,DEV-0615",Sylhet,7,1724
U04483,500.0,6,20,DEV-EA77,Bogura,8,938
U04484,3060.0,9,22,"DEV-CBB8,DEV-9E13",Rangpur,11,1853
U04485,1060.0,8,20,"DEV-AC48,DEV-93BD",Dhaka,7,1797
U04486,3920.0,9,23,"DEV-57D5,DEV-EECD",Dhaka,9,1123
U04487,1100.0,7,18,DEV-8D9D,Dhaka,15,2491
U04488,210.0,10,23,"DEV-56C1,DEV-AF4C",Sylhet,9,2207
U04489,2160.0,8,19,"DEV-283C,DEV-51CD",Cumilla,13,926
U04490,770.0,7,21,DEV-2115,Chattogram,6,42
U04491,810.0,7,21,"DEV-15C7,DEV-D265",Khulna,14,2487
U04492,340.0,10,22,DEV-6FE4,Rangpur,10,2421
U04493,4010.0,7,17,"DEV-DB60,DEV-A331",Bogura,4,2250
U04494,720.0,8,21,DEV-3BDF,Tangail,14,168
U04495,3870.0,10,23,DEV-361D,Bogura,12,1806
U04496,780.0,8,22,DEV-7502,Tangail,7,2402
U04497,520.0,8,19,"DEV-1842,DEV-95B8",Tangail,10,973
U04498,3150.0,7,18,DEV-7599,Noakhali,15,1893
U04499,1030.0,8,19,DEV-2397,Sylhet,4,1356
U04500,1040.0,10,21,DEV-8652,Dhaka,3,1174
U04501,390.0,9,19,"DEV-D94A,DEV-E8A0",Dhaka,13,1809
U04502,760.0,12,22,DEV-6B3B,Noakhali,6,1463
U04503,1550.0,11,23,DEV-12B9,Noakhali,14,1723
U04504,390.0,6,20,DEV-DD0B,Cumilla,13,582
U04505,710.0,8,18,DEV-8D0E,Bogura,14,742
U04506,780.0,8,19,DEV-C293,Khulna,12,1610
U04507,1160.0,10,23,DEV-0B93,Chattogram,15,1406
U04508,3580.0,7,17,"DEV-4B81,DEV-491D",Mymensingh,11,976
U04509,860.0,12,22,"DEV-B770,DEV-AE61",Chattogram,4,2092
U04510,630.0,8,22,DEV-BD9E,Gazipur,5,873
U04511,9870.0,9,20,DEV-65AB,Khulna,14,1203
U04512,780.0,6,17,DEV-4FAE,Chattogram,6,810
U04513,940.0,12,22,"DEV-306F,DEV-40F4",Sylhet,15,1428
U04514,820.0,12,23,DEV-2A09,Jessore,14,1419
U04515,880.0,11,23,DEV-D2CB,Rangpur,11,839
U04516,1170.0,8,22,"DEV-AD77,DEV-AD8C",Dhaka,4,1940
U04517,2290.0,6,19,DEV-E2CA,Narayanganj,5,425
U04518,1520.0,10,23,DEV-BD53,Tangail,12,1932
U04519,2600.0,9,22,DEV-520F,Tangail,8,192
U04520,2530.0,12,23,DEV-5024,Cox's Bazar,8,649
U04521,1300.0,10,22,DEV-2095,Barishal,4,1032
U04522,1480.0,9,20,"DEV-B8E0,DEV-DFD3",Rajshahi,8,1076
U04523,2660.0,12,23,DEV-B6DC,Jessore,3,1590
U04524,450.0,11,23,DEV-7879,Tangail,4,2348
U04525,8090.0,9,19,"DEV-5551,DEV-7031",Gazipur,14,1907
U04526,730.0,6,16,"DEV-453C,DEV-2A5A",Cox's Bazar,12,1374
U04527,830.0,6,19,DEV-6E6F,Rangpur,15,237
U04528,420.0,9,19,"DEV-3C99,DEV-BD34",Gazipur,14,2480
U04529,430.0,9,23,DEV-E810,Noakhali,14,816
U04530,2390.0,6,20,DEV-318E,Dhaka,8,1561
U04531,6740.0,6,16,DEV-018B,Dhaka,6,2025
U04532,700.0,10,23,DEV-DFCE,Sylhet,11,1757
U04533,1450.0,11,21,"DEV-4B3E,DEV-4159",Barishal,11,307
U04534,1310.0,6,17,"DEV-DAF8,DEV-D6F1",Rajshahi,8,671
U04535,2440.0,9,21,DEV-94A3,Narayanganj,9,2483
U04536,6470.0,6,19,DEV-27E2,Mymensingh,5,1926
U04537,3700.0,11,21,"DEV-B49E,DEV-BD4B",Khulna,9,1592
U04538,910.0,11,21,DEV-717D,Chattogram,15,1131
U04539,1670.0,12,23,DEV-8FB7,Noakhali,8,2351
U04540,1810.0,10,23,DEV-8953,Cumilla,9,1825
U04541,1080.0,10,22,DEV-A954,Bogura,15,1833
U04542,460.0,12,23,DEV-8400,Sylhet,14,2293
U04543,580.0,10,20,"DEV-F960,DEV-0902",Jessore,13,2410
U04544,2750.0,9,23,DEV-0D74,Cumilla,3,2152
U04545,2980.0,11,23,DEV-26B3,Narayanganj,14,1673
U04546,930.0,10,23,"DEV-262D,DEV-7FAD",Chattogram,3,594
U04547,1350.0,11,23,DEV-143E,Noakhali,3,692
U04548,2860.0,9,23,"DEV-30F2,DEV-8506",Bogura,7,410
U04549,280.0,12,23,DEV-E64D,Rangpur,8,2006
U04550,770.0,6,18,DEV-CD83,Rangpur,4,856
U04551,5510.0,6,18,DEV-377B,Chattogram,10,588
U04552,1390.0,6,18,"DEV-0E08,DEV-BD2D",Rajshahi,14,1823
U04553,440.0,9,21,"DEV-C786,DEV-EDD4",Noakhali,11,1425
U04554,1200.0,10,23,"DEV-6EDC,DEV-0EF5",Cumilla,15,637
U04555,2480.0,7,19,DEV-F100,Dhaka,14,951
U04556,140.0,7,21,DEV-4990,Noakhali,13,1218
U04557,1260.0,12,23,"DEV-61F7,DEV-6A09",Dhaka,5,2003
U04558,810.0,11,23,DEV-FC0D,Bogura,11,46
U04559,290.0,10,21,"DEV-5C76,DEV-8E77",Noakhali,4,1905
U04560,1170.0,9,22,DEV-8115,Bogura,13,224
U04561,980.0,8,21,DEV-FD6F,Dhaka,14,2163
U04562,1080.0,6,17,"DEV-F3CB,DEV-A1C2",Cox's Bazar,4,321
U04563,830.0,7,21,DEV-1B17,Chattogram,9,639
U04564,480.0,12,23,DEV-58A9,Noakhali,4,941
U04565,340.0,8,21,DEV-AA81,Dhaka,10,2493
U04566,630.0,10,23,"DEV-CDAB,DEV-C078",Khulna,8,1013
U04567,2180.0,10,21,DEV-7CA8,Cox's Bazar,14,2019
U04568,1320.0,8,21,DEV-ABAA,Cumilla,6,663
U04569,1040.0,7,17,"DEV-4F0D,DEV-A2CC",Dhaka,12,985
U04570,480.0,10,23,DEV-7A73,Chattogram,11,1307
U04571,810.0,6,18,"DEV-AF0B,DEV-DF34",Sylhet,12,345
U04572,1980.0,9,21,"DEV-D1ED,DEV-BB77",Sylhet,15,104
U04573,1640.0,12,23,DEV-C491,Narayanganj,5,893
U04574,750.0,10,21,"DEV-2C7B,DEV-2F54",Khulna,3,1971
U04575,140.0,11,23,DEV-D6AD,Sylhet,11,292
U04576,640.0,6,16,DEV-8A78,Rangpur,4,2051
U04577,750.0,7,20,DEV-6E71,Cumilla,8,1549
U04578,530.0,7,20,DEV-AA3E,Sylhet,9,707
U04579,790.0,8,18,DEV-1536,Cox's Bazar,10,308
U04580,2110.0,7,20,DEV-2A43,Jessore,3,1390
U04581,1060.0,12,23,DEV-25AC,Jessore,10,1093
U04582,2420.0,7,19,DEV-90EC,Rajshahi,13,298
U04583,330.0,10,23,DEV-10F0,Cox's Bazar,3,1678
U04584,860.0,10,20,"DEV-0B6E,DEV-AD34",Sylhet,8,2097
U04585,230.0,10,23,DEV-BC1E,Bogura,7,1149
U04586,780.0,7,21,DEV-41EF,Jessore,7,1145
U04587,480.0,8,21,DEV-B0E4,Sylhet,8,2207
U04588,3060.0,10,20,DEV-18AA,Rangpur,4,986
U04589,1520.0,8,20,DEV-68D1,Gazipur,9,625
U04590,2470.0,10,23,DEV-5D9C,Rajshahi,4,2122
U04591,780.0,6,19,DEV-58AE,Barishal,4,1324
U04592,490.0,6,20,"DEV-DDF0,DEV-1416",Mymensingh,9,2346
U04593,470.0,11,23,DEV-A0F3,Sylhet,14,2285
U04594,1360.0,10,23,DEV-4611,Bogura,12,2032
U04595,4670.0,6,17,"DEV-7C78,DEV-3382",Mymensingh,7,902
U04596,1530.0,12,23,DEV-BBB1,Noakhali,7,1802
U04597,810.0,6,18,DEV-0F96,Dhaka,9,1197
U04598,940.0,12,23,DEV-136D,Barishal,3,1917
U04599,1070.0,11,22,DEV-542B,Bogura,11,2334
U04600,5550.0,12,23,DEV-E1FC,Rajshahi,4,1839
U04601,2940.0,12,22,DEV-061C,Cumilla,12,1263
U04602,1350.0,8,21,DEV-2D7F,Rangpur,7,2481
U04603,1200.0,11,23,"DEV-7DE4,DEV-0579",Khulna,7,2164
U04604,1390.0,7,18,DEV-88C6,Rajshahi,8,634
U04605,1630.0,9,20,DEV-5CC3,Tangail,4,2352
U04606,790.0,7,19,DEV-A547,Rajshahi,6,1214
U04607,560.0,9,22,"DEV-0EF6,DEV-2D3C",Narayanganj,5,662
U04608,2500.0,12,23,DEV-2AC5,Dhaka,14,758
U04609,1120.0,9,21,DEV-BCC8,Chattogram,5,1971
U04610,2340.0,6,16,DEV-BD2E,Barishal,4,981
U04611,4090.0,8,22,"DEV-1DC5,DEV-679C",Narayanganj,6,1644
U04612,1660.0,11,23,DEV-B430,Chattogram,8,1128
U04613,1460.0,9,22,DEV-01C4,Sylhet,10,2467
U04614,14190.0,9,23,DEV-19C2,Narayanganj,8,367
U04615,1290.0,9,22,DEV-A4CC,Barishal,9,1476
U04616,460.0,8,22,DEV-908E,Dhaka,9,908
U04617,880.0,10,22,DEV-B504,Tangail,5,1988
U04618,3790.0,10,21,DEV-7774,Cox's Bazar,3,2359
U04619,390.0,12,23,"DEV-E6E6,DEV-2020",Noakhali,11,883
U04620,600.0,10,20,"DEV-2793,DEV-A2A3",Gazipur,15,2272
U04621,2660.0,12,23,DEV-DB6E,Bogura,3,1527
U04622,880.0,11,23,DEV-05DC,Dhaka,14,166
U04623,1000.0,6,19,DEV-B56D,Bogura,14,1953
U04624,2590.0,8,21,DEV-F8F8,Jessore,13,1392
U04625,620.0,8,20,DEV-9049,Cumilla,10,2418
U04626,340.0,6,20,DEV-D4C1,Khulna,7,1163
U04627,360.0,7,18,"DEV-4303,DEV-CE10",Cox's Bazar,10,652
U04628,1750.0,11,21,DEV-7534,Narayanganj,3,456
U04629,1350.0,8,21,"DEV-4C6B,DEV-32C1",Barishal,6,224
U04630,630.0,7,18,DEV-DA55,Cumilla,8,1772
U04631,430.0,8,20,DEV-B7BA,Gazipur,9,2441
U04632,880.0,7,19,DEV-C9E2,Mymensingh,6,1627
U04633,2680.0,7,18,DEV-B41D,Tangail,8,1518
U04634,560.0,6,20,DEV-4173,Rangpur,12,99
U04635,650.0,11,22,DEV-3107,Barishal,15,72
U04636,420.0,11,23,DEV-A5D4,Barishal,13,1262
U04637,820.0,9,19,DEV-40AB,Gazipur,3,1314
U04638,1440.0,10,23,DEV-A5E4,Narayanganj,10,1081
U04639,5960.0,12,23,DEV-E6AE,Bogura,8,2342
U04640,1310.0,11,21,DEV-BFB9,Rangpur,9,845
U04641,1050.0,6,19,"DEV-78BF,DEV-E8A9",Narayanganj,13,2461
U04642,2190.0,12,23,DEV-8D15,Dhaka,7,680
U04643,1910.0,6,16,DEV-784C,Narayanganj,10,834
U04644,690.0,6,19,DEV-F567,Barishal,14,769
U04645,6920.0,8,21,DEV-55C8,Cumilla,10,1961
U04646,1080.0,11,23,DEV-34FF,Bogura,10,847
U04647,1320.0,6,19,DEV-2393,Rangpur,14,1162
U04648,1700.0,8,21,DEV-A08A,Gazipur,3,305
U04649,1450.0,7,20,DEV-828E,Cumilla,7,1013
U04650,3720.0,8,21,DEV-C625,Dhaka,9,523
U04651,680.0,12,23,"DEV-258C,DEV-51C6",Dhaka,3,1902
U04652,2050.0,8,21,"DEV-1EEE,DEV-4F0E",Jessore,9,2037
U04653,1250.0,7,17,DEV-F5D5,Rajshahi,15,696
U04654,2410.0,6,19,DEV-E595,Cox's Bazar,13,2470
U04655,920.0,7,18,DEV-7EFF,Narayanganj,3,1083
U04656,830.0,6,18,DEV-1972,Sylhet,14,2091
U04657,1970.0,10,23,DEV-FEB1,Barishal,13,638
U04658,1460.0,8,18,DEV-2848,Cumilla,14,2151
U04659,570.0,9,22,DEV-19E4,Khulna,4,382
U04660,3220.0,11,22,DEV-6933,Chattogram,14,923
U04661,1970.0,10,23,DEV-F0EF,Chattogram,3,966
U04662,1030.0,7,20,"DEV-CC62,DEV-5C0C",Noakhali,3,490
U04663,750.0,8,18,"DEV-7479,DEV-0F83",Narayanganj,7,2399
U04664,1470.0,8,19,DEV-4543,Chattogram,13,755
U04665,1860.0,11,23,DEV-AB8A,Cumilla,14,1064
U04666,310.0,8,19,DEV-6B98,Rajshahi,11,71
U04667,1480.0,6,18,DEV-FA97,Khulna,3,1717
U04668,1850.0,11,21,DEV-7209,Jessore,14,473
U04669,170.0,8,21,"DEV-D8CA,DEV-BA1D",Noakhali,6,734
U04670,1280.0,6,16,DEV-81F7,Cumilla,12,2295
U04671,1910.0,10,21,DEV-DE65,Narayanganj,6,2167
U04672,1750.0,7,19,"DEV-DEF0,DEV-523D",Chattogram,10,313
U04673,2080.0,12,23,DEV-4747,Gazipur,4,1573
U04674,840.0,11,23,DEV-B562,Dhaka,15,1875
U04675,480.0,8,22,"DEV-06F2,DEV-B38D",Dhaka,4,2377
U04676,260.0,9,21,"DEV-6F5C,DEV-C455",Rajshahi,15,624
U04677,2630.0,9,20,DEV-2149,Rangpur,14,835
U04678,1920.0,10,20,"DEV-9343,DEV-893C",Noakhali,4,615
U04679,2790.0,6,19,DEV-03C3,Sylhet,12,1358
U04680,610.0,8,20,DEV-864C,Cumilla,7,1519
U04681,2090.0,7,20,DEV-A7E6,Mymensingh,7,501
U04682,330.0,10,21,"DEV-67BA,DEV-9CBE",Mymensingh,7,86
U04683,550.0,6,17,"DEV-5388,DEV-9C8B",Bogura,6,365
U04684,1210.0,9,21,DEV-3E4F,Gazipur,15,545
U04685,1860.0,11,22,DEV-4802,Dhaka,3,1475
U04686,4200.0,12,23,"DEV-122F,DEV-190E",Barishal,7,524
U04687,910.0,8,21,DEV-226E,Rajshahi,7,2014
U04688,550.0,6,20,DEV-3079,Cumilla,8,1616
U04689,530.0,11,22,"DEV-B7FB,DEV-3759",Tangail,6,523
U04690,630.0,6,16,DEV-5AF7,Gazipur,11,2476
U04691,6480.0,6,16,DEV-2C71,Cumilla,14,1766
U04692,2010.0,12,23,DEV-6C86,Bogura,11,2178
U04693,2670.0,12,23,DEV-3E99,Barishal,5,1688
U04694,910.0,10,23,"DEV-542D,DEV-1195",Narayanganj,15,1660
U04695,1100.0,11,23,DEV-813D,Barishal,8,1221
U04696,1920.0,6,17,DEV-44F2,Rajshahi,7,1650
U04697,730.0,6,19,DEV-A6B5,Cumilla,11,1924
U04698,870.0,8,20,DEV-FF74,Mymensingh,15,2466
U04699,640.0,6,19,DEV-7C32,Jessore,7,1496
U04700,770.0,12,22,DEV-82E9,Chattogram,5,1891
U04701,1140.0,6,18,DEV-D498,Dhaka,13,2367
U04702,570.0,9,22,DEV-582B,Cox's Bazar,9,1537
U04703,1380.0,11,23,DEV-241C,Narayanganj,12,1916
U04704,1380.0,11,21,DEV-B871,Chattogram,8,496
U04705,950.0,7,17,DEV-A651,Rangpur,3,2219
U04706,570.0,9,23,DEV-782E,Sylhet,7,2448
U04707,1190.0,9,20,DEV-62FD,Cox's Bazar,14,922
U04708,730.0,11,23,DEV-078D,Tangail,15,2221
U04709,1140.0,8,21,DEV-8E9C,Dhaka,7,2033
U04710,2640.0,7,19,"DEV-8C21,DEV-8402",Narayanganj,12,605
U04711,400.0,11,23,DEV-4DD7,Rangpur,4,2480
U04712,6240.0,12,23,"DEV-26D8,DEV-9238",Sylhet,5,1474
U04713,1030.0,9,20,"DEV-9EB8,DEV-2C57",Dhaka,12,433
U04714,1520.0,6,16,DEV-1EDB,Khulna,3,296
U04715,600.0,9,23,DEV-7B87,Rangpur,12,1292
U04716,2730.0,12,23,DEV-0C43,Tangail,15,1315
U04717,990.0,12,23,DEV-3192,Rajshahi,3,2159
U04718,800.0,8,20,DEV-A2E9,Jessore,10,1290
U04719,690.0,7,19,DEV-4C7E,Rajshahi,7,1009
U04720,880.0,10,20,"DEV-75E0,DEV-AFE9",Mymensingh,11,812
U04721,1530.0,11,23,DEV-2D3E,Tangail,14,1285
U04722,1260.0,12,23,"DEV-3A47,DEV-4C23",Jessore,4,687
U04723,1060.0,6,16,"DEV-6AC9,DEV-8F54",Mymensingh,11,1876
U04724,620.0,8,21,DEV-12B9,Noakhali,5,365
U04725,590.0,9,22,"DEV-794C,DEV-AFE9",Narayanganj,9,2067
U04726,760.0,6,20,"DEV-D9F5,DEV-89F7",Jessore,8,563
U04727,1580.0,12,22,DEV-A037,Tangail,9,522
U04728,1860.0,6,17,DEV-D053,Tangail,12,2435
U04729,2070.0,10,22,DEV-BA29,Cumilla,10,996
U04730,1100.0,12,23,DEV-88FA,Rajshahi,7,1709
U04731,1490.0,10,21,DEV-90F5,Mymensingh,11,1004
U04732,960.0,11,23,DEV-FE83,Chattogram,10,2455
U04733,270.0,7,21,DEV-C1CD,Mymensingh,3,407
U04734,920.0,11,21,"DEV-3DBA,DEV-7428",Cumilla,10,1180
U04735,810.0,8,19,DEV-BDF9,Noakhali,7,255
U04736,480.0,6,17,DEV-85A8,Rangpur,4,1440
U04737,700.0,8,20,DEV-6EAC,Rajshahi,9,1869
U04738,1220.0,8,22,"DEV-9BBC,DEV-603E",Dhaka,9,1187
U04739,440.0,9,20,DEV-AD9D,Bogura,12,2134
U04740,620.0,7,20,DEV-BB44,Barishal,8,1927
U04741,3780.0,9,19,DEV-E5E3,Mymensingh,12,2381
U04742,300.0,8,20,DEV-F49E,Dhaka,6,2489
U04743,950.0,8,19,"DEV-B622,DEV-C16C",Rajshahi,10,2392
U04744,430.0,10,23,DEV-C5B1,Jessore,15,1099
U04745,600.0,8,21,DEV-5482,Cox's Bazar,10,2486
U04746,940.0,11,22,DEV-EA5F,Sylhet,11,1662
U04747,500.0,7,20,"DEV-8287,DEV-DE15",Cumilla,7,234
U04748,1740.0,12,23,"DEV-3796,DEV-4F6F",Bogura,11,233
U04749,3230.0,8,20,DEV-9EC7,Narayanganj,13,1010
U04750,2150.0,6,18,"DEV-941D,DEV-670F",Cox's Bazar,14,1404
U04751,2490.0,7,21,DEV-388D,Mymensingh,14,232
U04752,360.0,11,22,"DEV-3A66,DEV-BA1B",Cox's Bazar,6,1454
U04753,900.0,12,22,"DEV-0566,DEV-1E91",Narayanganj,14,1704
U04754,1590.0,7,17,DEV-ECE1,Chattogram,7,1742
U04755,2200.0,10,23,DEV-FAAA,Noakhali,14,2431
U04756,4460.0,10,21,DEV-142D,Cumilla,3,929
U04757,2580.0,6,16,DEV-246E,Sylhet,14,120
U04758,2250.0,9,21,DEV-544D,Cumilla,5,2395
U04759,9020.0,10,23,DEV-9600,Rajshahi,5,1330
U04760,1180.0,12,23,DEV-30C1,Cox's Bazar,10,1587
U04761,870.0,11,23,DEV-FB76,Mymensingh,9,1347
U04762,1260.0,6,19,DEV-7E7E,Chattogram,5,1232
U04763,530.0,7,21,DEV-897D,Cox's Bazar,9,433
U04764,1160.0,9,22,DEV-31E7,Khulna,13,1423
U04765,280.0,7,17,DEV-4EC6,Bogura,9,2088
U04766,720.0,9,21,"DEV-BC77,DEV-A1F2",Sylhet,10,309
U04767,1000.0,6,18,"DEV-398D,DEV-7105",Chattogram,14,1004
U04768,2340.0,6,18,DEV-2F79,Rajshahi,5,2339
U04769,2670.0,6,20,DEV-6852,Sylhet,7,1068
U04770,510.0,8,22,DEV-3785,Dhaka,14,429
U04771,5770.0,11,23,"DEV-FAC9,DEV-4C2C",Jessore,5,2406
U04772,1230.0,7,17,DEV-794A,Noakhali,6,368
U04773,1330.0,12,23,"DEV-A44E,DEV-0A81",Cox's Bazar,6,641
U04774,300.0,7,17,DEV-35A9,Narayanganj,13,1178
U04775,670.0,6,18,DEV-FD29,Mymensingh,4,982
U04776,2540.0,8,19,DEV-B264,Barishal,7,1058
U04777,1260.0,11,21,"DEV-3DEF,DEV-6E1F",Rangpur,8,1932
U04778,1200.0,6,16,"DEV-DB7E,DEV-326E",Jessore,4,1405
U04779,1320.0,6,18,DEV-4C84,Rajshahi,4,1215
U04780,350.0,11,21,DEV-3D73,Cumilla,7,1767
U04781,1020.0,10,20,DEV-AA32,Khulna,4,1520
U04782,3380.0,8,19,"DEV-86FE,DEV-802A",Mymensingh,15,1582
U04783,2620.0,11,23,DEV-60ED,Rajshahi,8,1210
U04784,990.0,11,23,"DEV-53F6,DEV-8382",Cumilla,3,1399
U04785,3830.0,8,19,DEV-CC8E,Dhaka,10,729
U04786,400.0,9,22,DEV-D004,Rangpur,12,1051
U04787,500.0,6,16,DEV-C8D6,Dhaka,10,431
U04788,4870.0,8,21,DEV-0BBB,Khulna,10,232
U04789,1740.0,10,20,"DEV-7D7B,DEV-64C3",Rangpur,4,2129
U04790,870.0,7,17,"DEV-EF6A,DEV-6A5A",Khulna,12,2023
U04791,1050.0,12,23,"DEV-3F2F,DEV-403B",Barishal,15,709
U04792,580.0,12,23,DEV-31DE,Cumilla,7,1168
U04793,1370.0,7,19,"DEV-711E,DEV-439E",Narayanganj,4,2493
U04794,1280.0,8,19,DEV-910E,Noakhali,5,1341
U04795,1110.0,7,20,DEV-3B19,Cox's Bazar,11,54
U04796,430.0,9,22,DEV-95BF,Gazipur,11,1456
U04797,1360.0,6,19,DEV-9D9A,Narayanganj,14,2208
U04798,720.0,8,19,DEV-AB79,Sylhet,8,599
U04799,500.0,9,22,DEV-E1EC,Bogura,14,2369
U04800,3020.0,10,23,DEV-13A7,Dhaka,6,1914
U04801,6220.0,10,22,DEV-0D8D,Jessore,9,175
U04802,5190.0,7,18,DEV-75C2,Dhaka,11,2469
U04803,1840.0,11,23,DEV-8419,Noakhali,6,1580
U04804,890.0,10,22,"DEV-C1F2,DEV-3A11",Dhaka,7,563
U04805,1040.0,11,22,DEV-747D,Noakhali,13,1963
U04806,1520.0,9,23,DEV-9C7F,Tangail,10,2058
U04807,780.0,12,23,"DEV-A80E,DEV-8B04",Jessore,10,1549
U04808,3150.0,8,20,"DEV-9727,DEV-2A00",Tangail,11,2411
U04809,220.0,11,22,"DEV-76F7,DEV-8AA0",Khulna,13,2203
U04810,870.0,7,20,"DEV-1434,DEV-F7FA",Mymensingh,15,799
U04811,2080.0,7,21,"DEV-A21A,DEV-B7BE",Rangpur,8,357
U04812,560.0,9,22,DEV-88D5,Dhaka,7,2024
U04813,900.0,9,21,"DEV-EE40,DEV-0174",Noakhali,14,2373
U04814,1760.0,11,23,"DEV-F544,DEV-34F4",Bogura,9,756
U04815,3690.0,8,19,DEV-E272,Rajshahi,15,1389
U04816,390.0,12,22,"DEV-0FB7,DEV-5015",Narayanganj,14,1290
U04817,370.0,8,21,"DEV-91FA,DEV-A858",Mymensingh,12,880
U04818,510.0,9,19,"DEV-03E0,DEV-5BDC",Tangail,12,1359
U04819,320.0,12,22,"DEV-D7A8,DEV-2EDE",Gazipur,15,1327
U04820,340.0,9,22,DEV-F28B,Cox's Bazar,6,2463
U04821,500.0,10,22,DEV-B5D3,Rangpur,8,868
U04822,2940.0,12,23,DEV-F9BE,Jessore,10,397
U04823,850.0,12,23,"DEV-E73C,DEV-3A01",Gazipur,5,1154
U04824,1120.0,9,19,"DEV-F0EE,DEV-7EC1",Chattogram,9,379
U04825,510.0,8,21,"DEV-4228,DEV-E422",Mymensingh,11,416
U04826,1820.0,7,18,"DEV-7872,DEV-AFF4",Cumilla,9,1598
U04827,4920.0,9,22,"DEV-9C2C,DEV-4C7A",Rajshahi,11,2116
U04828,540.0,12,22,DEV-FBA3,Rangpur,4,315
U04829,4360.0,9,21,"DEV-D57D,DEV-877A",Narayanganj,9,992
U04830,1470.0,8,21,DEV-92EC,Sylhet,15,482
U04831,1110.0,6,18,DEV-11D0,Sylhet,6,1183
U04832,1510.0,8,20,DEV-BADF,Sylhet,8,1489
U04833,1500.0,7,17,DEV-E8E8,Bogura,11,2276
U04834,4840.0,12,22,DEV-F82A,Gazipur,11,2238
U04835,1660.0,9,22,DEV-8F5A,Cox's Bazar,5,2270
U04836,1690.0,6,18,DEV-FF5B,Bogura,4,1073
U04837,780.0,6,18,"DEV-CC5E,DEV-813B",Dhaka,12,1976
U04838,2150.0,11,22,DEV-CCE5,Rangpur,9,747
U04839,510.0,12,22,DEV-2817,Gazipur,14,104
U04840,1200.0,11,23,DEV-ACFC,Gazipur,15,2326
U04841,11010.0,6,16,DEV-9E9A,Bogura,5,2268
U04842,150.0,6,19,DEV-7E41,Narayanganj,7,477
U04843,1320.0,7,17,DEV-A4D2,Rangpur,13,496
U04844,1360.0,11,23,"DEV-DA24,DEV-9277",Cumilla,6,2270
U04845,910.0,11,22,DEV-6107,Sylhet,5,1112
U04846,930.0,11,23,"DEV-6C0A,DEV-917B",Mymensingh,5,1980
U04847,1180.0,6,16,DEV-94E0,Mymensingh,9,2260
U04848,900.0,7,19,"DEV-5044,DEV-88B6",Dhaka,7,1377
U04849,1310.0,12,23,"DEV-499D,DEV-F1D6",Noakhali,15,264
U04850,740.0,12,22,DEV-88D9,Rangpur,15,1512
U04851,5530.0,11,23,DEV-D66C,Cumilla,4,358
U04852,900.0,6,17,DEV-6125,Chattogram,14,1729
U04853,1730.0,6,18,DEV-64C8,Khulna,4,1452
U04854,640.0,6,17,DEV-49D9,Bogura,12,1110
U04855,2310.0,10,20,DEV-9223,Dhaka,15,1185
U04856,1970.0,11,23,"DEV-9DC2,DEV-90E8",Cumilla,7,2406
U04857,1530.0,10,22,"DEV-D642,DEV-82BD",Tangail,5,992
U04858,480.0,7,21,DEV-D22E,Chattogram,3,2126
U04859,600.0,11,23,DEV-0EDD,Jessore,7,2029
U04860,4230.0,6,17,DEV-5C29,Narayanganj,15,2490
U04861,600.0,11,22,DEV-B66B,Barishal,8,2239
U04862,1830.0,12,23,"DEV-622B,DEV-BB33",Jessore,8,1564
U04863,520.0,11,22,DEV-9786,Tangail,3,2478
U04864,2460.0,12,22,DEV-7BF3,Rangpur,11,1760
U04865,630.0,10,22,DEV-8ECE,Narayanganj,5,333
U04866,510.0,9,23,DEV-E6CC,Chattogram,11,267
U04867,620.0,8,19,DEV-ADB6,Bogura,13,1700
U04868,700.0,12,23,DEV-FBE1,Rangpur,13,1338
U04869,1520.0,10,21,DEV-1883,Jessore,9,2182
U04870,1160.0,7,18,DEV-D01A,Tangail,11,1358
U04871,460.0,12,23,"DEV-E428,DEV-ED87",Noakhali,8,624
U04872,1070.0,6,16,DEV-8A02,Barishal,12,2147
U04873,440.0,10,21,"DEV-7CCC,DEV-956D",Mymensingh,11,1215
U04874,1840.0,7,18,DEV-EA0A,Mymensingh,5,2386
U04875,2120.0,10,23,DEV-DDE3,Narayanganj,7,47
U04876,1080.0,8,19,"DEV-EF5C,DEV-F813",Cumilla,13,75
U04877,1360.0,9,23,DEV-9FA1,Chattogram,8,362
U04878,4450.0,10,20,DEV-424F,Sylhet,6,2393
U04879,970.0,11,23,DEV-2695,Gazipur,15,340
U04880,520.0,8,19,"DEV-E5CC,DEV-26FD",Cox's Bazar,14,1790
U04881,1740.0,12,23,"DEV-1205,DEV-78E8",Noakhali,13,1777
U04882,440.0,9,22,DEV-BE42,Bogura,8,2203
U04883,930.0,7,21,DEV-BC4E,Rajshahi,10,1566
U04884,680.0,6,19,DEV-410F,Dhaka,15,81
U04885,630.0,7,19,DEV-805A,Barishal,9,125
U04886,900.0,10,22,DEV-E4F7,Dhaka,13,64
U04887,2250.0,9,23,DEV-CCC2,Dhaka,13,1501
U04888,2660.0,8,22,"DEV-EAAE,DEV-C510",Gazipur,13,1092
U04889,2300.0,9,22,DEV-1755,Khulna,10,198
U04890,1440.0,11,21,"DEV-341F,DEV-2B46",Bogura,7,81
U04891,890.0,10,21,"DEV-21FC,DEV-DBC5",Rajshahi,7,529
U04892,170.0,6,17,"DEV-B4B0,DEV-E9E9",Jessore,13,1215
U04893,1470.0,6,17,DEV-5204,Barishal,8,2256
U04894,180.0,9,23,DEV-FAD4,Cox's Bazar,6,2073
U04895,240.0,8,18,DEV-EE6F,Rajshahi,5,1134
U04896,960.0,11,23,DEV-1B24,Cumilla,11,738
U04897,1360.0,10,23,DEV-DE55,Chattogram,15,1959
U04898,760.0,11,23,DEV-1C5A,Narayanganj,7,2344
U04899,3750.0,10,21,DEV-7383,Dhaka,11,806
U04900,1590.0,8,19,DEV-2E47,Gazipur,7,1259
U04901,900.0,10,23,"DEV-949B,DEV-0486",Tangail,8,303
U04902,3320.0,10,23,"DEV-D8DA,DEV-79F1",Barishal,8,350
U04903,3840.0,11,23,DEV-DF11,Rangpur,7,2223
U04904,1650.0,7,19,"DEV-6EEF,DEV-8E95",Rajshahi,14,588
U04905,590.0,10,23,DEV-BCF1,Mymensingh,14,434
U04906,710.0,7,20,DEV-F8CE,Barishal,6,817
U04907,340.0,11,23,"DEV-5FCF,DEV-855D",Cox's Bazar,7,893
U04908,1060.0,11,22,DEV-530C,Jessore,3,533
U04909,470.0,10,20,DEV-0A85,Barishal,12,1762
U04910,840.0,12,23,DEV-DF80,Jessore,12,1447
U04911,1350.0,9,20,DEV-900C,Rangpur,13,1491
U04912,220.0,6,17,DEV-5F56,Tangail,10,2464
U04913,400.0,10,22,DEV-C6E9,Barishal,14,2322
U04914,730.0,11,23,DEV-D194,Noakhali,4,727
U04915,1050.0,6,20,DEV-FC23,Gazipur,7,2469
U04916,740.0,6,19,DEV-6FD3,Gazipur,8,1705
U04917,880.0,7,20,DEV-1AF9,Cumilla,12,392
U04918,620.0,11,23,"DEV-7C3D,DEV-70C6",Noakhali,5,818
U04919,340.0,9,21,"DEV-351D,DEV-962E",Cox's Bazar,7,589
U04920,710.0,12,23,DEV-6A02,Rajshahi,4,2004
U04921,920.0,12,23,"DEV-E1A6,DEV-0C36",Khulna,15,1608
U04922,860.0,9,23,DEV-B743,Khulna,8,1954
U04923,1200.0,10,22,DEV-9A17,Narayanganj,3,392
U04924,1530.0,8,21,DEV-3B32,Barishal,6,1303
U04925,1890.0,6,16,DEV-5A38,Noakhali,10,1369
U04926,660.0,8,20,"DEV-DC00,DEV-5D34",Jessore,9,1711
U04927,310.0,10,23,"DEV-AA0B,DEV-8334",Chattogram,9,950
U04928,3030.0,7,20,DEV-E528,Sylhet,3,185
U04929,1490.0,7,19,DEV-A91A,Mymensingh,14,2223
U04930,510.0,6,17,DEV-D598,Rangpur,13,1083
U04931,1370.0,11,23,DEV-E751,Bogura,5,2297
U04932,2580.0,12,23,DEV-2117,Bogura,7,1053
U04933,4370.0,11,22,"DEV-D56E,DEV-F5E0",Cumilla,4,669
U04934,1340.0,8,22,"DEV-0944,DEV-744C",Khulna,4,1176
U04935,2560.0,10,22,"DEV-413E,DEV-FB87",Gazipur,14,266
U04936,420.0,12,23,DEV-5A19,Bogura,4,1410
U04937,1070.0,10,21,DEV-2FDF,Khulna,7,2477
U04938,840.0,8,20,DEV-187A,Sylhet,15,662
U04939,1440.0,8,20,"DEV-CB16,DEV-0F0D",Jessore,7,400
U04940,3980.0,11,23,DEV-4E0D,Tangail,11,367
U04941,1340.0,9,19,DEV-8DEC,Cox's Bazar,4,458
U04942,520.0,11,23,DEV-0B78,Gazipur,14,1000
U04943,400.0,12,23,"DEV-2CBF,DEV-FE78",Noakhali,14,652
U04944,4090.0,6,20,"DEV-7535,DEV-4DB4",Rangpur,14,1793
U04945,1650.0,11,22,DEV-DEA9,Chattogram,11,871
U04946,1570.0,8,21,DEV-149C,Rajshahi,15,926
U04947,830.0,9,20,"DEV-43A0,DEV-DC48",Narayanganj,11,395
U04948,1360.0,7,20,DEV-C0BE,Cumilla,7,1445
U04949,500.0,8,19,DEV-6E98,Rangpur,14,825
U04950,1490.0,8,21,DEV-FB11,Rajshahi,6,1772
U04951,430.0,6,18,DEV-9391,Bogura,13,84
U04952,820.0,11,22,DEV-BED1,Jessore,15,1617
U04953,660.0,7,19,"DEV-FC1D,DEV-811A",Dhaka,8,2008
U04954,80.0,8,21,DEV-7B0F,Noakhali,6,1788
U04955,830.0,7,20,DEV-A9E3,Gazipur,5,680
U04956,530.0,7,20,DEV-112D,Dhaka,9,1750
U04957,930.0,8,21,DEV-6DB9,Chattogram,11,2049
U04958,1100.0,12,23,DEV-B0F0,Dhaka,10,1331
U04959,4510.0,12,23,DEV-6105,Sylhet,11,1627
U04960,1400.0,8,20,DEV-B5E9,Noakhali,3,2045
U04961,1430.0,9,21,DEV-6740,Mymensingh,3,1216
U04962,1630.0,12,23,"DEV-31B7,DEV-2573",Khulna,6,398
U04963,2200.0,7,17,DEV-8B9F,Tangail,14,2431
U04964,1580.0,12,23,DEV-318B,Khulna,9,836
U04965,1370.0,6,18,DEV-5E84,Chattogram,7,985
U04966,1940.0,7,19,DEV-851B,Dhaka,11,1544
U04967,160.0,8,22,DEV-0CC7,Barishal,8,470
U04968,5830.0,6,18,"DEV-6B9F,DEV-4FC4",Narayanganj,4,885
U04969,3910.0,11,23,DEV-505E,Sylhet,9,1456
U04970,1300.0,11,23,"DEV-E8D6,DEV-ECC4",Cumilla,12,1841
U04971,350.0,8,22,DEV-4CDC,Rajshahi,14,376
U04972,2890.0,11,22,"DEV-E184,DEV-391A",Tangail,7,2075
U04973,630.0,11,21,DEV-58CC,Chattogram,5,713
U04974,1680.0,11,21,DEV-F0DE,Chattogram,14,2286
U04975,390.0,11,23,DEV-1A02,Cumilla,7,2272
U04976,6510.0,10,20,DEV-61DF,Bogura,5,1786
U04977,350.0,6,19,"DEV-CE14,DEV-F0C7",Cumilla,9,2233
U04978,1160.0,12,23,"DEV-F2D1,DEV-E156",Narayanganj,3,424
U04979,200.0,10,23,DEV-F6E5,Bogura,15,1180
U04980,1060.0,12,22,DEV-786F,Rangpur,13,378
U04981,780.0,12,23,DEV-52B6,Mymensingh,8,1211
U04982,2720.0,7,19,DEV-628C,Mymensingh,10,1468
U04983,780.0,8,18,"DEV-1EE0,DEV-2341",Mymensingh,8,1429
U04984,2730.0,7,17,DEV-F941,Barishal,9,217
U04985,480.0,6,19,"DEV-30CC,DEV-9DC5",Barishal,15,237
U04986,880.0,12,23,DEV-3B81,Jessore,12,2495
U04987,890.0,12,23,"DEV-A9FD,DEV-7868",Sylhet,11,655
U04988,1630.0,12,23,DEV-1AE7,Sylhet,15,1251
U04989,1470.0,12,23,DEV-5F42,Narayanganj,5,1462
U04990,1950.0,10,23,"DEV-BB0F,DEV-CCE5",Noakhali,14,423
U04991,1360.0,9,19,DEV-4A20,Dhaka,5,823
U04992,1860.0,12,23,DEV-4BF2,Narayanganj,6,1515
U04993,530.0,9,19,DEV-BAC6,Gazipur,11,557
U04994,1500.0,10,22,DEV-6CAC,Sylhet,4,1987
U04995,3970.0,7,21,"DEV-11F5,DEV-1F69",Narayanganj,9,1628
U04996,290.0,11,23,"DEV-5FA9,DEV-456E",Barishal,7,2472
U04997,1620.0,11,22,DEV-1E6E,Tangail,3,1429
U04998,1880.0,10,20,"DEV-C873,DEV-757B",Rajshahi,5,2006
U04999,3530.0,9,20,DEV-B503,Tangail,8,837
U05000,1960.0,7,18,"DEV-0082,DEV-66F7",Cumilla,4,1744
U05001,1190.0,6,16,DEV-7A60,Jessore,15,2345
U05002,1550.0,10,20,DEV-93D4,Gazipur,8,2061
U05003,610.0,10,23,DEV-F7D3,Rangpur,12,1950
U05004,800.0,11,23,DEV-7554,Jessore,5,1142
U05005,380.0,12,23,"DEV-7D43,DEV-E52C",Mymensingh,10,1502
U05006,3600.0,9,19,DEV-65FF,Tangail,4,1493
U05007,1570.0,11,23,DEV-650A,Rangpur,5,547
U05008,530.0,11,23,DEV-28E5,Rangpur,11,679
U05009,1360.0,7,19,DEV-B8DB,Mymensingh,7,1630
U05010,2770.0,11,23,DEV-04FC,Sylhet,15,1602
U05011,2430.0,6,17,DEV-37F1,Narayanganj,15,1728
U05012,520.0,10,22,"DEV-6B08,DEV-6F20",Cox's Bazar,4,1521
U05013,90.0,12,22,DEV-09DF,Tangail,11,1465
U05014,1500.0,10,22,"DEV-8781,DEV-F8D2",Cox's Bazar,13,1314
U05015,540.0,12,23,"DEV-1ACA,DEV-7E5B",Jessore,6,1605
U05016,1800.0,6,16,DEV-9660,Narayanganj,13,924
U05017,2350.0,9,22,DEV-52F3,Narayanganj,12,430
U05018,2670.0,11,21,"DEV-931C,DEV-573E",Cumilla,7,1702
U05019,4430.0,10,23,"DEV-28A3,DEV-D723",Barishal,4,857
U05020,2950.0,12,23,DEV-FFA6,Narayanganj,8,1901
U05021,4450.0,9,19,"DEV-62CB,DEV-17AD",Jessore,7,2230
U05022,3310.0,10,22,"DEV-29DB,DEV-E531",Chattogram,9,996
U05023,3540.0,8,19,DEV-E17C,Cox's Bazar,5,368
U05024,1060.0,12,23,"DEV-7DD3,DEV-DF11",Khulna,7,32
U05025,390.0,6,19,DEV-3902,Rajshahi,14,1486
U05026,7990.0,7,19,"DEV-667C,DEV-1CE0",Khulna,13,2209
U05027,1150.0,6,18,"DEV-8B79,DEV-B30C",Khulna,12,2247
U05028,2930.0,10,23,DEV-F629,Barishal,7,2249
U05029,710.0,7,20,DEV-C122,Cumilla,9,64
U05030,2370.0,8,18,DEV-AA35,Cumilla,6,164
U05031,160.0,11,23,"DEV-AC65,DEV-A10A",Rajshahi,8,2418
U05032,790.0,8,21,DEV-6B7C,Gazipur,9,1695
U05033,1010.0,7,18,"DEV-8001,DEV-2C2D",Narayanganj,14,2211
U05034,1590.0,6,20,DEV-051F,Rajshahi,13,2450
U05035,2590.0,7,19,DEV-CA1E,Dhaka,5,1796
U05036,460.0,12,23,"DEV-7EFD,DEV-DF08",Rajshahi,15,1021
U05037,1860.0,9,20,DEV-1F2D,Rajshahi,3,1781
U05038,2930.0,12,23,DEV-6451,Dhaka,3,1577
U05039,7160.0,7,20,DEV-41E2,Khulna,14,2173
U05040,1930.0,8,19,DEV-D759,Mymensingh,6,2157
U05041,760.0,7,17,DEV-607A,Jessore,14,452
U05042,400.0,8,18,DEV-A2B6,Rajshahi,3,2205
U05043,4740.0,9,21,DEV-1596,Barishal,6,1758
U05044,1980.0,11,23,DEV-86E7,Chattogram,13,1845
U05045,1080.0,8,22,DEV-70FB,Sylhet,5,878
U05046,300.0,11,23,DEV-9C50,Mymensingh,9,1230
U05047,520.0,10,22,DEV-95D5,Khulna,12,2192
U05048,1820.0,8,20,"DEV-1B95,DEV-0CCD",Tangail,7,372
U05049,1460.0,12,23,DEV-201A,Jessore,4,1347
U05050,230.0,9,21,DEV-37BB,Cox's Bazar,13,2418
U05051,1820.0,7,21,DEV-BA08,Khulna,11,1921
U05052,310.0,12,23,"DEV-44E9,DEV-F84D",Chattogram,14,397
U05053,3240.0,12,23,"DEV-1634,DEV-81FE",Barishal,12,442
U05054,1300.0,6,16,"DEV-B73E,DEV-0DD2",Tangail,12,1274
U05055,760.0,12,23,"DEV-8398,DEV-116D",Gazipur,11,627
U05056,2420.0,12,23,DEV-CA31,Tangail,11,2207
U05057,1460.0,11,21,"DEV-77A4,DEV-DD5B",Dhaka,8,2100
U05058,3170.0,7,18,DEV-A85C,Rangpur,15,2386
U05059,1170.0,10,23,"DEV-511F,DEV-27A5",Cox's Bazar,13,1006
U05060,1230.0,9,20,"DEV-2887,DEV-0874",Narayanganj,6,735
U05061,870.0,10,20,"DEV-4CE0,DEV-BABD",Cumilla,15,1333
U05062,1350.0,10,21,DEV-5ACE,Jessore,6,314
U05063,4270.0,10,21,"DEV-2568,DEV-147C",Sylhet,12,1822
U05064,730.0,9,21,DEV-702C,Mymensingh,14,2177
U05065,1840.0,10,23,DEV-35BA,Chattogram,8,449
U05066,540.0,9,23,DEV-BBEF,Mymensingh,5,518
U05067,210.0,6,18,DEV-563A,Barishal,15,777
U05068,1290.0,6,16,DEV-2013,Barishal,13,2008
U05069,1470.0,12,23,DEV-45D1,Bogura,8,834
U05070,1000.0,12,22,DEV-7157,Khulna,15,1831
U05071,330.0,10,20,DEV-09A4,Mymensingh,4,2294
U05072,1400.0,7,18,DEV-1C88,Rajshahi,9,1112
U05073,1360.0,11,21,DEV-F601,Noakhali,5,369
U05074,540.0,7,19,"DEV-58F5,DEV-BF86",Barishal,5,2292
U05075,370.0,8,19,DEV-E994,Cumilla,7,947
U05076,900.0,8,21,"DEV-1D10,DEV-AFA5",Cox's Bazar,10,1509
U05077,1850.0,6,18,DEV-D53F,Sylhet,5,2399
U05078,1530.0,11,23,DEV-05E9,Tangail,9,2246
U05079,540.0,9,21,DEV-4F91,Tangail,13,2092
U05080,1220.0,8,18,DEV-226C,Barishal,4,903
U05081,2230.0,9,23,DEV-0827,Khulna,3,1686
U05082,430.0,6,17,DEV-4B37,Cumilla,12,854
U05083,1150.0,9,22,DEV-2ECF,Noakhali,8,1385
U05084,3200.0,9,22,DEV-E541,Cumilla,5,863
U05085,400.0,8,22,DEV-3CC2,Rangpur,14,2101
U05086,2760.0,11,23,DEV-BF40,Jessore,8,1885
U05087,4010.0,7,19,"DEV-0D2D,DEV-9E13",Gazipur,4,2367
U05088,920.0,6,17,DEV-B1E7,Gazipur,7,687
U05089,830.0,9,21,DEV-2710,Tangail,10,2312
U05090,2510.0,12,23,DEV-6E59,Tangail,6,641
U05091,940.0,8,20,DEV-EDC9,Sylhet,15,1608
U05092,170.0,6,16,DEV-9D34,Narayanganj,11,459
U05093,1010.0,12,23,DEV-CEE0,Mymensingh,3,1827
U05094,1600.0,9,23,DEV-6CBA,Rangpur,7,1944
U05095,1980.0,7,18,DEV-3D4A,Cumilla,7,1945
U05096,540.0,10,22,DEV-7848,Narayanganj,4,714
U05097,880.0,8,22,DEV-6781,Rangpur,3,2029
U05098,2400.0,12,23,DEV-FB9E,Cumilla,4,422
U05099,1050.0,8,21,"DEV-6DAA,DEV-A099",Barishal,11,1840
U05100,320.0,9,22,DEV-9666,Mymensingh,6,1191
U05101,2950.0,9,20,DEV-5F1E,Cumilla,8,474
U05102,920.0,7,21,DEV-5FF3,Rangpur,4,2436
U05103,2630.0,9,21,"DEV-D839,DEV-35C4",Tangail,15,1906
U05104,360.0,6,17,"DEV-6A7B,DEV-AABF",Barishal,15,391
U05105,1000.0,10,21,"DEV-0E7B,DEV-AD73",Gazipur,11,994
U05106,1650.0,11,22,DEV-D52D,Bogura,7,1853
U05107,1020.0,12,23,DEV-713F,Khulna,10,523
U05108,430.0,8,19,"DEV-953E,DEV-7C94",Bogura,8,1198
U05109,160.0,7,18,DEV-AA79,Dhaka,14,283
U05110,3710.0,9,22,"DEV-0CF8,DEV-9E0C",Bogura,10,85
U05111,1340.0,10,23,DEV-74C2,Mymensingh,4,623
U05112,2790.0,12,23,DEV-0923,Dhaka,4,1787
U05113,2310.0,6,18,DEV-CCE6,Khulna,13,1284
U05114,1770.0,7,20,DEV-26D9,Khulna,12,792
U05115,850.0,7,19,"DEV-976A,DEV-D9A8",Barishal,12,639
U05116,1620.0,7,18,DEV-EBB2,Rangpur,7,2015
U05117,3450.0,9,22,DEV-A0D0,Bogura,11,1674
U05118,1170.0,12,22,DEV-B76C,Cox's Bazar,6,2162
U05119,5020.0,6,20,"DEV-95B5,DEV-C712",Jessore,11,2412
U05120,330.0,11,23,DEV-F9D3,Cumilla,7,1592
U05121,300.0,10,23,"DEV-755A,DEV-69B9",Tangail,4,138
U05122,2420.0,10,20,"DEV-2C67,DEV-FAB4",Khulna,13,2346
U05123,570.0,10,22,DEV-E984,Noakhali,13,352
U05124,5620.0,6,18,"DEV-B4CD,DEV-A8C0",Khulna,13,1781
U05125,3200.0,11,22,"DEV-3467,DEV-E8D2",Sylhet,11,640
U05126,3910.0,7,19,DEV-0ED8,Bogura,11,1923
U05127,2230.0,9,22,DEV-9E15,Bogura,13,2016
U05128,520.0,10,23,DEV-40E7,Chattogram,10,1988
U05129,290.0,10,23,DEV-7458,Chattogram,14,700
U05130,3630.0,8,19,DEV-185A,Jessore,12,1614
U05131,330.0,8,22,"DEV-227E,DEV-607F",Gazipur,10,503
U05132,3900.0,9,21,DEV-65CF,Khulna,10,2221
U05133,1870.0,6,18,DEV-E1AE,Khulna,15,407
U05134,1030.0,11,21,DEV-98F8,Khulna,9,2108
U05135,1560.0,6,19,DEV-0802,Khulna,4,400
U05136,1590.0,9,23,DEV-EE45,Tangail,13,742
U05137,930.0,10,21,DEV-9C44,Barishal,3,1807
U05138,3430.0,6,20,DEV-D44C,Noakhali,6,2397
U05139,3340.0,12,22,DEV-EC8F,Khulna,7,1779
U05140,1240.0,8,22,DEV-835C,Khulna,3,876
U05141,680.0,6,17,"DEV-2DE5,DEV-72AF",Mymensingh,5,798
U05142,3120.0,10,22,DEV-AFCB,Narayanganj,5,1587
U05143,220.0,9,19,DEV-0884,Tangail,10,1140
U05144,1560.0,10,23,DEV-F22F,Cox's Bazar,14,541
U05145,1980.0,11,23,"DEV-59E7,DEV-A8DE",Gazipur,6,1581
U05146,570.0,9,23,DEV-FB36,Gazipur,8,1103
U05147,2390.0,11,22,DEV-DD87,Sylhet,11,2438
U05148,1070.0,8,18,DEV-BDB3,Narayanganj,11,102
U05149,710.0,9,22,DEV-4C7C,Chattogram,15,1865
U05150,2370.0,7,17,DEV-8655,Jessore,9,2001
U05151,460.0,10,23,DEV-805C,Narayanganj,13,2013
U05152,2200.0,7,17,DEV-DCBE,Sylhet,13,1759
U05153,220.0,10,20,"DEV-0A2F,DEV-05E6",Tangail,8,2444
U05154,1380.0,11,23,DEV-1E42,Rajshahi,13,794
U05155,1140.0,12,23,"DEV-F525,DEV-8A5F",Dhaka,15,971
U05156,710.0,12,22,DEV-B31C,Narayanganj,4,2337
U05157,1500.0,6,16,DEV-1831,Narayanganj,13,200
U05158,1030.0,6,20,DEV-0368,Barishal,11,2071
U05159,2550.0,12,22,DEV-A675,Rajshahi,13,1874
U05160,1720.0,8,19,DEV-B49D,Chattogram,10,1484
U05161,1580.0,6,20,"DEV-6D5C,DEV-1547",Cumilla,5,329
U05162,1390.0,8,20,DEV-7D58,Khulna,8,1539
U05163,750.0,11,21,DEV-A3BC,Barishal,11,1113
U05164,860.0,8,22,DEV-36A6,Rajshahi,14,246
U05165,1340.0,6,17,DEV-4D06,Tangail,3,1853
U05166,950.0,11,23,DEV-BF27,Khulna,5,2036
U05167,2670.0,7,20,DEV-364B,Bogura,6,1409
U05168,1180.0,8,19,DEV-1962,Rangpur,10,432
U05169,1480.0,6,17,DEV-A0C9,Rajshahi,3,936
U05170,360.0,10,22,DEV-05ED,Dhaka,15,1365
U05171,2330.0,9,20,DEV-6F1C,Mymensingh,12,1300
U05172,690.0,12,22,DEV-91CE,Noakhali,14,1491
U05173,480.0,8,21,DEV-1084,Noakhali,3,635
U05174,4090.0,7,20,"DEV-A737,DEV-D284",Jessore,6,1996
U05175,1920.0,7,20,"DEV-F937,DEV-4420",Narayanganj,8,213
U05176,2400.0,7,20,DEV-53C1,Khulna,13,2466
U05177,1580.0,9,21,DEV-9E42,Bogura,11,1048
U05178,1020.0,6,20,"DEV-996A,DEV-9BFE",Bogura,8,2077
U05179,880.0,8,22,DEV-508D,Rangpur,6,174
U05180,2050.0,11,23,DEV-0E60,Dhaka,7,1683
U05181,2710.0,11,21,DEV-0661,Bogura,7,2449
U05182,1040.0,10,20,DEV-FF4F,Rangpur,11,2402
U05183,5760.0,12,23,"DEV-6806,DEV-7299",Chattogram,14,1135
U05184,940.0,11,23,"DEV-A047,DEV-3492",Barishal,9,953
U05185,360.0,10,21,"DEV-61C8,DEV-6FCE",Bogura,14,2209
U05186,280.0,12,22,"DEV-184D,DEV-9A61",Cox's Bazar,6,1605
U05187,280.0,6,16,DEV-319C,Jessore,14,2380
U05188,790.0,11,23,"DEV-00C7,DEV-9EF9",Cumilla,3,608
U05189,910.0,8,22,DEV-4CD5,Mymensingh,12,1139
U05190,1890.0,11,23,DEV-B7C2,Mymensingh,15,802
U05191,1070.0,12,23,DEV-894C,Narayanganj,6,1068
U05192,2150.0,9,19,DEV-0771,Noakhali,11,2185
U05193,1140.0,6,17,DEV-B1C8,Gazipur,3,2236
U05194,1110.0,8,21,DEV-0A6B,Jessore,14,1500
U05195,690.0,8,20,DEV-5034,Bogura,9,115
U05196,3420.0,12,22,DEV-AF9F,Tangail,8,1121
U05197,320.0,12,23,DEV-6766,Mymensingh,15,1233
U05198,1400.0,9,22,DEV-6289,Chattogram,15,1792
U05199,950.0,12,23,DEV-38A2,Tangail,5,693
U05200,2050.0,9,23,DEV-71A3,Rajshahi,15,1459
U05201,1080.0,8,19,"DEV-4B04,DEV-F239",Khulna,5,1889
U05202,1100.0,11,23,DEV-AFF5,Noakhali,13,1436
U05203,890.0,10,23,DEV-E8AB,Narayanganj,13,2096
U05204,3340.0,9,20,DEV-5656,Mymensingh,9,653
U05205,1100.0,9,20,"DEV-F333,DEV-4794",Jessore,10,1561
U05206,5300.0,10,23,DEV-4F1B,Barishal,8,1155
U05207,1360.0,11,22,DEV-4C6E,Bogura,8,1035
U05208,1120.0,9,21,DEV-96ED,Bogura,9,1077
U05209,980.0,6,20,"DEV-9CD5,DEV-10A1",Barishal,14,1400
U05210,1720.0,6,17,"DEV-8F91,DEV-F3EA",Chattogram,9,1297
U05211,680.0,7,21,DEV-682A,Bogura,10,1448
U05212,1230.0,9,19,DEV-B319,Jessore,12,2401
U05213,1100.0,10,21,DEV-A1DE,Cumilla,14,1598
U05214,1420.0,11,22,DEV-FADF,Noakhali,14,1380
U05215,1450.0,7,19,"DEV-A48D,DEV-7886",Narayanganj,7,2307
U05216,1510.0,11,22,"DEV-035B,DEV-CDD0",Gazipur,14,617
U05217,1180.0,10,23,"DEV-56CC,DEV-ECC9",Gazipur,8,645
U05218,3850.0,6,19,"DEV-3E89,DEV-6FF0",Barishal,4,317
U05219,1540.0,8,21,DEV-D440,Cumilla,3,527
U05220,8820.0,8,21,"DEV-26DA,DEV-4682",Bogura,5,222
U05221,1140.0,12,23,DEV-CABA,Mymensingh,7,499
U05222,2360.0,12,23,DEV-5139,Rajshahi,8,1649
U05223,610.0,11,23,DEV-F525,Cumilla,5,1752
U05224,3360.0,9,22,DEV-89AB,Cox's Bazar,5,1629
U05225,620.0,9,23,"DEV-D340,DEV-8C21",Cox's Bazar,3,2265
U05226,1580.0,8,18,"DEV-0B90,DEV-CF9B",Sylhet,14,2148
U05227,890.0,11,23,"DEV-6B76,DEV-634E",Narayanganj,6,837
U05228,1570.0,6,16,"DEV-BC7F,DEV-47FA",Jessore,11,498
U05229,910.0,7,17,DEV-6D94,Mymensingh,9,1069
U05230,580.0,6,20,DEV-9BB5,Khulna,7,2320
U05231,880.0,9,21,"DEV-97DD,DEV-BA6F",Barishal,6,2421
U05232,3760.0,8,21,DEV-150D,Bogura,3,535
U05233,1590.0,7,20,"DEV-FE19,DEV-9BAE",Narayanganj,4,388
U05234,390.0,8,18,DEV-9E48,Tangail,11,1851
U05235,2630.0,12,23,DEV-E1F2,Barishal,8,2202
U05236,540.0,9,19,DEV-7DA0,Gazipur,15,2376
U05237,1990.0,11,22,DEV-07C3,Tangail,4,2399
U05238,1710.0,12,22,"DEV-2210,DEV-F28C",Tangail,15,728
U05239,1800.0,12,23,"DEV-FCA6,DEV-1576",Tangail,4,2004
U05240,4830.0,8,18,DEV-AF5A,Bogura,12,1694
U05241,570.0,12,23,DEV-A920,Cumilla,15,860
U05242,1790.0,12,23,DEV-2A3E,Barishal,5,69
U05243,3000.0,12,23,DEV-C98E,Barishal,9,1644
U05244,660.0,8,21,DEV-75AC,Barishal,14,922
U05245,600.0,7,18,DEV-3B04,Gazipur,13,749
U05246,870.0,10,21,DEV-8F6F,Cumilla,5,53
U05247,1420.0,12,23,DEV-E7B3,Khulna,5,328
U05248,350.0,12,23,DEV-3785,Barishal,7,499
U05249,1700.0,9,21,"DEV-9E69,DEV-BB83",Sylhet,9,295
U05250,360.0,7,17,DEV-A00E,Bogura,6,2376
U05251,3090.0,8,18,DEV-A67B,Cox's Bazar,4,53
U05252,1650.0,10,23,"DEV-B9C8,DEV-3BD6",Khulna,9,990
U05253,5070.0,9,21,"DEV-1A05,DEV-FD5F",Mymensingh,8,2446
U05254,1870.0,8,22,"DEV-51D1,DEV-F2DA",Narayanganj,6,320
U05255,860.0,8,18,DEV-44B6,Gazipur,13,1648
U05256,580.0,6,16,DEV-43F8,Chattogram,6,647
U05257,1330.0,8,21,"DEV-0661,DEV-711A",Tangail,14,823
U05258,1070.0,10,23,DEV-F1E8,Cumilla,3,1127
U05259,2830.0,7,20,DEV-E50F,Bogura,9,1460
U05260,520.0,12,22,"DEV-4E00,DEV-6802",Rangpur,15,1909
U05261,5520.0,6,16,DEV-AB67,Gazipur,6,1559
U05262,3040.0,10,23,"DEV-F46E,DEV-9AA3",Gazipur,11,80
U05263,930.0,9,21,"DEV-334D,DEV-5B2F",Jessore,12,481
U05264,4620.0,11,23,DEV-B958,Jessore,7,1579
U05265,590.0,12,23,"DEV-0605,DEV-9978",Barishal,11,743
U05266,1290.0,9,20,DEV-C4E7,Sylhet,11,177
U05267,390.0,10,21,"DEV-589F,DEV-89F5",Rajshahi,9,1381
U05268,4800.0,10,23,"DEV-B7C0,DEV-985D",Jessore,7,813
U05269,290.0,9,23,"DEV-0632,DEV-95E4",Narayanganj,9,2104
U05270,350.0,7,18,DEV-3B1A,Chattogram,4,2227
U05271,660.0,9,19,"DEV-BD6B,DEV-42E4",Cumilla,9,350
U05272,3160.0,7,17,"DEV-FA69,DEV-1E12",Narayanganj,7,1949
U05273,2350.0,9,19,DEV-E3FE,Gazipur,7,2150
U05274,1210.0,10,21,DEV-08B1,Khulna,6,1612
U05275,2480.0,7,19,DEV-AED6,Jessore,9,1534
U05276,1000.0,7,19,"DEV-5A5A,DEV-3203",Bogura,3,1175
U05277,1540.0,11,22,DEV-37E0,Cumilla,3,1239
U05278,4110.0,8,21,DEV-09DC,Rajshahi,5,225
U05279,900.0,7,21,"DEV-2203,DEV-645E",Khulna,10,385
U05280,590.0,10,21,"DEV-2845,DEV-F7D8",Rajshahi,6,1719
U05281,1600.0,11,23,"DEV-D385,DEV-78E9",Tangail,9,1388
U05282,1980.0,11,23,DEV-184B,Tangail,4,459
U05283,1200.0,11,23,DEV-FC76,Tangail,8,903
U05284,2450.0,12,22,DEV-B98F,Rajshahi,8,1626
U05285,930.0,10,23,DEV-2EE6,Jessore,7,496
U05286,1210.0,8,21,"DEV-0DCF,DEV-9EA4",Bogura,3,550
U05287,1480.0,12,23,DEV-0A66,Jessore,11,2203
U05288,1380.0,7,21,DEV-9D42,Gazipur,5,1161
U05289,3990.0,8,21,DEV-7136,Tangail,9,1167
U05290,1470.0,11,23,DEV-E164,Tangail,12,211
U05291,860.0,12,23,"DEV-61C0,DEV-72A9",Jessore,4,226
U05292,1670.0,8,20,"DEV-8BB5,DEV-FBAE",Rangpur,11,1634
U05293,2460.0,11,23,DEV-B3DF,Khulna,7,776
U05294,2040.0,12,23,DEV-AB5C,Narayanganj,9,720
U05295,1950.0,11,23,DEV-4F4F,Dhaka,3,478
U05296,330.0,6,18,DEV-7BB7,Tangail,9,1891
U05297,150.0,10,21,"DEV-31C4,DEV-6441",Narayanganj,7,2349
U05298,3040.0,7,20,DEV-D275,Sylhet,5,673
U05299,1560.0,11,23,DEV-197A,Khulna,9,630
U05300,1080.0,6,16,"DEV-2A51,DEV-95F8",Mymensingh,11,1955
U05301,1910.0,12,23,DEV-CC66,Cumilla,8,1280
U05302,5120.0,7,21,DEV-F99D,Narayanganj,11,1991
U05303,3400.0,8,19,DEV-964E,Sylhet,7,1871
U05304,2370.0,7,20,DEV-A82F,Sylhet,13,1995
U05305,540.0,11,23,DEV-4A13,Dhaka,6,421
U05306,600.0,8,19,"DEV-68EF,DEV-5072",Rajshahi,13,1351
U05307,160.0,11,22,"DEV-1BE8,DEV-5EE1",Barishal,7,1110
U05308,1820.0,6,20,DEV-37B2,Khulna,10,2171
U05309,2660.0,9,19,DEV-9750,Sylhet,3,1643
U05310,2840.0,12,23,DEV-C0F0,Cox's Bazar,3,1870
U05311,1880.0,12,23,DEV-FAC7,Cumilla,15,2208
U05312,970.0,7,17,DEV-E153,Noakhali,3,1735
U05313,700.0,8,21,DEV-517A,Rangpur,10,1645
U05314,570.0,8,21,DEV-F046,Mymensingh,8,1338
U05315,960.0,9,20,"DEV-F11D,DEV-80E5",Cumilla,11,227
U05316,500.0,9,19,"DEV-3484,DEV-C70E",Tangail,3,1810
U05317,4470.0,6,20,DEV-1CEA,Khulna,5,824
U05318,390.0,11,21,"DEV-5C70,DEV-8838",Barishal,7,334
U05319,940.0,7,21,DEV-DD17,Narayanganj,15,896
U05320,230.0,8,21,"DEV-F9F9,DEV-D167",Khulna,7,887
U05321,1390.0,11,23,DEV-7C1F,Mymensingh,10,989
U05322,1090.0,10,21,DEV-15BD,Cox's Bazar,10,721
U05323,820.0,8,18,DEV-CCC6,Noakhali,8,2355
U05324,520.0,12,23,DEV-DB50,Gazipur,13,2212
U05325,1100.0,8,19,DEV-78F8,Chattogram,12,118
U05326,710.0,9,21,DEV-8DD5,Tangail,8,1256
U05327,980.0,7,19,DEV-D998,Noakhali,6,776
U05328,5250.0,7,18,DEV-21D5,Gazipur,6,2126
U05329,1260.0,9,22,DEV-D00E,Noakhali,15,1246
U05330,1680.0,9,21,DEV-833A,Jessore,4,1596
U05331,760.0,11,23,DEV-AFA9,Tangail,5,243
U05332,590.0,8,21,DEV-30CA,Gazipur,6,1791
U05333,1080.0,12,23,DEV-9D8A,Noakhali,13,1224
U05334,8130.0,10,21,DEV-44B0,Sylhet,11,2191
U05335,870.0,6,19,"DEV-84A4,DEV-8661",Barishal,15,294
U05336,1460.0,11,22,DEV-F4ED,Cumilla,12,778
U05337,570.0,10,23,DEV-AB8A,Chattogram,9,2099
U05338,120.0,8,22,DEV-8EAF,Bogura,3,608
U05339,580.0,9,21,DEV-66E5,Chattogram,14,697
U05340,7370.0,8,18,DEV-564E,Khulna,11,776
U05341,1770.0,10,23,DEV-A6FA,Narayanganj,3,1321
U05342,4080.0,9,21,"DEV-E1D8,DEV-928B",Cox's Bazar,15,164
U05343,830.0,9,23,DEV-A8F7,Khulna,11,1557
U05344,170.0,7,17,DEV-53F6,Gazipur,11,2030
U05345,450.0,8,19,DEV-8EE3,Tangail,7,785
U05346,1510.0,9,20,DEV-9265,Bogura,7,453
U05347,1330.0,9,23,"DEV-AEA2,DEV-50F3",Gazipur,7,897
U05348,1090.0,8,20,DEV-594F,Sylhet,3,1624
U05349,720.0,10,20,DEV-5BFA,Barishal,8,1290
U05350,2330.0,7,20,"DEV-6BBC,DEV-4AC2",Jessore,3,1521
U05351,730.0,9,19,DEV-3212,Tangail,10,2019
U05352,1400.0,6,18,DEV-800C,Noakhali,5,2371
U05353,1280.0,9,23,"DEV-DAE1,DEV-081F",Dhaka,11,1148
U05354,820.0,11,23,DEV-AA63,Khulna,7,1908
U05355,540.0,11,23,DEV-D107,Dhaka,6,1242
U05356,780.0,10,20,"DEV-D301,DEV-DA47",Cumilla,4,371
U05357,4910.0,11,23,DEV-5140,Cumilla,7,1501
U05358,2670.0,6,20,DEV-19D1,Cumilla,3,2383
U05359,2480.0,8,22,DEV-FED3,Narayanganj,6,1080
U05360,580.0,10,23,DEV-B331,Rajshahi,9,1364
U05361,350.0,11,22,DEV-5B71,Khulna,11,1823
U05362,2640.0,10,20,DEV-DA1F,Tangail,8,2079
U05363,2260.0,11,22,DEV-5A8C,Rajshahi,4,42
U05364,1220.0,7,18,"DEV-BFD2,DEV-F5EB",Dhaka,12,170
U05365,820.0,7,17,DEV-C494,Rangpur,8,1223
U05366,340.0,6,19,"DEV-A7B1,DEV-30F0",Cumilla,11,306
U05367,2190.0,10,22,"DEV-EEF5,DEV-6CFD",Gazipur,15,2309
U05368,2830.0,10,23,"DEV-9F85,DEV-9CA4",Mymensingh,3,1770
U05369,640.0,7,17,"DEV-3F18,DEV-9A66",Mymensingh,15,1551
U05370,600.0,11,23,"DEV-6406,DEV-597E",Sylhet,15,1471
U05371,2960.0,11,21,DEV-DBE0,Narayanganj,9,1231
U05372,660.0,8,21,DEV-B8D4,Khulna,3,152
U05373,4550.0,7,21,"DEV-7D4C,DEV-04E7",Khulna,6,1936
U05374,1010.0,11,22,DEV-B57E,Tangail,5,1211
U05375,800.0,10,21,DEV-BCF9,Dhaka,10,1000
U05376,1140.0,7,19,"DEV-2AA1,DEV-C1C6",Gazipur,11,1108
U05377,800.0,7,19,DEV-6656,Jessore,9,1184
U05378,2700.0,9,21,DEV-BB91,Tangail,7,2355
U05379,2230.0,9,19,DEV-D6E5,Mymensingh,3,512
U05380,2620.0,7,18,DEV-B344,Sylhet,15,467
U05381,1270.0,12,23,DEV-F0E5,Narayanganj,15,336
U05382,760.0,8,21,DEV-138A,Noakhali,3,1563
U05383,1090.0,8,21,"DEV-5305,DEV-0F34",Rangpur,7,93
U05384,780.0,6,19,DEV-2C2D,Rajshahi,15,1985
U05385,3540.0,12,23,DEV-5FA5,Rajshahi,8,1836
U05386,2450.0,7,19,"DEV-05FE,DEV-656B",Gazipur,11,1781
U05387,1020.0,12,23,"DEV-209C,DEV-1D00",Noakhali,9,1186
U05388,520.0,9,20,DEV-D5ED,Dhaka,11,1043
U05389,3760.0,12,23,DEV-BE7D,Tangail,14,2350
U05390,1220.0,7,19,DEV-74A7,Gazipur,7,2081
U05391,990.0,7,17,"DEV-913C,DEV-4AA7",Chattogram,13,466
U05392,3790.0,11,22,DEV-7C52,Chattogram,8,669
U05393,730.0,11,21,DEV-C690,Khulna,5,632
U05394,850.0,9,21,"DEV-857D,DEV-CB1E",Dhaka,3,1197
U05395,910.0,6,18,DEV-7C17,Cumilla,12,1607
U05396,380.0,12,22,DEV-5CB6,Jessore,10,576
U05397,1410.0,8,18,"DEV-E511,DEV-E6BF",Bogura,14,164
U05398,600.0,12,23,"DEV-3A8A,DEV-768E",Sylhet,6,981
U05399,690.0,12,23,DEV-C5C1,Dhaka,12,1273
U05400,620.0,11,23,DEV-42DF,Gazipur,3,1690
U05401,690.0,10,20,DEV-BFB3,Barishal,4,335
U05402,560.0,10,22,DEV-E655,Khulna,10,1732
U05403,1340.0,9,23,DEV-3C63,Noakhali,10,428
U05404,970.0,6,16,"DEV-2727,DEV-F1D9",Khulna,10,754
U05405,1140.0,8,20,DEV-FEF5,Rajshahi,13,1294
U05406,7210.0,11,23,DEV-DBC8,Mymensingh,13,289
U05407,970.0,11,23,DEV-9CFD,Noakhali,5,1435
U05408,1780.0,9,23,"DEV-15E6,DEV-EA53",Noakhali,5,125
U05409,1950.0,10,22,DEV-32E9,Gazipur,10,553
U05410,1040.0,6,17,DEV-2DC8,Rajshahi,15,1427
U05411,1370.0,9,20,DEV-B797,Cox's Bazar,11,699
U05412,1110.0,9,22,DEV-639C,Jessore,4,1098
U05413,1290.0,12,23,"DEV-DE1F,DEV-DF8C",Jessore,11,731
U05414,690.0,8,21,"DEV-CE24,DEV-D64B",Chattogram,7,1265
U05415,740.0,7,18,DEV-8BBF,Rajshahi,4,380
U05416,1110.0,8,18,DEV-DF30,Noakhali,12,414
U05417,230.0,7,19,"DEV-EA50,DEV-47CB",Gazipur,6,2415
U05418,3630.0,9,20,DEV-6CDB,Bogura,13,850
U05419,6180.0,10,21,"DEV-9E1B,DEV-DBF7",Barishal,10,1739
U05420,1260.0,11,22,DEV-63BC,Bogura,8,51
U05421,1870.0,12,22,DEV-4299,Mymensingh,5,303
U05422,2600.0,6,17,DEV-521D,Chattogram,6,1975
U05423,380.0,7,21,DEV-CCB1,Gazipur,7,912
U05424,2300.0,8,19,DEV-8526,Sylhet,12,771
U05425,780.0,7,20,"DEV-4143,DEV-B70C",Cox's Bazar,8,456
U05426,6850.0,11,23,DEV-A8F5,Cox's Bazar,3,688
U05427,940.0,6,16,DEV-84BD,Jessore,3,608
U05428,2270.0,6,20,DEV-9EA4,Narayanganj,6,1999
U05429,950.0,12,23,"DEV-3B01,DEV-2EBF",Tangail,9,2350
U05430,6360.0,12,23,DEV-CEB7,Bogura,7,116
U05431,730.0,7,17,DEV-AE19,Cumilla,15,367
U05432,2790.0,8,22,DEV-FA4F,Bogura,6,1579
U05433,1810.0,9,19,DEV-F05D,Rajshahi,8,2203
U05434,1520.0,9,23,"DEV-5CE5,DEV-7668",Khulna,8,812
U05435,1320.0,12,22,DEV-D967,Narayanganj,6,2109
U05436,640.0,8,22,DEV-00DB,Mymensingh,14,41
U05437,140.0,6,20,"DEV-DD25,DEV-2AF1",Cumilla,6,1866
U05438,2590.0,8,19,DEV-42B1,Cox's Bazar,3,2359
U05439,740.0,9,20,DEV-7B5C,Gazipur,9,1256
U05440,2800.0,9,19,DEV-B48E,Cumilla,11,1473
U05441,1450.0,9,22,"DEV-5A97,DEV-F03B",Gazipur,8,668
U05442,2860.0,12,23,"DEV-C866,DEV-BD66",Narayanganj,8,1969
U05443,2080.0,11,23,DEV-C5C4,Mymensingh,14,2082
U05444,150.0,7,20,"DEV-07AF,DEV-D2AA",Tangail,7,2087
U05445,1790.0,8,20,DEV-9AC1,Gazipur,11,2090
U05446,830.0,10,21,DEV-2FAC,Narayanganj,13,220
U05447,2790.0,8,19,DEV-C747,Gazipur,8,1327
U05448,1760.0,8,20,DEV-1B0E,Jessore,10,1287
U05449,1780.0,7,17,DEV-9E3D,Barishal,8,147
U05450,880.0,7,19,"DEV-91BC,DEV-075B",Sylhet,10,2008
U05451,530.0,11,23,DEV-5FED,Bogura,10,506
U05452,780.0,11,23,"DEV-1EC3,DEV-F252",Chattogram,14,1079
U05453,260.0,11,22,DEV-CD36,Jessore,6,168
U05454,680.0,8,22,DEV-FEF6,Chattogram,5,1979
U05455,340.0,6,18,DEV-7CF0,Rangpur,8,474
U05456,350.0,7,20,DEV-5429,Dhaka,10,1305
U05457,1200.0,8,18,DEV-F53D,Narayanganj,6,1285
U05458,1680.0,9,23,DEV-4E89,Rangpur,15,266
U05459,1070.0,12,23,"DEV-6A3B,DEV-223A",Rangpur,9,2139
U05460,740.0,12,23,"DEV-D25A,DEV-1EA9",Khulna,13,46
U05461,510.0,6,19,DEV-0916,Mymensingh,10,1643
U05462,850.0,10,22,DEV-D54F,Noakhali,8,455
U05463,570.0,8,20,DEV-D74B,Cumilla,14,1514
U05464,1040.0,7,20,"DEV-DA89,DEV-DBEA",Tangail,5,587
U05465,320.0,9,21,DEV-2449,Gazipur,6,1877
U05466,1920.0,6,19,DEV-5CB0,Tangail,12,1423
U05467,700.0,8,19,DEV-C3E3,Cox's Bazar,14,1610
U05468,1480.0,9,22,DEV-4F37,Rajshahi,6,2468
U05469,2230.0,7,18,DEV-C73E,Chattogram,9,1125
U05470,1430.0,10,22,DEV-E8EE,Rajshahi,9,1904
U05471,2080.0,9,19,DEV-F614,Cumilla,12,2043
U05472,210.0,11,23,DEV-C716,Rangpur,9,831
U05473,740.0,7,20,DEV-CC18,Narayanganj,10,796
U05474,2650.0,6,17,DEV-9912,Chattogram,11,1773
U05475,1650.0,9,19,"DEV-13FC,DEV-6FB3",Cox's Bazar,13,2322
U05476,4810.0,7,21,DEV-F40C,Noakhali,4,67
U05477,4290.0,10,20,"DEV-E97D,DEV-3D16",Barishal,11,316
U05478,1390.0,6,18,DEV-BF49,Noakhali,5,447
U05479,900.0,10,20,"DEV-4E9C,DEV-6AB5",Tangail,3,1605
U05480,510.0,12,23,"DEV-A623,DEV-7F28",Cox's Bazar,12,1068
U05481,750.0,6,17,DEV-9AB5,Noakhali,8,1266
U05482,790.0,8,20,"DEV-1932,DEV-4BF3",Dhaka,12,813
U05483,680.0,11,23,DEV-CF8C,Jessore,15,1081
U05484,530.0,9,20,"DEV-9E8F,DEV-D778",Cox's Bazar,4,1943
U05485,1510.0,7,20,DEV-F722,Gazipur,8,1091
U05486,4260.0,7,19,DEV-5B0B,Chattogram,4,1000
U05487,2310.0,11,23,DEV-43AC,Sylhet,13,134
U05488,850.0,12,23,"DEV-4F45,DEV-927D",Noakhali,15,964
U05489,2470.0,8,20,"DEV-4092,DEV-63EA",Noakhali,14,1886
U05490,1450.0,9,20,DEV-2C67,Rangpur,15,368
U05491,1060.0,11,23,"DEV-62BA,DEV-F2A1",Tangail,7,900
U05492,1010.0,7,20,"DEV-6C83,DEV-C24F",Gazipur,6,734
U05493,930.0,7,19,DEV-6E30,Cox's Bazar,14,1207
U05494,1850.0,11,21,DEV-6EF3,Noakhali,11,2058
U05495,1230.0,7,21,DEV-A88F,Tangail,7,2123
U05496,610.0,11,23,DEV-1C34,Cumilla,5,977
U05497,590.0,9,23,DEV-5AF1,Mymensingh,3,1455
U05498,1400.0,12,22,"DEV-23B2,DEV-32F0",Cumilla,3,2049
U05499,1550.0,6,20,DEV-B5B3,Khulna,12,2133
U05500,850.0,12,23,DEV-2CB3,Tangail,6,1518
U05501,440.0,7,21,DEV-33FC,Barishal,13,368
U05502,2980.0,6,19,DEV-92A1,Jessore,14,960
U05503,2520.0,11,23,DEV-590D,Khulna,8,726
U05504,220.0,9,19,DEV-1F63,Dhaka,6,1709
U05505,3200.0,11,23,DEV-F4FD,Gazipur,5,592
U05506,930.0,6,19,DEV-EC59,Mymensingh,6,114
U05507,1280.0,6,18,DEV-94C8,Cumilla,10,2219
U05508,2730.0,9,23,"DEV-865D,DEV-CEEF",Cumilla,12,302
U05509,4110.0,12,23,DEV-F94E,Chattogram,12,1960
U05510,2450.0,8,18,DEV-1A97,Noakhali,15,2388
U05511,1330.0,11,21,DEV-18FC,Chattogram,11,2090
U05512,360.0,12,23,DEV-5493,Barishal,9,1237
U05513,220.0,12,23,"DEV-4DF4,DEV-E545",Cumilla,7,1434
U05514,2210.0,9,20,DEV-821A,Cox's Bazar,7,1803
U05515,3210.0,10,23,"DEV-CF79,DEV-AAD2",Mymensingh,7,575
U05516,570.0,9,19,"DEV-B933,DEV-F4E2",Chattogram,14,1074
U05517,880.0,10,22,DEV-965F,Rangpur,10,961
U05518,700.0,9,20,DEV-C6BF,Gazipur,5,704
U05519,690.0,9,19,DEV-44D8,Barishal,5,1389
U05520,2590.0,9,20,"DEV-427A,DEV-95E1",Narayanganj,3,1067
U05521,1310.0,10,22,DEV-E6D0,Bogura,14,76
U05522,910.0,11,23,DEV-0CFE,Khulna,5,254
U05523,9190.0,12,22,DEV-8044,Rajshahi,4,1609
U05524,350.0,10,23,DEV-33C9,Cox's Bazar,6,1392
U05525,1700.0,6,17,DEV-E269,Khulna,9,2141
U05526,470.0,10,22,DEV-84AC,Narayanganj,15,211
U05527,970.0,8,20,DEV-0ACC,Barishal,14,834
U05528,1240.0,6,18,"DEV-0081,DEV-A3C1",Jessore,5,987
U05529,2160.0,6,18,DEV-3B72,Chattogram,9,1709
U05530,890.0,10,21,DEV-0A8E,Cumilla,13,1108
U05531,820.0,12,23,DEV-26F9,Rangpur,12,1224
U05532,880.0,9,21,"DEV-2785,DEV-5873",Narayanganj,9,2303
U05533,460.0,9,19,DEV-B7D2,Jessore,6,39
U05534,1820.0,6,19,"DEV-DBBC,DEV-883D",Dhaka,13,2236
U05535,1370.0,10,22,DEV-F289,Cumilla,8,731
U05536,1550.0,6,17,"DEV-CA8F,DEV-2A41",Rangpur,6,129
U05537,1040.0,11,21,DEV-BC47,Noakhali,12,1333
U05538,940.0,11,22,"DEV-3B27,DEV-F69A",Sylhet,14,553
U05539,2810.0,12,23,DEV-D8CC,Cumilla,14,1820
U05540,2480.0,7,21,"DEV-1078,DEV-2C34",Cox's Bazar,15,1905
U05541,3400.0,7,20,"DEV-70FF,DEV-BDC6",Barishal,11,1023
U05542,1480.0,8,20,DEV-8D5F,Narayanganj,12,1957
U05543,3240.0,11,21,DEV-15E1,Noakhali,6,490
U05544,790.0,7,18,DEV-A0E2,Dhaka,7,860
U05545,930.0,12,23,DEV-A5F6,Bogura,4,180
U05546,2850.0,7,17,DEV-EE02,Cox's Bazar,4,1615
U05547,2150.0,6,19,DEV-4404,Rangpur,13,1795
U05548,870.0,7,19,DEV-09C8,Cox's Bazar,8,1913
U05549,470.0,11,22,DEV-BFE2,Rangpur,10,931
U05550,930.0,10,23,"DEV-B3E2,DEV-84F5",Rangpur,4,2099
U05551,630.0,8,19,DEV-B12A,Chattogram,5,1628
U05552,4360.0,10,23,DEV-2DCB,Gazipur,3,1451
U05553,2010.0,10,20,DEV-2029,Bogura,9,577
U05554,590.0,9,23,DEV-66F8,Mymensingh,10,2108
U05555,480.0,9,19,DEV-E4E5,Rangpur,4,1894
U05556,590.0,6,17,DEV-83AC,Narayanganj,12,2192
U05557,700.0,7,21,DEV-A3A5,Chattogram,4,880
U05558,960.0,9,22,DEV-FEF7,Chattogram,13,1391
U05559,2670.0,6,19,DEV-4D7E,Chattogram,14,159
U05560,510.0,9,20,DEV-7AF8,Narayanganj,11,1509
U05561,6850.0,6,19,DEV-AF8B,Tangail,10,1290
U05562,520.0,11,23,DEV-26B7,Jessore,12,2052
U05563,360.0,6,19,DEV-66E8,Gazipur,6,1836
U05564,4230.0,6,17,DEV-8E22,Cumilla,14,2476
U05565,3160.0,10,23,DEV-4DC5,Cox's Bazar,14,2333
U05566,950.0,7,17,DEV-385F,Khulna,12,444
U05567,1490.0,8,22,"DEV-7017,DEV-E12A",Cumilla,15,2428
U05568,1520.0,8,18,DEV-6A81,Sylhet,6,104
U05569,1220.0,7,17,DEV-D584,Rajshahi,14,1157
U05570,390.0,11,21,DEV-AD2F,Barishal,3,2333
U05571,150.0,10,20,DEV-20EE,Barishal,12,1541
U05572,560.0,7,20,DEV-E9FC,Barishal,6,2480
U05573,4690.0,10,21,"DEV-969F,DEV-919F",Mymensingh,15,1406
U05574,4840.0,10,20,DEV-B24D,Cumilla,10,1713
U05575,890.0,9,20,DEV-0AAB,Khulna,5,1347
U05576,510.0,10,23,DEV-406C,Noakhali,7,2320
U05577,1370.0,12,23,DEV-CB75,Sylhet,14,312
U05578,1560.0,9,22,DEV-A059,Tangail,13,991
U05579,1770.0,8,19,DEV-63AF,Khulna,7,1687
U05580,150.0,9,21,"DEV-7672,DEV-9E9F",Rajshahi,6,1248
U05581,13710.0,11,23,DEV-7B69,Bogura,3,2414
U05582,2710.0,10,23,DEV-7516,Rajshahi,4,1468
U05583,940.0,6,16,"DEV-8D20,DEV-480B",Rajshahi,3,343
U05584,620.0,9,22,"DEV-91F3,DEV-B126",Sylhet,7,1545
U05585,2420.0,11,23,"DEV-B5B4,DEV-9ED1",Barishal,5,800
U05586,1630.0,7,17,DEV-73D1,Dhaka,3,1190
U05587,1180.0,12,23,DEV-A7B1,Rajshahi,13,220
U05588,1580.0,11,23,"DEV-B8FD,DEV-4F6F",Jessore,14,2176
U05589,1000.0,11,21,DEV-7C65,Sylhet,14,1024
U05590,1510.0,6,19,"DEV-AD84,DEV-A9AD",Barishal,13,2021
U05591,1960.0,10,23,DEV-7EFA,Cumilla,4,1219
U05592,1440.0,9,21,"DEV-435A,DEV-E8F7",Tangail,5,2372
U05593,1380.0,10,22,DEV-8AAC,Narayanganj,13,914
U05594,3340.0,11,21,DEV-8A72,Jessore,3,292
U05595,310.0,8,21,DEV-77CE,Jessore,12,1207
U05596,580.0,9,23,DEV-C28E,Rajshahi,4,114
U05597,1120.0,10,23,DEV-4D5C,Tangail,3,2013
U05598,610.0,11,23,"DEV-EFEC,DEV-0FF3",Tangail,13,2299
U05599,800.0,11,21,DEV-0333,Dhaka,12,558
U05600,3070.0,8,19,DEV-829B,Rangpur,4,160
U05601,970.0,12,23,DEV-DBF7,Narayanganj,3,1902
U05602,250.0,6,16,DEV-027F,Tangail,14,1731
U05603,780.0,9,19,DEV-ADC8,Tangail,6,1989
U05604,1150.0,10,22,DEV-63CB,Rajshahi,15,1436
U05605,1130.0,6,16,"DEV-058F,DEV-5EE2",Sylhet,9,1465
U05606,1710.0,9,19,DEV-A587,Noakhali,15,700
U05607,1600.0,10,23,DEV-A23D,Rajshahi,14,808
U05608,980.0,10,23,"DEV-D94A,DEV-FCC7",Bogura,11,1589
U05609,420.0,6,20,DEV-0DEF,Mymensingh,4,2343
U05610,770.0,7,18,"DEV-DBA5,DEV-027A",Cumilla,14,794
U05611,670.0,7,18,DEV-F99E,Sylhet,7,928
U05612,870.0,10,23,DEV-C61D,Cox's Bazar,6,1484
U05613,1910.0,8,21,DEV-F36F,Khulna,10,153
U05614,1520.0,10,21,DEV-1158,Rajshahi,7,1642
U05615,2120.0,11,23,DEV-12F8,Cox's Bazar,12,366
U05616,810.0,11,23,DEV-FC4B,Rangpur,6,1717
U05617,3670.0,7,18,DEV-482D,Rangpur,14,2232
U05618,1880.0,12,22,DEV-61AC,Rajshahi,4,2293
U05619,1200.0,7,17,"DEV-4C07,DEV-2822",Mymensingh,9,400
U05620,1780.0,6,20,DEV-122E,Dhaka,15,1505
U05621,640.0,6,20,"DEV-22A7,DEV-D8BD",Narayanganj,13,1135
U05622,200.0,7,19,"DEV-06E8,DEV-E533",Noakhali,13,1240
U05623,670.0,12,23,"DEV-3857,DEV-9ADE",Cumilla,11,1739
U05624,1990.0,7,21,"DEV-41E4,DEV-E417",Tangail,10,2477
U05625,1170.0,10,20,"DEV-0A58,DEV-B6E0",Cox's Bazar,5,1446
U05626,980.0,8,22,DEV-EF3E,Rajshahi,6,1399
U05627,560.0,6,18,DEV-70C7,Cox's Bazar,10,1643
U05628,230.0,9,21,"DEV-7364,DEV-265D",Bogura,6,1277
U05629,3430.0,6,16,DEV-E0EB,Jessore,7,891
U05630,930.0,9,22,"DEV-F55F,DEV-7F1B",Khulna,11,2063
U05631,780.0,9,22,"DEV-B138,DEV-C20D",Chattogram,12,1665
U05632,640.0,9,19,DEV-5AAB,Barishal,9,1426
U05633,2990.0,7,20,DEV-0100,Noakhali,6,52
U05634,2220.0,11,21,DEV-20EB,Chattogram,5,710
U05635,510.0,10,21,DEV-E596,Dhaka,6,680
U05636,2780.0,7,20,DEV-CC88,Noakhali,7,1634
U05637,980.0,9,22,"DEV-184A,DEV-CD50",Rangpur,15,335
U05638,670.0,6,16,DEV-E217,Barishal,7,973
U05639,870.0,12,23,DEV-8B02,Mymensingh,14,1154
U05640,590.0,11,22,"DEV-7386,DEV-FFFC",Mymensingh,9,1859
U05641,380.0,8,21,DEV-DF37,Rajshahi,8,390
U05642,2040.0,10,23,"DEV-62EC,DEV-7A15",Rangpur,6,1526
U05643,920.0,10,23,DEV-F12A,Khulna,12,1382
U05644,1800.0,10,23,"DEV-EBE6,DEV-A158",Narayanganj,13,1855
U05645,1380.0,6,18,DEV-A601,Bogura,15,476
U05646,1700.0,12,23,DEV-BC85,Rajshahi,13,1511
U05647,210.0,12,23,DEV-49F4,Cox's Bazar,4,1053
U05648,550.0,12,23,DEV-EAC4,Rajshahi,14,670
U05649,1730.0,12,23,DEV-4B47,Narayanganj,10,213
U05650,400.0,12,23,"DEV-D4C5,DEV-D1F3",Noakhali,9,970
U05651,1480.0,11,23,"DEV-49E5,DEV-CEBF",Gazipur,6,1116
U05652,360.0,6,20,DEV-DE02,Tangail,9,155
U05653,1110.0,9,22,DEV-7F20,Mymensingh,13,2025
U05654,3980.0,7,18,"DEV-8A29,DEV-8266",Khulna,10,1736
U05655,2040.0,7,18,"DEV-0B79,DEV-8A61",Narayanganj,4,812
U05656,250.0,11,21,DEV-AC7E,Narayanganj,12,146
U05657,2160.0,11,23,DEV-8FAB,Narayanganj,13,1774
U05658,4710.0,9,19,"DEV-7FEB,DEV-8054",Noakhali,11,89
U05659,10280.0,11,23,DEV-895F,Narayanganj,5,1082
U05660,1600.0,6,19,DEV-EDD9,Dhaka,6,541
U05661,370.0,7,17,"DEV-6959,DEV-396E",Narayanganj,8,608
U05662,1550.0,12,23,DEV-1067,Rangpur,14,1895
U05663,3930.0,9,19,"DEV-DEEB,DEV-2E22",Khulna,13,779
U05664,940.0,9,19,DEV-6AC5,Sylhet,4,636
U05665,2530.0,9,21,"DEV-C1A6,DEV-2DB5",Tangail,3,777
U05666,560.0,7,17,"DEV-3BF6,DEV-A2A2",Sylhet,3,397
U05667,1480.0,11,21,"DEV-A0B2,DEV-3E4E",Noakhali,15,1863
U05668,150.0,11,23,"DEV-8AB6,DEV-B441",Chattogram,14,1253
U05669,510.0,10,23,"DEV-38AD,DEV-717B",Barishal,5,526
U05670,1090.0,8,18,DEV-47D3,Gazipur,14,790
U05671,820.0,10,23,"DEV-F0A5,DEV-6231",Chattogram,9,2445
U05672,390.0,12,23,"DEV-DB18,DEV-E153",Mymensingh,7,1458
U05673,740.0,10,20,DEV-2AF2,Mymensingh,12,1728
U05674,1430.0,9,19,DEV-F0F8,Rangpur,3,2145
U05675,1020.0,7,19,DEV-0C92,Khulna,4,1020
U05676,1150.0,9,22,DEV-6302,Cumilla,6,890
U05677,1970.0,8,19,"DEV-28B3,DEV-0BD0",Jessore,10,2495
U05678,830.0,10,22,DEV-8D4E,Narayanganj,13,1428
U05679,3250.0,6,18,DEV-99D3,Khulna,9,563
U05680,500.0,7,20,DEV-94FB,Tangail,8,2150
U05681,5130.0,11,22,DEV-6AE5,Mymensingh,10,1914
U05682,2670.0,8,21,"DEV-C96D,DEV-7E07",Noakhali,3,1019
U05683,820.0,9,23,DEV-88F6,Narayanganj,11,699
U05684,870.0,9,21,DEV-7123,Dhaka,13,1652
U05685,1290.0,9,22,DEV-350C,Noakhali,8,1372
U05686,1770.0,11,21,"DEV-A791,DEV-D439",Rangpur,11,614
U05687,2630.0,7,21,"DEV-4DEF,DEV-76A6",Jessore,6,164
U05688,380.0,11,22,DEV-E482,Noakhali,15,2053
U05689,1560.0,7,17,DEV-34E2,Sylhet,5,2120
U05690,200.0,8,20,DEV-6BD6,Chattogram,4,2269
U05691,950.0,10,21,DEV-44FF,Tangail,15,934
U05692,3510.0,12,23,"DEV-5776,DEV-758F",Cumilla,9,1769
U05693,350.0,7,21,DEV-EC45,Gazipur,8,1473
U05694,310.0,10,22,DEV-0333,Rangpur,13,687
U05695,1310.0,6,17,DEV-5BAE,Dhaka,6,2320
U05696,3330.0,6,20,DEV-DDA9,Dhaka,6,859
U05697,1420.0,11,22,DEV-1544,Jessore,3,104
U05698,240.0,11,23,DEV-81A8,Chattogram,9,439
U05699,290.0,8,22,DEV-27C3,Rangpur,12,2421
U05700,1190.0,10,22,DEV-8F2E,Khulna,15,199
U05701,430.0,8,21,DEV-B6DB,Chattogram,9,1327
U05702,1220.0,7,20,"DEV-A29D,DEV-8FF4",Tangail,3,1228
U05703,1280.0,9,23,DEV-BE20,Gazipur,5,1958
U05704,740.0,8,20,DEV-88DC,Mymensingh,6,2058
U05705,4680.0,11,23,DEV-9CE3,Gazipur,14,1198
U05706,1760.0,8,19,"DEV-14FD,DEV-0574",Rangpur,10,1590
U05707,2890.0,8,20,"DEV-2A00,DEV-8A33",Gazipur,15,2045
U05708,2290.0,9,22,"DEV-656D,DEV-5DB6",Cox's Bazar,13,2029
U05709,970.0,11,23,DEV-72B0,Khulna,14,2204
U05710,940.0,7,18,"DEV-FD4A,DEV-6067",Dhaka,6,1776
U05711,860.0,12,23,DEV-71B2,Dhaka,10,972
U05712,1890.0,9,21,"DEV-80B3,DEV-C632",Barishal,3,1410
U05713,650.0,10,20,"DEV-BBC9,DEV-FAB8",Barishal,7,1814
U05714,4360.0,12,23,DEV-A2BC,Sylhet,7,762
U05715,600.0,9,23,DEV-F42F,Rangpur,5,2496
U05716,1300.0,7,18,DEV-9C7C,Jessore,3,1126
U05717,910.0,11,22,DEV-89CA,Bogura,7,1900
U05718,760.0,6,16,"DEV-8ECA,DEV-7AEB",Bogura,3,1279
U05719,6230.0,9,21,DEV-336F,Tangail,10,2393
U05720,770.0,12,23,"DEV-5DC8,DEV-9AC8",Narayanganj,6,1679
U05721,860.0,8,22,"DEV-9B2A,DEV-2890",Chattogram,5,1849
U05722,640.0,10,23,DEV-CDB3,Chattogram,4,1942
U05723,1130.0,9,22,DEV-B680,Dhaka,9,844
U05724,1010.0,7,18,DEV-8671,Cumilla,5,892
U05725,450.0,8,18,"DEV-73C8,DEV-8EBE",Gazipur,10,2073
U05726,780.0,9,21,DEV-94DA,Cox's Bazar,15,1171
U05727,1790.0,6,19,DEV-6D8F,Sylhet,12,1675
U05728,2490.0,8,18,DEV-DCDF,Narayanganj,4,1309
U05729,1120.0,8,20,"DEV-2882,DEV-5F82",Barishal,4,111
U05730,1150.0,11,21,DEV-65C8,Rajshahi,14,1193
U05731,820.0,6,17,DEV-1989,Dhaka,14,455
U05732,730.0,11,22,"DEV-16CD,DEV-E431",Tangail,7,244
U05733,530.0,8,18,DEV-C640,Bogura,8,675
U05734,320.0,10,21,DEV-5D6F,Noakhali,7,752
U05735,630.0,9,22,DEV-441E,Tangail,10,1866
U05736,2260.0,8,22,DEV-6811,Cox's Bazar,5,652
U05737,780.0,12,23,DEV-B474,Narayanganj,15,1998
U05738,830.0,7,18,DEV-4BC7,Jessore,8,549
U05739,820.0,6,20,DEV-10FA,Dhaka,5,2072
U05740,2970.0,11,23,DEV-6B8F,Sylhet,6,1329
U05741,520.0,10,21,DEV-9945,Jessore,14,196
U05742,1370.0,12,23,DEV-855D,Bogura,6,303
U05743,1040.0,9,20,DEV-2C1E,Jessore,13,208
U05744,1160.0,6,19,"DEV-D7E2,DEV-A1AA",Jessore,12,1043
U05745,1330.0,6,16,"DEV-B85B,DEV-F524",Dhaka,15,769
U05746,1150.0,9,20,DEV-8365,Rangpur,4,144
U05747,2070.0,7,21,"DEV-9432,DEV-C38A",Rangpur,8,1712
U05748,1070.0,12,23,"DEV-C620,DEV-D908",Gazipur,13,2137
U05749,4430.0,6,20,DEV-B453,Narayanganj,4,2110
U05750,1140.0,12,23,"DEV-0EE2,DEV-59AF",Khulna,3,402
U05751,280.0,7,21,"DEV-979B,DEV-71E2",Mymensingh,3,2177
U05752,1830.0,6,18,DEV-0B13,Noakhali,4,1081
U05753,1500.0,7,19,DEV-4480,Bogura,13,542
U05754,1130.0,7,18,DEV-4EE0,Tangail,7,359
U05755,890.0,8,19,DEV-093F,Narayanganj,4,1925
U05756,200.0,8,22,"DEV-C32C,DEV-60C2",Rajshahi,12,662
U05757,230.0,9,21,DEV-CA90,Cumilla,6,1612
U05758,4100.0,9,21,DEV-DECB,Cox's Bazar,4,1398
U05759,690.0,6,17,DEV-E241,Rangpur,15,2319
U05760,2370.0,6,19,"DEV-E880,DEV-7F8C",Barishal,10,1798
U05761,300.0,7,18,DEV-3E1A,Rangpur,8,1938
U05762,470.0,7,18,"DEV-1589,DEV-9FBB",Sylhet,14,1246
U05763,1890.0,6,16,DEV-2074,Cox's Bazar,6,1335
U05764,1010.0,8,22,DEV-3DCA,Rangpur,10,398
U05765,1690.0,9,19,DEV-3E8A,Barishal,12,1964
U05766,1080.0,8,22,DEV-4605,Bogura,3,1887
U05767,930.0,8,19,DEV-5F46,Jessore,6,791
U05768,640.0,9,19,DEV-54D0,Rajshahi,4,375
U05769,420.0,9,23,DEV-86CC,Bogura,9,1971
U05770,3370.0,8,21,DEV-F513,Jessore,11,1934
U05771,3840.0,7,20,"DEV-A55B,DEV-AD12",Mymensingh,5,1959
U05772,480.0,8,20,"DEV-2999,DEV-1D38",Chattogram,4,104
U05773,450.0,6,19,DEV-3060,Narayanganj,8,2142
U05774,830.0,9,19,"DEV-D933,DEV-2C48",Dhaka,8,918
U05775,1440.0,12,23,DEV-FBDF,Cumilla,4,628
U05776,950.0,8,20,DEV-C142,Gazipur,11,1330
U05777,1640.0,6,19,DEV-D43A,Rangpur,13,2127
U05778,1050.0,10,22,DEV-4D55,Cox's Bazar,8,2043
U05779,1000.0,6,18,"DEV-2803,DEV-2AAD",Chattogram,7,447
U05780,7560.0,7,20,DEV-DB94,Cumilla,5,2441
U05781,720.0,7,17,DEV-6E6E,Dhaka,7,1936
U05782,4070.0,12,23,DEV-68BC,Chattogram,9,2334
U05783,3490.0,12,23,DEV-3F5C,Dhaka,15,2326
U05784,1640.0,9,21,DEV-5B32,Rangpur,5,1327
U05785,230.0,10,20,DEV-5E8A,Cox's Bazar,13,118
U05786,1120.0,10,23,DEV-BFD8,Bogura,9,208
U05787,730.0,10,23,DEV-D2F1,Bogura,10,1576
U05788,1110.0,9,23,DEV-7793,Gazipur,6,254
U05789,470.0,12,23,"DEV-5579,DEV-73A1",Noakhali,15,1659
U05790,2010.0,11,23,DEV-2CC3,Rangpur,3,285
U05791,2410.0,6,17,DEV-118D,Tangail,5,2043
U05792,2800.0,8,18,DEV-3B81,Rajshahi,7,689
U05793,810.0,12,23,DEV-0646,Bogura,10,283
U05794,470.0,8,22,DEV-08CB,Khulna,8,870
U05795,1450.0,7,18,DEV-3D0C,Barishal,15,2276
U05796,4470.0,12,23,DEV-E6AF,Chattogram,5,1393
U05797,1160.0,10,20,DEV-2F67,Khulna,10,2484
U05798,1570.0,9,20,DEV-B26B,Gazipur,9,668
U05799,910.0,8,21,DEV-25AB,Bogura,7,1690
U05800,730.0,6,18,DEV-769E,Bogura,3,491
U05801,1860.0,8,21,DEV-9B5E,Noakhali,13,1091
U05802,1010.0,9,20,DEV-8F94,Khulna,5,960
U05803,1510.0,12,23,"DEV-CCB9,DEV-410B",Noakhali,4,1598
U05804,1650.0,8,19,DEV-BE27,Cox's Bazar,10,1693
U05805,1450.0,7,17,"DEV-6757,DEV-71FD",Khulna,4,165
U05806,1710.0,8,20,DEV-51E0,Tangail,11,1747
U05807,550.0,12,23,DEV-FF32,Jessore,12,1889
U05808,530.0,9,21,DEV-D314,Cumilla,5,972
U05809,1060.0,8,18,"DEV-767F,DEV-BE50",Khulna,3,202
U05810,1080.0,10,22,DEV-EA6A,Chattogram,4,1073
U05811,720.0,10,20,DEV-48AC,Rajshahi,3,826
U05812,1330.0,8,22,DEV-537B,Sylhet,9,1987
U05813,2270.0,12,22,DEV-C321,Cumilla,7,374
U05814,2840.0,10,23,"DEV-48A8,DEV-180B",Sylhet,13,763
U05815,3390.0,6,16,DEV-9860,Dhaka,8,1823
U05816,380.0,8,21,DEV-33DB,Khulna,11,2353
U05817,430.0,12,23,DEV-9631,Narayanganj,9,1498
U05818,870.0,8,18,DEV-1B3B,Narayanganj,8,35
U05819,1170.0,9,20,"DEV-7A79,DEV-3CFD",Bogura,12,1757
U05820,910.0,10,20,"DEV-8755,DEV-39E7",Cox's Bazar,9,107
U05821,700.0,10,23,"DEV-4055,DEV-E689",Gazipur,10,189
U05822,860.0,12,23,DEV-FB63,Barishal,8,1679
U05823,1610.0,7,18,DEV-53CF,Cox's Bazar,12,944
U05824,380.0,9,21,DEV-A545,Rangpur,6,96
U05825,7150.0,9,19,DEV-5AEF,Chattogram,3,1033
U05826,1120.0,7,19,"DEV-2B91,DEV-1989",Jessore,8,967
U05827,2540.0,10,23,DEV-E3F7,Dhaka,7,1517
U05828,690.0,6,18,DEV-10E4,Rangpur,14,2361
U05829,1740.0,9,23,DEV-7DF3,Khulna,15,282
U05830,1190.0,8,21,"DEV-3829,DEV-C2A7",Barishal,5,1674
U05831,2180.0,7,17,DEV-2271,Narayanganj,8,1628
U05832,940.0,11,21,"DEV-93AB,DEV-5838",Cox's Bazar,8,2442
U05833,3790.0,7,18,"DEV-8559,DEV-2FA0",Chattogram,5,1004
U05834,330.0,7,21,"DEV-1DE9,DEV-2D9C",Tangail,3,429
U05835,2340.0,11,21,DEV-9392,Dhaka,15,2267
U05836,1210.0,12,22,DEV-A5C4,Cumilla,11,153
U05837,490.0,6,20,DEV-E791,Barishal,8,1141
U05838,5230.0,7,17,"DEV-F12C,DEV-C0A9",Barishal,5,1644
U05839,4810.0,10,21,"DEV-0331,DEV-B41B",Cumilla,9,282
U05840,210.0,11,23,DEV-B49E,Cumilla,6,763
U05841,1260.0,12,22,DEV-B4C8,Barishal,5,285
U05842,1930.0,9,19,DEV-A8C0,Dhaka,15,2118
U05843,1560.0,6,19,DEV-B005,Gazipur,11,658
U05844,3690.0,12,22,DEV-95C5,Rajshahi,7,1520
U05845,3120.0,7,20,DEV-9E96,Dhaka,5,622
U05846,1360.0,6,18,"DEV-B139,DEV-0B1E",Chattogram,12,1743
U05847,6780.0,10,21,DEV-8239,Dhaka,10,1997
U05848,2320.0,10,23,DEV-20B5,Noakhali,14,129
U05849,830.0,6,17,DEV-ED49,Chattogram,12,1814
U05850,700.0,7,21,DEV-FD62,Gazipur,8,1662
U05851,2970.0,10,22,DEV-2881,Jessore,11,219
U05852,580.0,7,20,DEV-E43A,Rajshahi,7,682
U05853,790.0,10,21,DEV-793A,Khulna,4,2133
U05854,910.0,8,22,DEV-AC1F,Mymensingh,3,1125
U05855,1460.0,10,21,DEV-A72C,Rangpur,4,267
U05856,940.0,9,21,DEV-1E1E,Rajshahi,14,1615
U05857,380.0,8,22,DEV-E89F,Noakhali,13,1970
U05858,2780.0,8,22,DEV-A400,Narayanganj,8,1100
U05859,790.0,10,23,DEV-7CC8,Narayanganj,14,305
U05860,5520.0,9,22,DEV-9D63,Barishal,12,352
U05861,1400.0,10,23,DEV-FA1B,Noakhali,4,959
U05862,3020.0,10,22,DEV-A5B9,Cox's Bazar,5,1226
U05863,1820.0,7,20,"DEV-A80E,DEV-E068",Bogura,7,1884
U05864,3140.0,12,23,DEV-B2FE,Dhaka,13,1712
U05865,1730.0,9,21,DEV-2497,Bogura,11,656
U05866,1320.0,11,22,DEV-D175,Gazipur,8,1733
U05867,2630.0,12,23,"DEV-E655,DEV-BBE1",Noakhali,13,309
U05868,8010.0,12,22,DEV-2701,Chattogram,7,484
U05869,880.0,10,23,"DEV-85CA,DEV-0DD5",Gazipur,14,1974
U05870,2070.0,11,21,DEV-C5C9,Barishal,12,2255
U05871,1090.0,9,19,"DEV-F50A,DEV-0925",Barishal,12,1736
U05872,1640.0,11,22,DEV-1BE8,Sylhet,4,1157
U05873,1130.0,8,18,DEV-EEC8,Khulna,4,2231
U05874,200.0,10,23,DEV-CCBD,Bogura,15,902
U05875,930.0,6,16,DEV-D2B9,Mymensingh,12,1614
U05876,2440.0,12,23,"DEV-355F,DEV-A33D",Bogura,6,1723
U05877,590.0,7,20,"DEV-D429,DEV-1199",Narayanganj,14,212
U05878,2290.0,10,22,DEV-48A2,Barishal,7,2398
U05879,1270.0,6,18,DEV-4B7F,Gazipur,7,1607
U05880,940.0,7,18,DEV-8AA4,Narayanganj,6,624
U05881,2260.0,12,23,DEV-40ED,Tangail,9,2061
U05882,1890.0,11,23,DEV-5788,Dhaka,12,971
U05883,1540.0,7,19,DEV-41CC,Khulna,5,236
U05884,2470.0,6,19,DEV-1049,Khulna,15,1698
U05885,1290.0,11,23,"DEV-AC0E,DEV-A37E",Narayanganj,6,365
U05886,290.0,12,23,"DEV-E049,DEV-937B",Dhaka,15,1504
U05887,810.0,7,17,"DEV-AE7E,DEV-5BF4",Gazipur,14,1703
U05888,260.0,10,22,DEV-6385,Bogura,10,417
U05889,1860.0,7,18,"DEV-6992,DEV-F81E",Rangpur,4,1984
U05890,2250.0,11,21,DEV-78F3,Barishal,10,1159
U05891,2330.0,8,21,DEV-DCD1,Gazipur,12,902
U05892,1620.0,6,19,DEV-5215,Barishal,15,281
U05893,2380.0,8,21,"DEV-AF76,DEV-462B",Gazipur,4,1846
U05894,310.0,9,22,DEV-65BF,Cumilla,12,435
U05895,1010.0,11,23,"DEV-DBDE,DEV-AF0E",Tangail,6,443
U05896,350.0,6,18,DEV-7C7B,Khulna,12,685
U05897,820.0,12,23,"DEV-6871,DEV-CCB8",Dhaka,10,1126
U05898,4000.0,10,23,DEV-27BA,Rangpur,14,2201
U05899,2630.0,12,23,"DEV-D945,DEV-9E6B",Gazipur,3,1877
U05900,1860.0,12,23,DEV-5437,Dhaka,9,1852
U05901,950.0,7,19,DEV-B2B6,Mymensingh,11,521
U05902,500.0,6,16,"DEV-FDB5,DEV-596B",Mymensingh,7,1630
U05903,1270.0,11,23,DEV-64A6,Narayanganj,7,891
U05904,2670.0,7,19,DEV-EDE6,Bogura,7,1200
U05905,1520.0,7,20,"DEV-5829,DEV-DAAF",Gazipur,12,1583
U05906,310.0,9,20,DEV-E652,Barishal,5,441
U05907,1190.0,12,23,"DEV-9535,DEV-1507",Barishal,15,884
U05908,240.0,11,23,DEV-0F6B,Chattogram,5,1006
U05909,2090.0,9,19,"DEV-47EB,DEV-0468",Bogura,8,2189
U05910,630.0,7,19,DEV-C33E,Barishal,15,2418
U05911,410.0,8,20,DEV-A3CE,Rajshahi,3,2393
U05912,2110.0,10,23,"DEV-7464,DEV-D054",Bogura,7,1333
U05913,1720.0,7,18,DEV-222D,Jessore,14,1616
U05914,1320.0,9,19,DEV-8016,Khulna,7,1799
U05915,6330.0,6,17,DEV-56A5,Noakhali,6,1962
U05916,1820.0,8,20,DEV-0603,Dhaka,3,1700
U05917,650.0,7,18,DEV-7A7A,Rangpur,4,2269
U05918,1660.0,10,22,DEV-2513,Cumilla,5,976
U05919,870.0,12,23,"DEV-0BBB,DEV-3613",Rangpur,14,1763
U05920,3020.0,7,20,DEV-31DA,Rangpur,10,1538
U05921,1370.0,11,23,DEV-A0B3,Noakhali,6,1940
U05922,1490.0,10,20,DEV-CB02,Barishal,13,2325
U05923,350.0,12,23,DEV-7C6D,Dhaka,10,228
U05924,1150.0,12,23,DEV-A421,Tangail,7,2136
U05925,1050.0,6,17,"DEV-1A2A,DEV-C960",Barishal,6,2064
U05926,480.0,11,23,DEV-806D,Chattogram,5,2179
U05927,920.0,10,21,DEV-6DAD,Gazipur,12,708
U05928,1550.0,6,16,"DEV-DE96,DEV-5054",Dhaka,12,1460
U05929,1090.0,7,18,DEV-7069,Narayanganj,11,204
U05930,350.0,12,23,DEV-ED10,Cumilla,8,180
U05931,880.0,9,22,DEV-2656,Tangail,9,1485
U05932,750.0,8,21,DEV-859B,Noakhali,14,2428
U05933,1280.0,8,18,DEV-93F7,Dhaka,10,590
U05934,1170.0,11,23,"DEV-B33F,DEV-EDEB",Sylhet,10,1981
U05935,790.0,7,20,DEV-5807,Cumilla,5,227
U05936,760.0,7,17,DEV-1DAC,Khulna,8,189
U05937,1160.0,10,21,DEV-662E,Gazipur,3,1535
U05938,2370.0,12,23,"DEV-280A,DEV-BA57",Cumilla,8,718
U05939,1370.0,7,19,"DEV-911C,DEV-C1E6",Rangpur,13,273
U05940,3420.0,7,18,"DEV-5709,DEV-F45F",Barishal,11,2289
U05941,2720.0,9,22,DEV-E542,Noakhali,14,2221
U05942,3630.0,7,20,"DEV-EA6F,DEV-B676",Cox's Bazar,7,65
U05943,3280.0,10,22,DEV-2FEB,Rajshahi,13,2424
U05944,3830.0,7,17,DEV-25A7,Noakhali,12,75
U05945,440.0,6,19,DEV-F4FD,Noakhali,12,1853
U05946,1840.0,7,17,"DEV-DEE6,DEV-E17A",Sylhet,13,1966
U05947,2910.0,12,23,DEV-A46C,Khulna,9,740
U05948,3360.0,12,22,DEV-DB4C,Mymensingh,7,365
U05949,590.0,9,19,DEV-7E5E,Cox's Bazar,10,1419
U05950,1860.0,8,19,DEV-2982,Jessore,7,2218
U05951,1160.0,11,22,"DEV-41AC,DEV-DA01",Noakhali,11,107
U05952,4810.0,7,18,"DEV-A652,DEV-FF59",Jessore,14,2132
U05953,360.0,10,23,DEV-E602,Gazipur,3,1564
U05954,590.0,10,21,DEV-C265,Narayanganj,11,2467
U05955,260.0,10,23,DEV-09D9,Cox's Bazar,8,681
U05956,1230.0,7,17,"DEV-2F61,DEV-6009",Khulna,4,1622
U05957,6710.0,11,23,DEV-0927,Narayanganj,5,1153
U05958,1060.0,10,20,DEV-EF86,Cumilla,13,1597
U05959,1190.0,12,23,DEV-3A61,Khulna,7,471
U05960,1700.0,7,17,DEV-6205,Barishal,4,1259
U05961,1000.0,10,21,DEV-ACAD,Narayanganj,12,2466
U05962,1470.0,11,23,DEV-092E,Cumilla,6,2114
U05963,1500.0,7,21,"DEV-A2E5,DEV-19F8",Rajshahi,7,542
U05964,560.0,11,23,DEV-E706,Narayanganj,5,175
U05965,1020.0,6,19,DEV-B0D4,Tangail,12,1059
U05966,1990.0,11,23,DEV-55F0,Dhaka,14,595
U05967,2310.0,10,21,DEV-B33A,Jessore,15,658
U05968,3100.0,7,18,DEV-5064,Cumilla,3,480
U05969,1430.0,6,16,DEV-1D73,Barishal,15,1367
U05970,1460.0,11,23,"DEV-0277,DEV-381E",Cumilla,11,261
U05971,2000.0,7,20,DEV-B52F,Cox's Bazar,13,2266
U05972,680.0,9,21,"DEV-9059,DEV-45E3",Tangail,3,105
U05973,660.0,6,18,DEV-AFBF,Sylhet,14,433
U05974,990.0,12,23,DEV-6369,Dhaka,7,1417
U05975,400.0,9,23,DEV-2823,Gazipur,8,377
U05976,1520.0,12,23,"DEV-ADD5,DEV-74D5",Bogura,14,1274
U05977,2540.0,7,19,"DEV-AA16,DEV-8FE0",Noakhali,12,212
U05978,620.0,7,20,DEV-19EF,Dhaka,9,2178
U05979,1550.0,10,21,DEV-0CB9,Dhaka,11,1485
U05980,660.0,10,20,DEV-19C7,Khulna,7,779
U05981,490.0,11,22,DEV-3947,Jessore,15,1517
U05982,5680.0,12,23,"DEV-395E,DEV-EB3B",Jessore,3,1365
U05983,490.0,11,23,DEV-C87B,Dhaka,10,2058
U05984,390.0,6,20,DEV-E145,Tangail,3,1824
U05985,1300.0,8,19,"DEV-7966,DEV-528D",Cumilla,8,2094
U05986,1360.0,12,23,"DEV-6725,DEV-DE32",Narayanganj,9,2163
U05987,1870.0,9,19,"DEV-5B02,DEV-A1EE",Sylhet,13,281
U05988,5440.0,12,23,DEV-2505,Jessore,15,1929
U05989,590.0,9,20,DEV-FB4A,Sylhet,12,2278
U05990,690.0,6,16,DEV-A444,Mymensingh,15,520
U05991,3970.0,9,20,DEV-F759,Narayanganj,4,2078
U05992,2320.0,11,23,DEV-4B6B,Chattogram,9,1537
U05993,2080.0,10,23,DEV-9DEF,Chattogram,10,1628
U05994,680.0,6,20,DEV-4625,Khulna,4,1791
U05995,2700.0,7,18,DEV-77C3,Dhaka,10,887
U05996,2090.0,11,23,DEV-52A8,Barishal,3,2247
U05997,1280.0,12,23,DEV-246C,Jessore,11,1871
U05998,690.0,11,23,DEV-7130,Rangpur,5,1113
U05999,1190.0,6,19,DEV-87C4,Khulna,15,1563
U06000,4100.0,10,20,"DEV-2838,DEV-65F6",Gazipur,7,2386
U06001,460.0,11,21,"DEV-17F8,DEV-A545",Gazipur,10,902
U06002,580.0,10,22,DEV-5019,Chattogram,10,2236
U06003,660.0,10,22,DEV-16E8,Chattogram,14,62
U06004,790.0,9,23,DEV-8363,Rangpur,7,1990
U06005,1080.0,7,21,DEV-D5BC,Cumilla,7,1493
U06006,2360.0,7,17,DEV-FDC5,Mymensingh,11,1783
U06007,1590.0,11,23,"DEV-F793,DEV-2C72",Sylhet,3,1453
U06008,1150.0,6,18,DEV-3598,Sylhet,10,1212
U06009,1370.0,6,18,DEV-E49A,Khulna,7,411
U06010,1810.0,8,18,"DEV-A1FD,DEV-8B0E",Sylhet,15,629
U06011,290.0,11,23,DEV-CD4B,Chattogram,9,2268
U06012,2580.0,10,20,DEV-108D,Dhaka,13,1034
U06013,570.0,10,23,DEV-8DED,Tangail,13,423
U06014,770.0,9,23,"DEV-928B,DEV-EF77",Chattogram,4,348
U06015,1440.0,6,20,DEV-77A6,Cumilla,11,739
U06016,1030.0,8,18,DEV-8309,Rajshahi,11,1837
U06017,1620.0,6,18,"DEV-CCFB,DEV-4542",Khulna,8,948
U06018,1230.0,11,21,DEV-11E7,Bogura,5,1092
U06019,870.0,11,23,"DEV-78BA,DEV-9C4C",Bogura,9,1716
U06020,3730.0,7,21,DEV-7CE4,Rangpur,3,1525
U06021,1930.0,8,20,DEV-B4D5,Cumilla,15,231
U06022,1400.0,8,18,DEV-40F2,Tangail,4,996
U06023,1910.0,12,23,"DEV-03A6,DEV-C974",Chattogram,4,1764
U06024,620.0,9,19,DEV-D9CA,Cumilla,4,1781
U06025,6250.0,11,23,DEV-9E24,Rajshahi,5,1053
U06026,460.0,9,20,"DEV-505D,DEV-5ED0",Sylhet,5,559
U06027,1200.0,10,23,DEV-7AD0,Barishal,11,481
U06028,870.0,9,20,"DEV-6BF1,DEV-3948",Dhaka,4,252
U06029,850.0,7,18,DEV-5F27,Noakhali,12,306
U06030,760.0,12,23,DEV-4C4C,Gazipur,8,2425
U06031,590.0,10,23,"DEV-72A9,DEV-6022",Sylhet,8,1048
U06032,2840.0,11,22,"DEV-8730,DEV-CE89",Rangpur,9,821
U06033,420.0,12,23,DEV-54B7,Cox's Bazar,3,1131
U06034,2410.0,7,20,"DEV-0ECE,DEV-D171",Barishal,9,1308
U06035,1840.0,6,17,"DEV-2FAE,DEV-EDA8",Barishal,9,369
U06036,810.0,10,22,"DEV-8753,DEV-85D5",Narayanganj,12,2263
U06037,1680.0,8,18,DEV-68A8,Bogura,4,1221
U06038,970.0,9,23,DEV-B61B,Barishal,3,1419
U06039,450.0,7,21,DEV-A729,Dhaka,3,1271
U06040,460.0,8,19,DEV-EE36,Rajshahi,15,2345
U06041,1850.0,8,18,DEV-043C,Cox's Bazar,7,2453
U06042,1780.0,8,20,DEV-3122,Noakhali,6,340
U06043,1330.0,11,23,DEV-4715,Narayanganj,4,1791
U06044,800.0,10,23,DEV-3091,Bogura,6,433
U06045,940.0,9,19,DEV-F2C5,Sylhet,8,60
U06046,850.0,6,16,DEV-1296,Jessore,15,1393
U06047,270.0,9,20,DEV-1F0B,Barishal,12,1207
U06048,1150.0,7,20,"DEV-712D,DEV-43A3",Sylhet,14,1245
U06049,1670.0,8,19,"DEV-54C5,DEV-9A9A",Tangail,3,83
U06050,1160.0,8,22,DEV-8F7E,Narayanganj,10,1619
U06051,4520.0,6,17,DEV-DD40,Sylhet,9,1292
U06052,490.0,8,22,DEV-7378,Cox's Bazar,5,173
U06053,650.0,7,21,DEV-EFF6,Narayanganj,9,864
U06054,1220.0,11,23,"DEV-30B0,DEV-31CB",Narayanganj,10,363
U06055,1330.0,12,22,DEV-6424,Tangail,3,2261
U06056,240.0,6,16,DEV-1DE9,Khulna,15,1863
U06057,1780.0,10,20,DEV-0765,Jessore,12,1248
U06058,1340.0,10,23,"DEV-5F0B,DEV-8991",Chattogram,15,245
U06059,200.0,8,21,"DEV-4719,DEV-4563",Mymensingh,4,2129
U06060,1000.0,9,23,"DEV-18E3,DEV-1CC3",Chattogram,3,906
U06061,570.0,11,23,DEV-E21B,Rajshahi,15,1472
U06062,760.0,8,19,"DEV-10DB,DEV-B3DD",Narayanganj,15,1808
U06063,380.0,6,17,DEV-B6E5,Rajshahi,11,1009
U06064,1530.0,8,21,DEV-340A,Rajshahi,5,2431
U06065,4490.0,7,20,"DEV-3F51,DEV-5E1B",Tangail,6,597
U06066,1360.0,8,19,DEV-A8A6,Mymensingh,13,878
U06067,190.0,7,17,"DEV-0961,DEV-D0C4",Chattogram,15,482
U06068,1380.0,7,17,DEV-5744,Khulna,11,878
U06069,940.0,12,23,DEV-7FFE,Jessore,8,1992
U06070,450.0,6,17,DEV-E8EC,Khulna,13,1194
U06071,1460.0,10,23,"DEV-220F,DEV-F296",Rangpur,6,2210
U06072,2220.0,11,23,DEV-9D52,Barishal,4,2229
U06073,640.0,10,23,"DEV-6D45,DEV-1254",Tangail,7,830
U06074,290.0,12,23,DEV-114C,Mymensingh,9,1993
U06075,220.0,6,19,"DEV-D12F,DEV-66E4",Barishal,10,1251
U06076,640.0,8,18,DEV-C2F3,Tangail,11,1076
U06077,970.0,7,21,DEV-D551,Cumilla,12,740
U06078,730.0,10,23,"DEV-66EE,DEV-50FF",Jessore,5,194
U06079,630.0,10,21,"DEV-44E3,DEV-A2FA",Jessore,11,1154
U06080,1730.0,12,23,DEV-B5A4,Sylhet,3,1680
U06081,1590.0,8,21,DEV-597A,Tangail,14,2177
U06082,1290.0,7,19,DEV-9134,Cumilla,8,1047
U06083,2110.0,12,23,"DEV-8A31,DEV-2524",Cox's Bazar,15,370
U06084,650.0,10,20,DEV-8693,Dhaka,14,1187
U06085,460.0,11,22,"DEV-C259,DEV-F648",Cumilla,5,749
U06086,720.0,9,22,DEV-557F,Cumilla,4,2299
U06087,680.0,9,23,"DEV-3D18,DEV-E4D2",Sylhet,14,1747
U06088,210.0,8,18,DEV-EB64,Rajshahi,9,2266
U06089,710.0,11,23,DEV-D457,Jessore,4,797
U06090,2650.0,7,17,DEV-55DD,Rajshahi,10,1130
U06091,2080.0,12,23,DEV-469B,Rangpur,15,230
U06092,1670.0,7,18,DEV-9FF4,Chattogram,10,363
U06093,1220.0,9,20,DEV-4158,Dhaka,6,954
U06094,3500.0,8,21,"DEV-C4F6,DEV-65DB",Rajshahi,7,1010
U06095,470.0,10,23,DEV-53BD,Gazipur,6,1700
U06096,510.0,10,22,DEV-CDF1,Chattogram,9,561
U06097,2700.0,12,23,"DEV-5AE7,DEV-2172",Chattogram,8,2460
U06098,1120.0,11,23,DEV-CB7E,Cumilla,7,1957
U06099,640.0,7,21,DEV-50E8,Gazipur,5,2233
U06100,1710.0,7,19,"DEV-A7BF,DEV-A8BA",Gazipur,3,787
U06101,770.0,12,22,"DEV-1544,DEV-0892",Cumilla,13,1417
U06102,560.0,9,23,"DEV-D203,DEV-0E4F",Cumilla,13,1308
U06103,550.0,6,19,"DEV-54F3,DEV-C31C",Tangail,4,1950
U06104,1420.0,11,23,DEV-2D7E,Mymensingh,5,2124
U06105,1290.0,10,20,DEV-85B7,Mymensingh,8,1441
U06106,3690.0,6,20,DEV-1D99,Mymensingh,10,2437
U06107,870.0,11,23,"DEV-8EBE,DEV-B6A9",Dhaka,14,1249
U06108,860.0,10,21,"DEV-3FB5,DEV-4823",Khulna,12,707
U06109,3470.0,10,21,DEV-8822,Rangpur,11,451
U06110,2410.0,12,23,DEV-CA91,Tangail,12,961
U06111,1230.0,9,23,DEV-8B84,Rajshahi,10,751
U06112,310.0,9,21,DEV-B397,Cumilla,15,524
U06113,570.0,10,23,"DEV-69EC,DEV-20F4",Jessore,15,1146
U06114,470.0,7,20,DEV-F6E3,Gazipur,8,675
U06115,1130.0,7,18,DEV-CBDA,Cox's Bazar,3,2464
U06116,730.0,11,23,"DEV-0C9C,DEV-46A5",Sylhet,15,782
U06117,3950.0,7,21,DEV-6A38,Chattogram,7,1533
U06118,310.0,9,21,DEV-14DF,Sylhet,6,1888
U06119,430.0,7,20,DEV-DB83,Tangail,4,2363
U06120,1330.0,7,17,DEV-2C35,Rajshahi,12,1726
U06121,1660.0,10,22,DEV-34CD,Dhaka,5,668
U06122,140.0,11,23,DEV-5115,Sylhet,15,1403
U06123,270.0,9,20,DEV-EF5B,Bogura,5,200
U06124,890.0,6,20,DEV-39D4,Dhaka,3,697
U06125,3240.0,7,18,DEV-6CEC,Cox's Bazar,11,2446
U06126,4970.0,7,21,DEV-AEAD,Jessore,5,42
U06127,790.0,12,22,"DEV-2816,DEV-16CA",Jessore,6,844
U06128,960.0,8,20,DEV-17D5,Jessore,4,162
U06129,560.0,8,20,DEV-2F04,Gazipur,11,1352
U06130,1820.0,6,17,"DEV-53BA,DEV-F0D1",Jessore,5,1885
U06131,3730.0,9,21,DEV-EB72,Narayanganj,12,205
U06132,3000.0,12,23,DEV-91B7,Gazipur,6,348
U06133,1070.0,8,20,"DEV-F067,DEV-0765",Dhaka,8,2155
U06134,560.0,10,22,DEV-9031,Gazipur,9,719
U06135,1100.0,7,21,DEV-71B4,Gazipur,9,31
U06136,3310.0,7,21,"DEV-1E41,DEV-8D98",Cox's Bazar,13,272
U06137,800.0,11,21,DEV-74E2,Dhaka,4,2267
U06138,260.0,6,19,DEV-C372,Mymensingh,5,2310
U06139,820.0,9,23,DEV-6AF1,Dhaka,12,438
U06140,880.0,8,22,DEV-6DDB,Tangail,14,722
U06141,260.0,6,20,"DEV-3B27,DEV-78F3",Barishal,8,483
U06142,1320.0,9,19,DEV-1376,Barishal,3,1244
U06143,1640.0,12,23,DEV-90FC,Chattogram,13,2069
U06144,4860.0,6,20,DEV-61AE,Noakhali,10,1906
U06145,380.0,11,23,"DEV-460F,DEV-5F31",Rajshahi,9,983
U06146,1970.0,9,19,DEV-E452,Gazipur,8,1747
U06147,2380.0,11,21,DEV-B437,Bogura,12,662
U06148,1660.0,6,17,DEV-DA36,Tangail,6,2275
U06149,490.0,12,23,DEV-64EB,Dhaka,7,1503
U06150,470.0,6,16,DEV-64C3,Narayanganj,12,2295
U06151,1190.0,12,23,"DEV-035C,DEV-AEA1",Mymensingh,7,658
U06152,1180.0,10,20,DEV-051F,Dhaka,15,2376
U06153,700.0,8,22,DEV-F8EB,Jessore,8,737
U06154,3080.0,6,16,DEV-B000,Rangpur,10,1720
U06155,800.0,10,21,DEV-772E,Barishal,11,142
U06156,240.0,6,16,DEV-A928,Sylhet,12,599
U06157,920.0,10,22,"DEV-FE60,DEV-290C",Khulna,9,1362
U06158,1610.0,11,23,DEV-BEF6,Chattogram,7,1276
U06159,1440.0,7,19,"DEV-DDC0,DEV-961F",Bogura,13,349
U06160,1430.0,7,19,DEV-A9A0,Rangpur,12,54
U06161,3620.0,7,20,DEV-8189,Barishal,3,2097
U06162,450.0,7,19,DEV-276F,Jessore,11,633
U06163,780.0,6,19,DEV-FB21,Barishal,14,1885
U06164,3770.0,7,18,DEV-49A0,Rajshahi,10,457
U06165,230.0,10,20,"DEV-62B6,DEV-F940",Jessore,15,735
U06166,1050.0,8,18,"DEV-0E80,DEV-6861",Cox's Bazar,8,71
U06167,2930.0,11,21,"DEV-8E4E,DEV-3C9C",Noakhali,6,1348
U06168,2900.0,11,21,"DEV-AB89,DEV-862C",Barishal,9,1306
U06169,1860.0,11,21,DEV-4318,Sylhet,4,1456
U06170,1900.0,9,19,DEV-349E,Gazipur,3,1878
U06171,480.0,8,18,DEV-4962,Rajshahi,10,1676
U06172,3290.0,12,23,"DEV-CAAD,DEV-855A",Noakhali,3,529
U06173,420.0,7,18,DEV-CB56,Jessore,3,1064
U06174,440.0,9,21,DEV-B7E6,Gazipur,8,218
U06175,1500.0,9,19,DEV-CD03,Barishal,5,1641
U06176,740.0,11,23,DEV-DAE5,Mymensingh,5,1009
U06177,1290.0,9,20,"DEV-9E04,DEV-5C3B",Mymensingh,9,448
U06178,1550.0,11,23,DEV-B1AC,Cox's Bazar,7,2198
U06179,4550.0,12,23,DEV-F1C7,Chattogram,10,1193
U06180,1550.0,8,22,"DEV-5247,DEV-7CD4",Khulna,8,159
U06181,670.0,12,23,DEV-E0FD,Chattogram,5,262
U06182,1880.0,7,19,DEV-98E8,Bogura,12,750
U06183,560.0,12,23,DEV-24E7,Barishal,15,2354
U06184,2280.0,7,18,DEV-59BC,Rajshahi,12,272
U06185,1150.0,11,21,DEV-4125,Noakhali,5,1021
U06186,1510.0,8,19,DEV-7A39,Noakhali,10,1011
U06187,260.0,12,23,DEV-FE1F,Sylhet,4,1555
U06188,180.0,6,17,DEV-D6DE,Noakhali,3,1509
U06189,330.0,9,20,DEV-F5DB,Tangail,5,1239
U06190,4430.0,12,22,"DEV-BDD2,DEV-81F2",Dhaka,13,2022
U06191,440.0,6,17,DEV-A8EC,Jessore,15,96
U06192,1970.0,7,17,DEV-7FC5,Chattogram,10,1001
U06193,660.0,6,18,DEV-0A7F,Jessore,14,184
U06194,910.0,8,19,DEV-1DE7,Mymensingh,8,773
U06195,1060.0,8,22,"DEV-8E08,DEV-A8DE",Noakhali,3,683
U06196,4080.0,10,22,DEV-40EE,Rangpur,14,2212
U06197,1750.0,7,18,DEV-07F1,Cumilla,12,1697
U06198,1490.0,7,19,DEV-11DD,Bogura,11,622
U06199,3090.0,7,21,"DEV-5078,DEV-DC71",Sylhet,3,1614
U06200,660.0,12,22,DEV-6B1B,Dhaka,15,2085
U06201,2580.0,12,23,"DEV-F92F,DEV-E4DB",Chattogram,3,494
U06202,2260.0,7,19,DEV-DBB9,Noakhali,3,1424
U06203,2230.0,7,17,DEV-F7EB,Rajshahi,3,1236
U06204,970.0,6,18,"DEV-3DFA,DEV-F956",Gazipur,15,2288
U06205,770.0,12,22,DEV-EC81,Dhaka,13,936
U06206,550.0,10,23,DEV-CC7F,Dhaka,4,1706
U06207,570.0,11,23,DEV-314C,Jessore,8,1434
U06208,530.0,8,18,DEV-4A3C,Gazipur,9,827
U06209,1470.0,10,22,DEV-A6FE,Jessore,10,856
U06210,910.0,6,17,DEV-0B9C,Barishal,5,2158
U06211,1550.0,10,22,DEV-D256,Narayanganj,3,2243
U06212,1620.0,10,22,DEV-6CF4,Cox's Bazar,3,672
U06213,470.0,8,22,DEV-058B,Khulna,14,1196
U06214,460.0,10,20,"DEV-4C21,DEV-6524",Rajshahi,11,382
U06215,910.0,10,22,DEV-A7B9,Mymensingh,15,1083
U06216,590.0,9,23,DEV-9A2D,Mymensingh,14,2172
U06217,540.0,7,17,DEV-5EFD,Bogura,6,1767
U06218,4260.0,6,17,DEV-9E90,Rangpur,4,1229
U06219,320.0,12,23,DEV-E407,Tangail,11,1958
U06220,5530.0,7,17,"DEV-59A3,DEV-5FC0",Rajshahi,5,1395
U06221,1380.0,8,19,"DEV-1A04,DEV-60C3",Narayanganj,11,1110
U06222,2410.0,10,23,DEV-48B4,Gazipur,15,71
U06223,2200.0,7,19,"DEV-C254,DEV-1CF1",Narayanganj,15,299
U06224,1800.0,8,18,"DEV-970B,DEV-C5AD",Jessore,6,1360
U06225,4140.0,10,23,"DEV-415A,DEV-1155",Noakhali,9,240
U06226,460.0,10,22,"DEV-AD3A,DEV-969E",Cumilla,12,58
U06227,970.0,10,22,DEV-901F,Chattogram,6,837
U06228,550.0,6,20,DEV-E130,Bogura,10,1403
U06229,280.0,9,20,DEV-1AA3,Jessore,7,1839
U06230,650.0,9,20,DEV-329F,Dhaka,10,2415
U06231,4910.0,10,22,"DEV-779E,DEV-8FE4",Gazipur,11,1644
U06232,950.0,7,18,DEV-EB2F,Sylhet,14,2438
U06233,5360.0,7,17,DEV-9E60,Khulna,9,740
U06234,5820.0,11,21,"DEV-3637,DEV-DA13",Chattogram,6,1654
U06235,12040.0,10,21,DEV-6A23,Rangpur,4,40
U06236,5040.0,11,21,"DEV-DE43,DEV-46A4",Khulna,12,365
U06237,7230.0,7,19,DEV-CA98,Jessore,13,1617
U06238,1420.0,12,23,DEV-8973,Tangail,8,810
U06239,1320.0,7,18,DEV-8E3D,Chattogram,14,1424
U06240,1390.0,10,20,DEV-F9A0,Khulna,9,2358
U06241,1100.0,7,17,DEV-2779,Noakhali,9,1938
U06242,1240.0,12,22,DEV-4F52,Dhaka,3,899
U06243,2000.0,8,20,DEV-2EDA,Noakhali,9,1724
U06244,760.0,11,23,DEV-D533,Rajshahi,10,2311
U06245,360.0,8,20,"DEV-D9B9,DEV-D699",Jessore,9,639
U06246,1470.0,11,23,DEV-3CF7,Rangpur,9,1400
U06247,630.0,9,20,DEV-4268,Cox's Bazar,9,1840
U06248,680.0,6,19,DEV-66F4,Gazipur,12,1657
U06249,980.0,7,21,"DEV-C5C8,DEV-C056",Noakhali,4,1231
U06250,810.0,10,20,"DEV-FCF4,DEV-C8CD",Rangpur,9,1099
U06251,2670.0,7,17,"DEV-F439,DEV-4426",Jessore,8,1449
U06252,960.0,7,18,"DEV-9B11,DEV-8872",Jessore,7,1256
U06253,2770.0,9,19,DEV-26D8,Rangpur,8,911
U06254,1290.0,7,21,DEV-F26F,Khulna,11,2189
U06255,1020.0,6,20,DEV-1E8D,Jessore,15,1982
U06256,1240.0,10,22,"DEV-DAD7,DEV-444E",Barishal,5,1613
U06257,390.0,10,20,DEV-38B9,Tangail,3,514
U06258,1440.0,11,23,DEV-99EF,Mymensingh,7,1300
U06259,2160.0,12,23,"DEV-77A7,DEV-62DF",Mymensingh,7,535
U06260,2420.0,6,18,"DEV-E73C,DEV-B2F2",Rangpur,3,431
U06261,370.0,8,21,"DEV-9BDF,DEV-C9AB",Narayanganj,9,616
U06262,330.0,7,20,DEV-CD9F,Bogura,9,419
U06263,710.0,12,23,DEV-2E2F,Narayanganj,14,1980
U06264,3320.0,9,20,DEV-70FD,Rangpur,12,1299
U06265,1310.0,6,17,DEV-E7C0,Jessore,8,1828
U06266,590.0,10,21,DEV-D07B,Khulna,11,2441
U06267,340.0,6,17,DEV-0F81,Tangail,6,695
U06268,630.0,7,20,"DEV-3F0B,DEV-43D2",Gazipur,5,511
U06269,600.0,11,23,DEV-836A,Narayanganj,9,385
U06270,2320.0,9,19,DEV-D095,Cumilla,9,75
U06271,2470.0,11,21,"DEV-7BA9,DEV-2F08",Tangail,6,99
U06272,470.0,9,21,DEV-8EAC,Barishal,14,1500
U06273,2000.0,11,23,DEV-385A,Cumilla,10,1719
U06274,1850.0,9,21,DEV-AD96,Tangail,10,752
U06275,430.0,6,20,DEV-F9C3,Rajshahi,11,1361
U06276,1030.0,6,19,"DEV-A1E0,DEV-E98F",Cumilla,6,540
U06277,1440.0,11,23,DEV-8B5F,Cox's Bazar,9,1764
U06278,1250.0,6,18,DEV-D010,Gazipur,14,1785
U06279,280.0,8,18,"DEV-F0A9,DEV-2C7E",Tangail,10,1779
U06280,1220.0,6,16,DEV-AA67,Dhaka,14,1294
U06281,1820.0,8,21,"DEV-4150,DEV-15AD",Rangpur,3,2116
U06282,3880.0,10,21,DEV-3C33,Rangpur,12,236
U06283,640.0,7,20,"DEV-2481,DEV-306A",Tangail,11,1057
U06284,710.0,9,20,DEV-01B6,Cox's Bazar,14,186
U06285,930.0,12,22,DEV-F86E,Noakhali,15,2073
U06286,1380.0,6,19,"DEV-70B8,DEV-2A80",Cox's Bazar,4,211
U06287,1190.0,6,20,"DEV-57E3,DEV-BF27",Noakhali,9,1106
U06288,1780.0,7,19,DEV-A1CF,Barishal,15,489
U06289,450.0,11,21,DEV-0D0F,Noakhali,13,1778
U06290,1510.0,8,20,DEV-25D9,Jessore,4,1023
U06291,610.0,10,23,"DEV-8B36,DEV-F847",Rajshahi,10,1391
U06292,980.0,6,17,"DEV-1223,DEV-DCC3",Cox's Bazar,7,2406
U06293,4300.0,11,21,DEV-0FCF,Dhaka,12,2305
U06294,360.0,6,19,DEV-7ED3,Chattogram,9,1088
U06295,880.0,10,21,DEV-3AF0,Gazipur,7,944
U06296,400.0,7,17,"DEV-6C68,DEV-ECF3",Barishal,8,768
U06297,1240.0,12,23,DEV-373D,Chattogram,15,1733
U06298,2540.0,8,19,DEV-A389,Narayanganj,7,2487
U06299,1260.0,7,17,"DEV-554E,DEV-A6C1",Narayanganj,5,1507
U06300,1000.0,8,18,DEV-0E0D,Narayanganj,4,1425
U06301,3170.0,6,16,DEV-4C32,Dhaka,5,2496
U06302,1430.0,7,17,DEV-F52D,Narayanganj,3,499
U06303,2110.0,10,20,DEV-B93E,Cumilla,3,220
U06304,1940.0,8,19,"DEV-EFCC,DEV-AE79",Jessore,9,264
U06305,110.0,8,22,DEV-2F6D,Rangpur,10,1507
U06306,1030.0,11,22,DEV-7630,Sylhet,13,2243
U06307,460.0,6,16,DEV-E0C0,Gazipur,11,604
U06308,560.0,8,22,"DEV-AEBE,DEV-852C",Barishal,5,1818
U06309,3570.0,7,20,DEV-DDFB,Sylhet,11,2213
U06310,810.0,9,23,DEV-1D14,Bogura,8,2293
U06311,4980.0,8,20,DEV-F5DA,Narayanganj,5,1992
U06312,360.0,6,18,DEV-2044,Tangail,11,937
U06313,460.0,6,18,"DEV-FF1F,DEV-CDF4",Chattogram,11,1664
U06314,2020.0,11,21,"DEV-7D01,DEV-79EE",Noakhali,8,1400
U06315,830.0,6,17,"DEV-0862,DEV-511F",Mymensingh,5,1216
U06316,1400.0,11,23,DEV-3AAB,Mymensingh,3,1778
U06317,1000.0,12,23,DEV-B4ED,Cox's Bazar,12,1712
U06318,980.0,9,23,"DEV-3264,DEV-CE50",Khulna,5,2026
U06319,860.0,8,22,DEV-4CEF,Bogura,6,1399
U06320,1270.0,11,23,"DEV-D9AB,DEV-5C49",Barishal,11,1656
U06321,1830.0,12,23,DEV-C0A5,Mymensingh,8,739
U06322,3990.0,6,17,DEV-AB2D,Barishal,13,1199
U06323,930.0,12,23,DEV-FD52,Tangail,7,2053
U06324,800.0,12,23,DEV-8693,Sylhet,14,1935
U06325,720.0,6,19,DEV-5A50,Bogura,7,1296
U06326,3550.0,6,18,DEV-A655,Gazipur,4,1430
U06327,1910.0,11,23,DEV-07A0,Dhaka,12,665
U06328,240.0,6,18,DEV-F8C9,Bogura,11,975
U06329,230.0,10,23,"DEV-AD94,DEV-0C8F",Narayanganj,15,1670
U06330,560.0,6,19,DEV-2C29,Dhaka,4,315
U06331,1320.0,10,22,"DEV-03AF,DEV-AAC7",Mymensingh,9,76
U06332,1070.0,7,18,DEV-AA5D,Rangpur,12,1511
U06333,1660.0,6,20,DEV-29B4,Mymensingh,8,1808
U06334,950.0,6,16,DEV-8BD6,Khulna,6,2452
U06335,3350.0,7,17,"DEV-7D5A,DEV-7B94",Noakhali,6,1191
U06336,2030.0,9,19,DEV-9E36,Dhaka,3,334
U06337,1170.0,6,16,"DEV-DA72,DEV-EA1A",Gazipur,11,1596
U06338,2740.0,11,22,DEV-28AB,Rajshahi,13,790
U06339,290.0,10,22,"DEV-F1A9,DEV-92D8",Tangail,8,418
U06340,1020.0,8,19,"DEV-2E59,DEV-EE91",Bogura,3,1564
U06341,1220.0,12,23,"DEV-5EAA,DEV-7223",Barishal,13,1804
U06342,1780.0,10,22,DEV-F795,Tangail,14,165
U06343,280.0,10,22,"DEV-9474,DEV-249D",Cox's Bazar,10,1816
U06344,890.0,7,17,DEV-11EB,Chattogram,4,1448
U06345,1510.0,10,22,"DEV-D209,DEV-5963",Barishal,8,1861
U06346,1610.0,9,20,DEV-1981,Tangail,10,1586
U06347,2830.0,12,23,DEV-0A99,Gazipur,15,1183
U06348,2020.0,9,19,DEV-F208,Gazipur,9,855
U06349,1040.0,10,23,"DEV-9286,DEV-8627",Sylhet,3,1612
U06350,1880.0,8,21,DEV-9728,Tangail,12,522
U06351,930.0,6,17,DEV-6B32,Narayanganj,11,1386
U06352,1230.0,6,17,DEV-F369,Mymensingh,6,1889
U06353,2070.0,12,23,"DEV-9A21,DEV-A36D",Cumilla,8,605
U06354,1060.0,11,23,DEV-E4BD,Bogura,3,240
U06355,1460.0,8,21,DEV-00C3,Cox's Bazar,4,86
U06356,2370.0,10,22,DEV-51AB,Dhaka,7,1400
U06357,1940.0,6,19,DEV-D54E,Rajshahi,4,1051
U06358,2940.0,6,16,DEV-18A4,Rangpur,6,1645
U06359,7060.0,9,23,"DEV-5464,DEV-29D7",Gazipur,11,2042
U06360,1920.0,10,22,"DEV-B6D9,DEV-D802",Mymensingh,7,2448
U06361,760.0,12,23,DEV-4397,Sylhet,4,825
U06362,1650.0,11,23,DEV-B002,Dhaka,11,307
U06363,1600.0,7,17,DEV-C29D,Rangpur,14,1880
U06364,1790.0,11,23,DEV-E7CF,Dhaka,10,77
U06365,3630.0,9,23,DEV-ED6F,Narayanganj,7,1609
U06366,290.0,11,23,"DEV-74A1,DEV-144E",Gazipur,13,709
U06367,3680.0,7,17,DEV-BE92,Dhaka,7,902
U06368,4820.0,6,18,DEV-8B5A,Rajshahi,3,335
U06369,1730.0,6,19,"DEV-7592,DEV-8A57",Noakhali,11,31
U06370,1760.0,12,23,DEV-A4D7,Cumilla,12,509
U06371,900.0,6,17,DEV-4953,Narayanganj,5,1094
U06372,1100.0,12,23,DEV-5408,Jessore,7,755
U06373,1920.0,11,23,DEV-5777,Cox's Bazar,3,1000
U06374,1820.0,7,21,"DEV-7E40,DEV-AD18",Cumilla,9,306
U06375,1950.0,12,23,"DEV-0AC5,DEV-4AE8",Dhaka,8,372
U06376,1810.0,7,21,DEV-BA68,Jessore,6,1876
U06377,2250.0,7,19,DEV-07D7,Mymensingh,9,2052
U06378,2060.0,10,23,DEV-CB9C,Tangail,11,1857
U06379,480.0,8,18,DEV-C4E8,Mymensingh,8,2390
U06380,2130.0,8,21,DEV-51AE,Cox's Bazar,13,1836
U06381,4850.0,7,20,DEV-A00C,Gazipur,8,329
U06382,1070.0,10,23,DEV-7D7E,Gazipur,8,1850
U06383,3640.0,6,16,"DEV-401D,DEV-263A",Mymensingh,11,600
U06384,530.0,7,19,"DEV-F626,DEV-DC05",Bogura,5,1949
U06385,1070.0,9,20,DEV-E5FE,Rajshahi,13,1592
U06386,660.0,9,23,DEV-2408,Rajshahi,10,2121
U06387,3310.0,10,22,DEV-F6E0,Rajshahi,7,2378
U06388,4070.0,7,20,DEV-A03E,Dhaka,6,1730
U06389,1010.0,10,22,DEV-8321,Cox's Bazar,13,2336
U06390,2800.0,11,21,DEV-578A,Cox's Bazar,3,1364
U06391,4110.0,8,21,"DEV-3C33,DEV-5348",Tangail,3,2330
U06392,1070.0,7,20,DEV-2C7F,Barishal,10,249
U06393,1220.0,9,20,DEV-CA3E,Gazipur,9,1117
U06394,1970.0,10,23,DEV-F2D1,Rajshahi,5,1914
U06395,560.0,6,17,DEV-F795,Mymensingh,7,2465
U06396,1200.0,9,22,DEV-E40C,Gazipur,13,2176
U06397,6090.0,7,18,DEV-21DF,Gazipur,9,930
U06398,740.0,9,22,"DEV-BDAD,DEV-DB9B",Tangail,9,1580
U06399,2170.0,12,23,"DEV-82B0,DEV-8EDB",Dhaka,4,244
U06400,1670.0,9,21,"DEV-6268,DEV-D28C",Rangpur,12,316
U06401,960.0,11,21,DEV-B414,Gazipur,4,1769
U06402,1310.0,8,21,DEV-A10C,Dhaka,6,803
U06403,4460.0,12,23,DEV-0270,Mymensingh,6,1403
U06404,1710.0,11,23,DEV-F5E1,Gazipur,8,539
U06405,1930.0,12,23,DEV-8636,Bogura,6,2004
U06406,3950.0,11,23,"DEV-F4BA,DEV-ADBB",Noakhali,13,242
U06407,870.0,10,21,DEV-8552,Barishal,8,1564
U06408,470.0,9,22,DEV-C0F5,Gazipur,3,1702
U06409,4510.0,12,23,DEV-3F23,Tangail,8,2056
U06410,1220.0,11,23,DEV-7379,Sylhet,4,660
U06411,2240.0,8,19,DEV-066F,Jessore,5,879
U06412,600.0,6,16,DEV-BEC0,Narayanganj,10,1403
U06413,1500.0,6,19,DEV-52F3,Gazipur,11,741
U06414,460.0,7,18,DEV-1888,Mymensingh,11,1849
U06415,1150.0,6,20,"DEV-CBDA,DEV-3BB7",Narayanganj,7,1900
U06416,650.0,7,17,DEV-394A,Barishal,13,1896
U06417,540.0,6,20,DEV-2505,Rangpur,3,1259
U06418,860.0,12,23,DEV-9A7A,Chattogram,7,1580
U06419,180.0,6,18,"DEV-56FF,DEV-9213",Sylhet,6,473
U06420,430.0,10,23,DEV-581C,Narayanganj,3,518
U06421,2050.0,8,21,DEV-C0D5,Dhaka,10,956
U06422,1450.0,7,17,DEV-5FBA,Tangail,3,540
U06423,460.0,10,21,DEV-CAF4,Dhaka,10,2007
U06424,1700.0,12,23,DEV-773F,Noakhali,14,666
U06425,540.0,11,23,DEV-03D0,Rajshahi,13,2312
U06426,1950.0,12,22,DEV-6FB3,Cumilla,11,1045
U06427,1000.0,10,20,"DEV-3EBC,DEV-7D8F",Barishal,6,1907
U06428,850.0,10,23,DEV-1FEE,Cox's Bazar,11,218
U06429,1020.0,7,17,DEV-C0A9,Mymensingh,10,1803
U06430,8500.0,11,23,DEV-9FDF,Chattogram,9,1155
U06431,600.0,11,23,DEV-245B,Jessore,9,2034
U06432,1310.0,7,21,DEV-FA72,Jessore,4,476
U06433,2050.0,8,19,DEV-59C7,Tangail,14,525
U06434,510.0,10,21,DEV-35BA,Narayanganj,13,2160
U06435,310.0,6,19,"DEV-0008,DEV-3F26",Noakhali,12,1461
U06436,680.0,11,21,DEV-0739,Sylhet,10,1418
U06437,2010.0,7,17,"DEV-7BA5,DEV-9B3D",Sylhet,4,1497
U06438,830.0,6,19,"DEV-5EB9,DEV-E040",Mymensingh,11,913
U06439,910.0,8,18,DEV-F74E,Barishal,15,2366
U06440,2270.0,11,23,DEV-4E4F,Narayanganj,4,1399
U06441,580.0,7,20,DEV-A340,Narayanganj,7,67
U06442,1020.0,9,22,"DEV-66E2,DEV-4616",Mymensingh,14,737
U06443,330.0,11,23,DEV-35BA,Tangail,15,2427
U06444,1420.0,6,19,DEV-8583,Narayanganj,8,1230
U06445,1320.0,11,23,DEV-248E,Barishal,6,1823
U06446,2070.0,8,18,"DEV-AC21,DEV-E253",Cumilla,6,76
U06447,440.0,10,21,DEV-5E3E,Narayanganj,9,85
U06448,940.0,7,20,DEV-9275,Jessore,7,535
U06449,390.0,6,16,DEV-F9DF,Bogura,10,1311
U06450,900.0,11,22,DEV-B471,Khulna,4,1535
U06451,3590.0,11,21,"DEV-6765,DEV-E1C2",Khulna,3,202
U06452,850.0,12,22,"DEV-0ADD,DEV-96A0",Rajshahi,3,2294
U06453,370.0,10,22,DEV-40A1,Tangail,12,1520
U06454,640.0,9,22,DEV-2E26,Tangail,15,898
U06455,300.0,7,17,"DEV-8452,DEV-B69B",Chattogram,4,1145
U06456,390.0,8,22,DEV-BCF8,Noakhali,14,1279
U06457,1880.0,10,23,DEV-BF6F,Sylhet,5,1937
U06458,340.0,8,21,DEV-49E4,Mymensingh,3,259
U06459,1410.0,9,19,DEV-69F8,Tangail,6,1461
U06460,1120.0,7,19,"DEV-1CFA,DEV-9DE6",Rajshahi,6,1321
U06461,720.0,9,23,DEV-CDCA,Khulna,15,1972
U06462,1320.0,7,18,DEV-7C0A,Mymensingh,4,919
U06463,520.0,6,18,"DEV-500D,DEV-553F",Cumilla,15,940
U06464,2150.0,6,18,DEV-A66B,Cumilla,14,2024
U06465,630.0,9,22,"DEV-AC22,DEV-79EC",Rangpur,9,2146
U06466,810.0,8,22,DEV-3F58,Narayanganj,11,2064
U06467,730.0,6,16,DEV-691A,Mymensingh,9,2169
U06468,1900.0,9,19,DEV-53D4,Narayanganj,14,282
U06469,1700.0,7,17,DEV-1916,Chattogram,5,1648
U06470,130.0,6,17,DEV-67DA,Chattogram,15,1729
U06471,1340.0,6,17,DEV-D957,Cumilla,8,681
U06472,270.0,9,23,"DEV-9D57,DEV-222E",Chattogram,15,1150
U06473,830.0,12,23,"DEV-DA29,DEV-36A1",Cumilla,15,2478
U06474,1010.0,7,20,DEV-9D6A,Rajshahi,14,373
U06475,830.0,7,19,DEV-9151,Narayanganj,13,2049
U06476,1640.0,7,21,DEV-B9DF,Barishal,8,815
U06477,1950.0,8,19,DEV-C429,Rajshahi,12,2133
U06478,590.0,11,23,DEV-4AEB,Chattogram,6,1350
U06479,570.0,8,19,"DEV-C718,DEV-9660",Sylhet,6,58
U06480,1070.0,10,21,"DEV-5985,DEV-1A95",Dhaka,12,299
U06481,320.0,12,23,DEV-9187,Bogura,12,2070
U06482,750.0,12,22,"DEV-7698,DEV-7876",Khulna,6,1985
U06483,3220.0,9,20,DEV-B09B,Rangpur,15,567
U06484,330.0,10,21,DEV-B577,Gazipur,11,1614
U06485,840.0,12,22,DEV-2E02,Rajshahi,15,1285
U06486,680.0,11,23,DEV-4BDF,Jessore,9,162
U06487,5450.0,8,19,DEV-E6EE,Narayanganj,10,1769
U06488,710.0,6,18,"DEV-9810,DEV-6ACC",Tangail,11,423
U06489,750.0,6,17,DEV-F8F7,Rajshahi,5,1043
U06490,480.0,12,23,DEV-ABCF,Gazipur,6,49
U06491,1100.0,9,21,DEV-D97B,Gazipur,15,631
U06492,1360.0,8,21,"DEV-784A,DEV-29D6",Khulna,11,2342
U06493,540.0,8,21,DEV-BB74,Tangail,10,1265
U06494,2420.0,7,21,"DEV-D104,DEV-9594",Khulna,3,1817
U06495,1360.0,11,23,"DEV-6ED0,DEV-1F60",Gazipur,3,770
U06496,2170.0,10,23,DEV-3EE6,Rajshahi,10,136
U06497,840.0,12,23,DEV-ECB9,Noakhali,4,1549
U06498,1330.0,8,18,DEV-2B1E,Tangail,4,623
U06499,920.0,9,19,"DEV-A8F9,DEV-A9C9",Rangpur,10,300
U06500,3520.0,6,19,DEV-78D9,Noakhali,15,1251
U06501,1200.0,12,22,DEV-FF2A,Jessore,13,1038
U06502,1100.0,9,19,DEV-AD35,Rajshahi,9,316
U06503,760.0,9,22,DEV-F778,Cox's Bazar,15,1491
U06504,730.0,8,19,"DEV-42C9,DEV-BDA0",Chattogram,10,1131
U06505,1330.0,7,18,"DEV-C4D9,DEV-EB37",Jessore,15,2476
U06506,2110.0,12,22,DEV-6945,Rangpur,6,249
U06507,630.0,9,20,DEV-550F,Rangpur,10,1253
U06508,1210.0,10,23,DEV-CE15,Cox's Bazar,14,1989
U06509,1270.0,6,18,"DEV-B80D,DEV-4628",Cumilla,15,1081
U06510,1460.0,7,21,DEV-4DF4,Narayanganj,14,545
U06511,280.0,11,23,"DEV-CA4E,DEV-91CC",Mymensingh,4,2473
U06512,520.0,6,17,DEV-E81C,Bogura,11,833
U06513,370.0,6,16,DEV-A168,Dhaka,4,2315
U06514,1130.0,11,23,"DEV-FB16,DEV-53CF",Khulna,7,2106
U06515,530.0,8,22,DEV-C6D5,Rajshahi,3,1692
U06516,740.0,7,17,DEV-30AB,Noakhali,12,1940
U06517,420.0,9,20,DEV-B439,Noakhali,13,1375
U06518,790.0,7,20,DEV-6AE4,Gazipur,4,1682
U06519,450.0,6,20,"DEV-851A,DEV-CEC2",Rangpur,14,699
U06520,2010.0,6,20,"DEV-1B11,DEV-3940",Bogura,13,168
U06521,1610.0,6,17,"DEV-8F52,DEV-6A09",Cumilla,13,1570
U06522,1240.0,7,21,DEV-9030,Cox's Bazar,8,2013
U06523,860.0,10,23,DEV-6E39,Cox's Bazar,15,2089
U06524,210.0,8,20,"DEV-1092,DEV-EFBB",Gazipur,15,1912
U06525,760.0,6,17,DEV-B0CC,Dhaka,10,2454
U06526,600.0,6,20,"DEV-9C2A,DEV-2620",Rangpur,7,1498
U06527,1340.0,9,23,DEV-328E,Cox's Bazar,12,452
U06528,1800.0,11,23,DEV-98BA,Mymensingh,3,537
U06529,1420.0,8,20,DEV-0D7D,Jessore,7,706
U06530,3010.0,6,17,DEV-78FE,Bogura,3,2439
U06531,700.0,7,21,DEV-E3A5,Gazipur,12,2214
U06532,670.0,9,20,DEV-E002,Chattogram,3,1822
U06533,2520.0,7,20,"DEV-83C7,DEV-3B74",Chattogram,12,2156
U06534,1250.0,12,23,DEV-12EF,Tangail,10,874
U06535,900.0,11,23,DEV-2BD4,Tangail,8,1800
U06536,4800.0,8,19,DEV-47D6,Noakhali,11,441
U06537,1740.0,12,23,"DEV-8D18,DEV-B9C0",Chattogram,3,286
U06538,940.0,8,21,DEV-75D2,Cox's Bazar,13,1615
U06539,630.0,6,17,"DEV-D398,DEV-294A",Tangail,6,1774
U06540,3170.0,12,23,"DEV-6C67,DEV-9D1B",Jessore,13,1500
U06541,1290.0,12,23,DEV-0DCD,Rajshahi,14,1188
U06542,1120.0,8,18,DEV-E7E2,Chattogram,10,1526
U06543,1880.0,10,23,"DEV-FEBF,DEV-BD80",Sylhet,10,946
U06544,2220.0,7,17,DEV-B3ED,Narayanganj,15,755
U06545,1700.0,10,20,"DEV-35A5,DEV-2ED3",Mymensingh,8,649
U06546,2220.0,10,23,DEV-3D07,Cox's Bazar,8,929
U06547,1570.0,10,21,DEV-2293,Khulna,15,815
U06548,1710.0,9,22,DEV-8EBB,Dhaka,8,421
U06549,610.0,10,20,DEV-F50B,Rajshahi,7,1353
U06550,4670.0,9,19,"DEV-AD71,DEV-E19E",Jessore,3,1045
U06551,410.0,11,22,DEV-FA9E,Mymensingh,7,430
U06552,1400.0,7,19,"DEV-A985,DEV-1AD5",Dhaka,6,2269
U06553,380.0,9,20,DEV-EE30,Sylhet,13,1287
U06554,1010.0,8,19,"DEV-8BDC,DEV-8C1C",Sylhet,9,382
U06555,690.0,9,23,"DEV-FCC3,DEV-AF17",Dhaka,7,149
U06556,1220.0,6,16,DEV-1C63,Sylhet,15,241
U06557,1440.0,8,18,DEV-C3CF,Noakhali,8,1044
U06558,510.0,12,22,"DEV-F8F9,DEV-3CCC",Gazipur,8,628
U06559,1070.0,6,20,"DEV-7650,DEV-1A8C",Barishal,12,2401
U06560,3340.0,10,22,DEV-B7A6,Mymensingh,6,1190
U06561,380.0,10,23,DEV-2496,Mymensingh,8,1855
U06562,550.0,9,23,"DEV-6CDE,DEV-A695",Sylhet,12,633
U06563,2180.0,6,17,DEV-D74D,Rangpur,7,199
U06564,1170.0,6,19,DEV-51CC,Bogura,8,857
U06565,1240.0,7,19,DEV-E893,Rangpur,3,1728
U06566,2480.0,6,18,DEV-0633,Noakhali,13,1917
U06567,580.0,6,18,"DEV-2AAA,DEV-1E6A",Narayanganj,14,514
U06568,720.0,7,20,DEV-BF4A,Chattogram,11,762
U06569,660.0,7,18,"DEV-5C9E,DEV-054F",Cox's Bazar,9,1201
U06570,830.0,11,21,DEV-C9C4,Bogura,14,886
U06571,3200.0,10,23,DEV-46E0,Khulna,14,756
U06572,280.0,6,20,DEV-AEA4,Rangpur,9,2459
U06573,420.0,10,22,DEV-8D65,Cox's Bazar,11,2337
U06574,370.0,6,16,"DEV-1C8B,DEV-9A6B",Noakhali,15,909
U06575,3370.0,8,18,DEV-DC6F,Jessore,5,164
U06576,670.0,6,18,"DEV-5D81,DEV-D55E",Rangpur,13,916
U06577,840.0,6,20,DEV-453B,Bogura,7,2205
U06578,300.0,6,19,DEV-486E,Rangpur,4,2251
U06579,890.0,9,20,DEV-2BF1,Khulna,8,1762
U06580,2190.0,9,22,"DEV-362E,DEV-3D5D",Mymensingh,9,1698
U06581,1340.0,8,18,DEV-A650,Dhaka,12,926
U06582,1010.0,10,22,DEV-2156,Noakhali,4,1118
U06583,310.0,11,23,DEV-8B65,Sylhet,10,2202
U06584,840.0,11,23,DEV-42DB,Barishal,11,563
U06585,1230.0,10,20,DEV-2592,Mymensingh,11,1033
U06586,500.0,9,20,DEV-D23E,Sylhet,13,2196
U06587,1850.0,9,19,"DEV-8A3A,DEV-499A",Sylhet,12,1754
U06588,2230.0,7,19,DEV-A37A,Gazipur,9,300
U06589,720.0,9,20,DEV-E85D,Chattogram,6,1976
U06590,1960.0,6,20,DEV-4861,Cox's Bazar,14,197
U06591,1000.0,12,23,"DEV-3EC7,DEV-AEC1",Barishal,14,737
U06592,2750.0,8,18,DEV-7DF0,Mymensingh,4,2301
U06593,5580.0,11,23,DEV-AC73,Gazipur,8,208
U06594,460.0,12,23,"DEV-2AE5,DEV-EED6",Noakhali,12,493
U06595,2030.0,9,22,DEV-0460,Cumilla,11,2174
U06596,3110.0,12,23,DEV-4612,Khulna,14,1684
U06597,500.0,9,20,DEV-A022,Barishal,5,601
U06598,690.0,6,18,DEV-8532,Bogura,15,879
U06599,690.0,6,18,"DEV-5677,DEV-FA0F",Chattogram,6,2331
U06600,990.0,6,16,"DEV-5856,DEV-ADAC",Cox's Bazar,4,1525
U06601,820.0,12,22,"DEV-6862,DEV-70C1",Chattogram,12,808
U06602,940.0,9,22,"DEV-C71A,DEV-5AAD",Mymensingh,15,386
U06603,2140.0,8,19,"DEV-6655,DEV-C828",Narayanganj,7,1054
U06604,240.0,9,22,DEV-161E,Cox's Bazar,5,813
U06605,500.0,7,21,DEV-6EAA,Rangpur,14,1092
U06606,1870.0,12,23,DEV-475C,Tangail,4,150
U06607,1710.0,12,23,"DEV-7B79,DEV-937C",Cox's Bazar,11,1185
U06608,470.0,6,17,"DEV-6DD6,DEV-FE54",Cumilla,4,639
U06609,1720.0,11,23,"DEV-E9AB,DEV-24A5",Narayanganj,11,2408
U06610,3170.0,8,18,DEV-A4AA,Chattogram,4,713
U06611,1050.0,6,17,DEV-52CD,Bogura,7,635
U06612,490.0,12,23,"DEV-B709,DEV-7C4F",Dhaka,9,776
U06613,2210.0,6,18,DEV-F41C,Narayanganj,14,1532
U06614,4350.0,7,17,DEV-F1D3,Cox's Bazar,12,1836
U06615,540.0,6,20,DEV-0E82,Mymensingh,15,756
U06616,1130.0,9,19,DEV-1BC1,Khulna,10,1744
U06617,2620.0,10,23,DEV-05D7,Gazipur,6,353
U06618,1200.0,8,19,"DEV-CB37,DEV-3A86",Noakhali,8,503
U06619,270.0,6,19,"DEV-B912,DEV-5511",Noakhali,9,743
U06620,1560.0,6,19,DEV-4E72,Dhaka,10,1757
U06621,500.0,12,23,DEV-9AA9,Bogura,14,1394
U06622,400.0,11,23,"DEV-C613,DEV-9105",Sylhet,14,1169
U06623,280.0,12,22,DEV-932A,Mymensingh,4,1529
U06624,2840.0,9,23,DEV-BC90,Cumilla,13,514
U06625,560.0,9,19,DEV-2BDE,Dhaka,6,681
U06626,1430.0,11,23,DEV-978E,Jessore,10,1773
U06627,1740.0,10,20,DEV-4925,Noakhali,15,2468
U06628,1250.0,9,22,"DEV-27A5,DEV-540D",Mymensingh,14,30
U06629,1390.0,8,19,DEV-313E,Gazipur,9,925
U06630,1490.0,9,21,DEV-52B1,Khulna,3,2212
U06631,1220.0,6,16,DEV-0606,Barishal,15,2085
U06632,600.0,7,18,"DEV-BF11,DEV-592E",Jessore,14,676
U06633,560.0,11,23,DEV-A908,Jessore,7,116
U06634,1010.0,12,23,DEV-BFD8,Cox's Bazar,4,1432
U06635,990.0,6,18,DEV-D1E1,Mymensingh,9,1747
U06636,1550.0,6,17,"DEV-13E9,DEV-82C3",Tangail,13,658
U06637,2650.0,6,18,"DEV-6AB0,DEV-59BC",Noakhali,8,779
U06638,1440.0,11,22,DEV-CE80,Narayanganj,3,1694
U06639,570.0,8,20,DEV-1158,Bogura,8,1356
U06640,190.0,8,20,DEV-4F64,Chattogram,9,727
U06641,590.0,6,17,"DEV-CB5C,DEV-6509",Jessore,14,2096
U06642,370.0,12,23,"DEV-1323,DEV-2C69",Narayanganj,13,2261
U06643,610.0,9,21,"DEV-4D2C,DEV-3F84",Cumilla,12,1820
U06644,1330.0,11,23,DEV-AB3B,Rangpur,8,2366
U06645,1170.0,10,23,DEV-2BE0,Rajshahi,15,918
U06646,4850.0,6,18,DEV-C39F,Mymensingh,6,303
U06647,1610.0,11,23,"DEV-4FC3,DEV-1189",Barishal,7,1839
U06648,5050.0,9,21,DEV-02E4,Mymensingh,14,1413
U06649,1940.0,10,23,DEV-9B8C,Rangpur,15,1052
U06650,2610.0,7,18,"DEV-BC1C,DEV-231B",Narayanganj,13,673
U06651,820.0,11,22,DEV-4F1B,Bogura,12,186
U06652,460.0,12,23,"DEV-C1D9,DEV-DE27",Tangail,15,453
U06653,770.0,8,21,DEV-BAD6,Barishal,4,1673
U06654,1090.0,6,19,DEV-9E1F,Rangpur,11,593
U06655,660.0,11,23,DEV-BF7F,Bogura,8,2343
U06656,490.0,12,23,DEV-4C08,Chattogram,10,1199
U06657,1530.0,9,22,"DEV-1052,DEV-906F",Gazipur,6,236
U06658,490.0,10,21,DEV-8F35,Barishal,9,1645
U06659,320.0,7,21,DEV-CDA0,Rajshahi,6,1728
U06660,450.0,6,19,DEV-3DA8,Bogura,11,473
U06661,910.0,12,23,"DEV-E397,DEV-7EEC",Cox's Bazar,15,2104
U06662,500.0,9,20,"DEV-712F,DEV-FD49",Jessore,3,1852
U06663,910.0,7,20,"DEV-8B22,DEV-1729",Narayanganj,15,1503
U06664,1770.0,10,23,DEV-40F1,Cumilla,11,329
U06665,1740.0,6,20,DEV-9813,Gazipur,3,1228
U06666,650.0,6,19,DEV-3AF4,Chattogram,10,2427
U06667,390.0,7,20,DEV-2A3D,Bogura,4,615
U06668,690.0,9,19,DEV-4BF3,Bogura,13,2341
U06669,1850.0,8,18,DEV-8292,Narayanganj,6,508
U06670,2230.0,7,20,DEV-17BE,Bogura,3,1527
U06671,1450.0,8,18,"DEV-8559,DEV-BA2A",Khulna,14,1008
U06672,2870.0,8,22,DEV-74CA,Cox's Bazar,9,198
U06673,4370.0,9,23,"DEV-B1AD,DEV-A3BD",Bogura,10,1613
U06674,750.0,9,21,"DEV-7F0B,DEV-F963",Cumilla,13,1198
U06675,3600.0,12,23,DEV-9C97,Khulna,10,807
U06676,890.0,11,23,DEV-CE22,Narayanganj,13,604
U06677,2480.0,8,22,"DEV-A40F,DEV-F560",Cox's Bazar,10,1236
U06678,1930.0,12,22,DEV-6E60,Barishal,3,291
U06679,230.0,9,20,DEV-307F,Cox's Bazar,15,1511
U06680,510.0,7,20,DEV-2E7C,Barishal,15,259
U06681,410.0,8,21,"DEV-FE43,DEV-CC6D",Barishal,6,548
U06682,260.0,11,22,"DEV-4E1E,DEV-7293",Gazipur,11,1287
U06683,2220.0,11,23,"DEV-08BF,DEV-F3F8",Tangail,4,1861
U06684,5740.0,8,20,DEV-6FAC,Mymensingh,6,1011
U06685,890.0,7,21,DEV-6274,Cumilla,10,1582
U06686,2170.0,7,18,"DEV-3F06,DEV-150F",Noakhali,7,2331
U06687,3600.0,6,19,"DEV-C319,DEV-390B",Narayanganj,15,1491
U06688,1300.0,10,21,DEV-1641,Chattogram,4,1882
U06689,1070.0,9,19,"DEV-FA7F,DEV-8C49",Mymensingh,12,1210
U06690,900.0,9,22,"DEV-13BE,DEV-4A15",Bogura,10,671
U06691,1690.0,10,23,DEV-8DB9,Rangpur,14,931
U06692,2210.0,11,22,DEV-34EC,Bogura,13,898
U06693,1590.0,11,23,DEV-FD71,Cumilla,14,1385
U06694,1540.0,6,20,"DEV-E028,DEV-E2BC",Cumilla,13,403
U06695,1050.0,10,21,DEV-83F7,Sylhet,5,1921
U06696,310.0,12,23,DEV-FD02,Narayanganj,8,406
U06697,2250.0,11,22,DEV-5350,Narayanganj,11,1773
U06698,390.0,8,20,"DEV-8E2C,DEV-BF00",Dhaka,15,1196
U06699,1800.0,8,22,"DEV-8157,DEV-DA69",Narayanganj,14,1852
U06700,2010.0,12,23,"DEV-1A96,DEV-712C",Barishal,11,462
U06701,440.0,6,16,DEV-D473,Sylhet,4,547
U06702,670.0,9,22,DEV-2E9F,Rajshahi,8,653
U06703,5990.0,6,18,DEV-6291,Cox's Bazar,11,1955
U06704,1030.0,12,22,DEV-FE8B,Dhaka,13,685
U06705,410.0,6,19,DEV-9D0F,Noakhali,6,858
U06706,2080.0,6,17,"DEV-5BE5,DEV-5CF5",Dhaka,9,375
U06707,590.0,8,22,DEV-349B,Barishal,13,605
U06708,240.0,7,21,DEV-BC1A,Gazipur,13,2144
U06709,1660.0,9,22,DEV-1A72,Khulna,5,330
U06710,530.0,8,21,"DEV-3544,DEV-1FB4",Cox's Bazar,6,2283
U06711,1420.0,8,19,DEV-C0FB,Dhaka,7,2080
U06712,570.0,9,19,DEV-F16A,Barishal,11,2371
U06713,1930.0,9,19,DEV-1651,Khulna,11,1569
U06714,1270.0,12,23,DEV-F257,Khulna,12,1719
U06715,140.0,9,20,DEV-EA95,Rangpur,10,2108
U06716,1490.0,9,23,DEV-8207,Sylhet,14,1782
U06717,870.0,10,21,"DEV-097B,DEV-B12F",Jessore,4,1416
U06718,3410.0,7,18,DEV-864D,Narayanganj,9,1070
U06719,1500.0,10,23,DEV-D527,Sylhet,5,2154
U06720,2010.0,12,23,DEV-4B82,Khulna,10,810
U06721,620.0,8,19,DEV-8EB4,Cox's Bazar,14,1404
U06722,580.0,7,17,DEV-E44F,Barishal,14,178
U06723,1070.0,8,18,DEV-AABE,Noakhali,15,1625
U06724,820.0,7,19,"DEV-A571,DEV-F78A",Gazipur,9,355
U06725,3200.0,10,23,"DEV-7D54,DEV-2C2B",Chattogram,12,169
U06726,970.0,12,23,"DEV-F9E6,DEV-2387",Barishal,9,762
U06727,410.0,10,20,DEV-8D17,Cox's Bazar,3,1684
U06728,570.0,6,17,"DEV-C0C5,DEV-C97C",Narayanganj,6,2065
U06729,2370.0,8,18,"DEV-B40C,DEV-6CE4",Narayanganj,12,1506
U06730,960.0,10,22,DEV-2F9A,Gazipur,3,1645
U06731,920.0,8,20,DEV-09CA,Cox's Bazar,11,627
U06732,2560.0,10,23,"DEV-4D6A,DEV-F8D5",Chattogram,8,293
U06733,530.0,10,20,"DEV-AF6C,DEV-682D",Mymensingh,8,308
U06734,180.0,8,20,DEV-7E8E,Rajshahi,12,215
U06735,550.0,10,20,DEV-558A,Rajshahi,5,887
U06736,1330.0,8,20,DEV-E4B9,Bogura,6,1877
U06737,900.0,6,20,DEV-7417,Rajshahi,5,178
U06738,310.0,8,21,"DEV-D64E,DEV-0D11",Dhaka,4,886
U06739,2470.0,9,23,DEV-7CB3,Rangpur,4,1514
U06740,1250.0,6,16,"DEV-9A5C,DEV-AAB6",Dhaka,4,177
U06741,1500.0,12,23,"DEV-0616,DEV-A4B9",Noakhali,11,1378
U06742,1530.0,9,23,DEV-D6DD,Tangail,6,1012
U06743,390.0,6,19,"DEV-1792,DEV-54AB",Noakhali,7,2297
U06744,1400.0,12,23,"DEV-6CF3,DEV-411F",Rajshahi,12,1256
U06745,2270.0,11,21,DEV-709B,Rajshahi,9,1308
U06746,2730.0,6,19,DEV-E4A0,Rangpur,4,2130
U06747,1950.0,7,21,"DEV-E5B8,DEV-99E9",Noakhali,9,1832
U06748,1650.0,8,19,DEV-E2A0,Jessore,11,1383
U06749,270.0,9,21,DEV-D0AE,Khulna,10,1670
U06750,1080.0,11,23,DEV-0EC1,Jessore,14,1027
U06751,510.0,8,18,DEV-630E,Rajshahi,10,1758
U06752,3060.0,10,20,DEV-D85C,Jessore,13,792
U06753,2710.0,6,17,DEV-7141,Narayanganj,9,804
U06754,510.0,10,20,DEV-9C96,Khulna,11,2076
U06755,1060.0,12,23,DEV-697B,Noakhali,5,1055
U06756,1340.0,9,19,"DEV-0427,DEV-90A2",Narayanganj,15,1342
U06757,2250.0,9,19,DEV-61B3,Rangpur,3,325
U06758,290.0,8,21,"DEV-C621,DEV-E359",Cumilla,15,878
U06759,190.0,12,23,"DEV-1AC5,DEV-5BB4",Rajshahi,10,1636
U06760,1130.0,6,17,DEV-6487,Sylhet,7,1340
U06761,140.0,8,19,DEV-AD2A,Mymensingh,8,777
U06762,1240.0,6,18,DEV-656D,Jessore,3,103
U06763,1760.0,12,23,"DEV-90CE,DEV-E886",Noakhali,8,1385
U06764,2950.0,9,19,DEV-9700,Sylhet,3,892
U06765,670.0,12,22,DEV-1932,Narayanganj,8,2306
U06766,1250.0,10,22,DEV-7B15,Cox's Bazar,4,138
U06767,1850.0,9,21,DEV-E2F2,Rajshahi,4,1716
U06768,430.0,9,22,"DEV-7B7A,DEV-FB9F",Mymensingh,12,976
U06769,2280.0,7,17,"DEV-E712,DEV-4394",Rajshahi,5,691
U06770,1370.0,9,19,DEV-69EF,Noakhali,7,1793
U06771,680.0,10,22,DEV-2F62,Chattogram,11,1301
U06772,1230.0,12,23,DEV-3100,Dhaka,9,214
U06773,980.0,9,20,DEV-5E25,Sylhet,9,1517
U06774,2050.0,12,22,DEV-6B73,Rajshahi,8,471
U06775,820.0,12,23,DEV-59B5,Jessore,10,2129
U06776,1320.0,9,21,"DEV-BB9F,DEV-26E6",Khulna,11,626
U06777,670.0,9,22,DEV-79A8,Cumilla,4,1990
U06778,520.0,6,16,"DEV-E380,DEV-BB69",Chattogram,15,842
U06779,1260.0,7,20,DEV-3455,Jessore,13,808
U06780,540.0,12,23,DEV-3D62,Barishal,8,35
U06781,2080.0,6,16,DEV-ED10,Tangail,7,2301
U06782,1760.0,8,22,DEV-952F,Sylhet,12,1393
U06783,590.0,10,22,DEV-E137,Narayanganj,10,394
U06784,1300.0,7,18,"DEV-DD43,DEV-7104",Cumilla,13,115
U06785,590.0,12,23,"DEV-877F,DEV-5E4A",Rajshahi,9,711
U06786,300.0,10,23,"DEV-A305,DEV-A653",Gazipur,8,1246
U06787,680.0,6,17,DEV-ADC5,Gazipur,9,113
U06788,1050.0,7,21,DEV-DC65,Jessore,6,921
U06789,1660.0,11,23,DEV-BD5A,Bogura,13,798
U06790,1240.0,12,23,"DEV-1A0C,DEV-59AC",Barishal,13,2186
U06791,2270.0,12,23,"DEV-91E9,DEV-A078",Khulna,4,1052
U06792,500.0,11,21,DEV-DD44,Khulna,4,288
U06793,810.0,6,20,"DEV-6A89,DEV-D25B",Rangpur,3,626
U06794,4090.0,11,22,DEV-6415,Cumilla,7,2070
U06795,230.0,6,18,DEV-2566,Jessore,4,61
U06796,760.0,6,16,DEV-79A6,Dhaka,10,358
U06797,470.0,10,23,DEV-2631,Jessore,15,55
U06798,940.0,9,20,"DEV-6866,DEV-3E0D",Jessore,12,151
U06799,770.0,10,23,"DEV-069F,DEV-A9DC",Barishal,15,2312
U06800,1780.0,11,22,DEV-BDF2,Cumilla,4,2477
U06801,1350.0,6,18,DEV-21C1,Cox's Bazar,12,1844
U06802,390.0,9,21,DEV-9596,Noakhali,12,256
U06803,690.0,11,22,DEV-808A,Cox's Bazar,8,1755
U06804,1100.0,9,21,DEV-2338,Dhaka,12,1938
U06805,1980.0,9,21,DEV-9BBC,Mymensingh,4,1970
U06806,7680.0,9,20,DEV-42E4,Dhaka,11,1875
U06807,1920.0,12,22,DEV-D26D,Dhaka,13,1744
U06808,490.0,6,16,DEV-9C6C,Dhaka,8,1122
U06809,1020.0,12,23,"DEV-1C90,DEV-849C",Jessore,5,181
U06810,1270.0,11,22,DEV-1DE3,Bogura,3,2064
U06811,720.0,11,22,DEV-B931,Cox's Bazar,6,2316
U06812,1600.0,8,21,DEV-4C24,Mymensingh,13,1265
U06813,180.0,9,22,"DEV-7D3D,DEV-B22F",Barishal,13,1089
U06814,1710.0,8,22,DEV-D839,Gazipur,11,2296
U06815,750.0,7,20,DEV-8324,Bogura,6,1149
U06816,1000.0,12,23,"DEV-13D4,DEV-423D",Cox's Bazar,6,945
U06817,3540.0,9,23,"DEV-9CF9,DEV-0ABA",Sylhet,13,2219
U06818,400.0,11,23,DEV-5F1D,Bogura,10,2319
U06819,1360.0,6,17,DEV-52CB,Barishal,13,535
U06820,2070.0,11,21,"DEV-4E8C,DEV-F429",Barishal,7,710
U06821,1260.0,10,23,DEV-F191,Jessore,13,802
U06822,300.0,12,23,DEV-E5B1,Cumilla,9,424
U06823,3230.0,6,20,DEV-DD21,Cox's Bazar,11,2141
U06824,930.0,9,21,DEV-E4BC,Tangail,14,2435
U06825,720.0,9,23,DEV-2F07,Chattogram,7,1313
U06826,860.0,9,22,DEV-64B7,Barishal,13,1786
U06827,810.0,6,19,DEV-0EB4,Dhaka,11,1067
U06828,420.0,9,22,DEV-CC14,Sylhet,9,2489
U06829,1250.0,8,19,DEV-DE03,Sylhet,13,2387
U06830,680.0,10,23,"DEV-076A,DEV-2B56",Mymensingh,8,1881
U06831,1880.0,7,21,DEV-2B3A,Rajshahi,12,2225
U06832,1660.0,9,23,DEV-EDA0,Sylhet,3,362
U06833,4030.0,10,22,DEV-CA54,Jessore,14,2221
U06834,930.0,6,16,DEV-46FE,Jessore,15,1083
U06835,580.0,11,23,DEV-0BB1,Dhaka,15,554
U06836,340.0,11,22,DEV-6961,Sylhet,13,2330
U06837,6340.0,6,17,"DEV-959C,DEV-0B84",Jessore,11,2114
U06838,1860.0,6,16,DEV-7808,Chattogram,12,363
U06839,630.0,11,21,"DEV-899B,DEV-FB2C",Barishal,15,1652
U06840,4250.0,7,19,"DEV-3050,DEV-2EF5",Khulna,12,2208
U06841,3250.0,12,23,DEV-6E5A,Bogura,6,1738
U06842,370.0,9,20,DEV-51CD,Mymensingh,5,1220
U06843,600.0,8,20,"DEV-EB5D,DEV-C97B",Barishal,15,148
U06844,990.0,7,19,DEV-40A8,Rajshahi,4,1255
U06845,470.0,10,22,"DEV-55BA,DEV-A289",Jessore,14,1402
U06846,1020.0,6,18,"DEV-DF1C,DEV-33B5",Rajshahi,15,2111
U06847,1940.0,8,22,DEV-4BCC,Rajshahi,3,569
U06848,370.0,8,19,"DEV-9C1E,DEV-DC1D",Rajshahi,13,540
U06849,1390.0,7,17,DEV-4A05,Sylhet,10,2319
U06850,2790.0,8,22,DEV-77AD,Mymensingh,8,2099
U06851,1510.0,9,19,DEV-AE7A,Mymensingh,9,1417
U06852,1030.0,10,23,DEV-6CDF,Cox's Bazar,8,1131
U06853,640.0,6,17,"DEV-C546,DEV-83D9",Khulna,13,1554
U06854,2130.0,12,23,"DEV-E173,DEV-9B7D",Jessore,8,405
U06855,430.0,12,22,DEV-EB28,Cumilla,4,630
U06856,1330.0,10,20,DEV-DC12,Tangail,8,1368
U06857,1120.0,12,23,DEV-3DC5,Cox's Bazar,9,1070
U06858,2700.0,8,20,DEV-E5B5,Rangpur,8,469
U06859,690.0,11,23,DEV-2105,Bogura,9,1337
U06860,740.0,11,23,DEV-4862,Rangpur,15,1643
U06861,410.0,9,23,"DEV-0C6B,DEV-1AAE",Narayanganj,8,2035
U06862,1560.0,7,20,DEV-B868,Tangail,13,1586
U06863,780.0,9,20,DEV-1C71,Bogura,15,1540
U06864,550.0,12,22,DEV-2FD7,Rajshahi,13,1404
U06865,590.0,12,23,DEV-6886,Cumilla,10,309
U06866,1690.0,9,23,DEV-CCD6,Mymensingh,15,979
U06867,450.0,7,20,DEV-CF94,Rajshahi,8,1143
U06868,490.0,11,23,DEV-F6FD,Noakhali,6,1324
U06869,2250.0,6,17,"DEV-0E1D,DEV-25E0",Narayanganj,14,759
U06870,960.0,7,19,DEV-661A,Barishal,14,1867
U06871,2360.0,9,22,DEV-4888,Chattogram,4,1361
U06872,820.0,12,23,"DEV-18E0,DEV-8628",Bogura,7,784
U06873,1100.0,8,20,DEV-7802,Rajshahi,6,1190
U06874,1240.0,9,19,"DEV-6E38,DEV-05C6",Narayanganj,13,1783
U06875,3330.0,8,22,DEV-6D0A,Barishal,6,85
U06876,3120.0,9,23,DEV-754A,Rangpur,11,872
U06877,2760.0,6,16,DEV-3794,Cumilla,15,542
U06878,660.0,10,21,DEV-CB7D,Tangail,14,824
U06879,500.0,10,23,"DEV-E3A2,DEV-EDCC",Chattogram,14,1660
U06880,2020.0,8,22,DEV-AE7B,Sylhet,9,557
U06881,3300.0,7,21,"DEV-AD0E,DEV-2763",Narayanganj,10,1374
U06882,2780.0,11,23,"DEV-64E4,DEV-0122",Cox's Bazar,12,961
U06883,1110.0,7,17,"DEV-8F31,DEV-C33E",Narayanganj,7,161
U06884,1960.0,6,16,"DEV-AB44,DEV-040F",Narayanganj,9,2217
U06885,1990.0,6,18,DEV-8E6E,Rangpur,9,1506
U06886,1240.0,12,23,DEV-E162,Cumilla,13,764
U06887,1280.0,8,20,"DEV-1A1F,DEV-8787",Cumilla,10,1273
U06888,1190.0,6,17,DEV-4011,Narayanganj,8,2467
U06889,580.0,12,23,DEV-EE19,Barishal,10,400
U06890,630.0,7,20,DEV-8CF8,Bogura,5,2133
U06891,630.0,8,22,DEV-C597,Khulna,6,34
U06892,310.0,6,20,"DEV-8645,DEV-E4F2",Cox's Bazar,13,2164
U06893,1230.0,10,20,DEV-4994,Cumilla,4,858
U06894,1060.0,10,20,DEV-BE6A,Noakhali,11,761
U06895,2020.0,11,22,"DEV-6DE8,DEV-939C",Bogura,14,1955
U06896,3010.0,7,20,DEV-AF99,Chattogram,11,434
U06897,3160.0,8,18,"DEV-2C4D,DEV-DE30",Mymensingh,11,358
U06898,3410.0,12,23,DEV-BA46,Tangail,12,1182
U06899,600.0,11,23,DEV-68C5,Mymensingh,4,2362
U06900,350.0,6,19,DEV-97A0,Cumilla,4,848
U06901,2310.0,10,23,DEV-A9DD,Rajshahi,15,1369
U06902,3310.0,11,23,DEV-7464,Noakhali,8,1012
U06903,3810.0,9,22,DEV-A290,Sylhet,8,1903
U06904,1620.0,10,22,DEV-8EFF,Khulna,5,2251
U06905,220.0,6,19,DEV-C787,Rangpur,12,2442
U06906,1470.0,6,17,DEV-3B74,Noakhali,3,694
U06907,1710.0,6,16,DEV-0110,Tangail,5,678
U06908,2990.0,7,17,"DEV-6788,DEV-D316",Bogura,5,2313
U06909,3440.0,12,23,"DEV-1FCB,DEV-DC75",Rajshahi,15,1469
U06910,2270.0,10,23,"DEV-68E6,DEV-3567",Rajshahi,15,840
U06911,690.0,11,23,DEV-7788,Mymensingh,4,871
U06912,480.0,8,21,DEV-CFC6,Chattogram,4,465
U06913,1680.0,12,23,DEV-DB96,Khulna,15,238
U06914,580.0,7,18,"DEV-9CF1,DEV-86F4",Sylhet,11,886
U06915,3570.0,12,23,"DEV-CE7A,DEV-E8AA",Cox's Bazar,12,1989
U06916,280.0,6,17,DEV-CBA0,Noakhali,10,1658
U06917,1730.0,6,20,DEV-F7C8,Cumilla,5,59
U06918,1420.0,6,19,"DEV-D4C7,DEV-0C8A",Mymensingh,12,140
U06919,930.0,11,23,DEV-0509,Khulna,5,2176
U06920,520.0,7,20,DEV-98DD,Noakhali,3,1990
U06921,210.0,9,22,DEV-F505,Khulna,13,1992
U06922,720.0,9,22,"DEV-4C9A,DEV-F759",Mymensingh,7,2158
U06923,730.0,11,23,DEV-D9EF,Bogura,3,1606
U06924,2670.0,8,22,DEV-240A,Noakhali,8,863
U06925,590.0,6,16,DEV-7E7B,Bogura,4,1490
U06926,1580.0,8,21,DEV-389E,Cumilla,9,1615
U06927,390.0,8,20,"DEV-13FD,DEV-B0DB",Bogura,11,2118
U06928,1610.0,11,21,"DEV-370A,DEV-8F49",Sylhet,7,1343
U06929,180.0,11,23,DEV-AC83,Bogura,4,167
U06930,5860.0,6,16,DEV-6E99,Tangail,14,1567
U06931,980.0,11,23,"DEV-1461,DEV-11B2",Khulna,10,1848
U06932,120.0,6,18,"DEV-610A,DEV-0AEB",Cox's Bazar,3,2365
U06933,620.0,10,23,DEV-DF21,Gazipur,10,475
U06934,540.0,8,21,DEV-2A8F,Rajshahi,15,2154
U06935,650.0,8,19,DEV-0779,Noakhali,3,80
U06936,820.0,9,22,"DEV-23D8,DEV-B239",Bogura,13,1834
U06937,650.0,8,19,DEV-96B4,Sylhet,7,801
U06938,570.0,11,23,DEV-ACEB,Barishal,12,320
U06939,430.0,12,22,"DEV-58CF,DEV-521B",Chattogram,3,838
U06940,2120.0,11,21,DEV-ABF0,Noakhali,14,1393
U06941,2870.0,9,22,"DEV-1CDA,DEV-64EF",Gazipur,15,505
U06942,890.0,9,19,DEV-1A37,Rangpur,10,1389
U06943,1080.0,9,23,DEV-6C8B,Khulna,5,1785
U06944,450.0,11,21,"DEV-F81E,DEV-D9A3",Rangpur,4,2193
U06945,1160.0,9,21,"DEV-AD49,DEV-A846",Rajshahi,11,1410
U06946,1320.0,9,23,"DEV-6040,DEV-B48E",Chattogram,13,1515
U06947,920.0,8,21,"DEV-D562,DEV-8F28",Mymensingh,11,2302
U06948,1510.0,8,21,DEV-1A74,Cox's Bazar,9,115
U06949,1400.0,9,22,DEV-B1B7,Rangpur,13,1911
U06950,470.0,10,23,DEV-207E,Dhaka,12,2444
U06951,2850.0,9,19,"DEV-52E6,DEV-3293",Chattogram,7,2070
U06952,930.0,11,22,DEV-0CD9,Cumilla,13,2309
U06953,4190.0,11,21,"DEV-C378,DEV-A528",Cumilla,5,2259
U06954,1540.0,9,20,"DEV-68AC,DEV-61A9",Chattogram,13,1484
U06955,5310.0,12,23,"DEV-A47F,DEV-880D",Cox's Bazar,9,2021
U06956,2810.0,7,20,"DEV-3B81,DEV-7AFF",Bogura,12,929
U06957,1320.0,12,23,DEV-C6FC,Jessore,12,321
U06958,610.0,8,20,DEV-8D5F,Tangail,4,239
U06959,630.0,9,19,"DEV-CD39,DEV-8217",Noakhali,12,488
U06960,1680.0,7,20,DEV-69CA,Gazipur,13,1818
U06961,1230.0,9,21,DEV-BE05,Dhaka,3,1022
U06962,680.0,8,21,"DEV-3593,DEV-A074",Bogura,5,2034
U06963,2140.0,10,21,DEV-A14A,Cox's Bazar,12,850
U06964,1130.0,6,18,DEV-46E8,Bogura,7,1983
U06965,2150.0,11,23,DEV-4191,Noakhali,4,2217
U06966,500.0,12,23,DEV-156B,Rangpur,14,837
U06967,2440.0,9,20,"DEV-25F6,DEV-1871",Khulna,9,1324
U06968,1640.0,9,21,DEV-9DA4,Gazipur,8,1355
U06969,2860.0,10,23,DEV-1F23,Mymensingh,10,2193
U06970,2400.0,7,17,DEV-834D,Cumilla,8,955
U06971,1020.0,11,22,"DEV-1C86,DEV-C88F",Cumilla,4,986
U06972,960.0,7,19,"DEV-AD76,DEV-4AD4",Cox's Bazar,10,1945
U06973,4570.0,10,23,DEV-BC3C,Mymensingh,15,2269
U06974,870.0,8,22,DEV-39AD,Khulna,15,100
U06975,2000.0,11,23,DEV-A2A0,Jessore,11,207
U06976,810.0,11,23,DEV-A3F8,Bogura,5,2335
U06977,250.0,7,19,DEV-6FB5,Khulna,5,1130
U06978,410.0,10,22,DEV-B377,Tangail,7,1410
U06979,1520.0,9,22,DEV-F2A7,Dhaka,3,2255
U06980,1920.0,8,20,DEV-69D1,Khulna,4,1010
U06981,1520.0,10,22,DEV-488C,Rajshahi,13,1140
U06982,2740.0,12,23,DEV-713E,Chattogram,8,2122
U06983,1500.0,6,16,DEV-9164,Bogura,13,1839
U06984,590.0,12,23,"DEV-1FA0,DEV-F5BB",Chattogram,3,1743
U06985,1760.0,11,23,DEV-782B,Bogura,4,921
U06986,1260.0,9,21,DEV-F6C2,Jessore,11,1763
U06987,690.0,10,22,"DEV-F618,DEV-1057",Khulna,6,2078
U06988,1600.0,8,20,DEV-1D1B,Narayanganj,5,2285
U06989,1170.0,6,18,"DEV-2E74,DEV-9165",Tangail,11,1589
U06990,680.0,10,21,DEV-5A8A,Bogura,14,2183
U06991,950.0,11,23,"DEV-04B5,DEV-9074",Chattogram,8,2035
U06992,3400.0,7,18,DEV-534B,Bogura,12,1836
U06993,3310.0,11,23,DEV-D7E8,Gazipur,7,1355
U06994,1270.0,11,23,"DEV-C2D9,DEV-D83A",Rangpur,13,1104
U06995,1150.0,11,22,"DEV-9130,DEV-B220",Cumilla,8,1604
U06996,350.0,8,22,DEV-14C5,Mymensingh,4,2216
U06997,4340.0,8,19,"DEV-C27C,DEV-73AA",Jessore,9,1335
U06998,2510.0,8,21,DEV-0120,Jessore,6,1758
U06999,2000.0,11,22,"DEV-143E,DEV-4EE7",Jessore,5,1431
U07000,180.0,12,23,"DEV-5F9F,DEV-356B",Bogura,5,1632
U07001,1130.0,8,20,DEV-C4D9,Jessore,8,1732
U07002,990.0,12,23,"DEV-7268,DEV-421C",Cox's Bazar,3,158
U07003,1890.0,9,20,"DEV-AC77,DEV-7410",Cox's Bazar,3,328
U07004,760.0,8,18,"DEV-C75D,DEV-8015",Jessore,10,126
U07005,910.0,6,16,DEV-BFDB,Khulna,3,1928
U07006,1800.0,10,22,"DEV-DA6F,DEV-144D",Cumilla,13,2241
U07007,590.0,10,23,DEV-1F1A,Sylhet,15,907
U07008,690.0,12,23,DEV-BB0B,Rangpur,5,217
U07009,1280.0,11,22,"DEV-8CE7,DEV-3D9E",Rangpur,3,61
U07010,3200.0,6,20,DEV-07E1,Rajshahi,5,1129
U07011,2090.0,9,19,"DEV-F498,DEV-17E4",Rajshahi,3,1619
U07012,2590.0,11,23,DEV-7671,Bogura,6,852
U07013,1150.0,9,23,DEV-3881,Barishal,14,1545
U07014,3630.0,9,23,"DEV-6544,DEV-B83E",Dhaka,13,409
U07015,270.0,11,23,DEV-8255,Gazipur,15,1822
U07016,5530.0,10,21,DEV-0A86,Sylhet,13,846
U07017,6130.0,10,23,DEV-1653,Rajshahi,13,2495
U07018,1580.0,9,20,DEV-F1EF,Bogura,10,1930
U07019,2130.0,7,18,DEV-407D,Khulna,4,1169
U07020,1060.0,9,21,DEV-6D7B,Rajshahi,12,2367
U07021,930.0,12,23,"DEV-C911,DEV-D6B1",Chattogram,11,2434
U07022,670.0,10,21,"DEV-48BA,DEV-38CC",Dhaka,15,517
U07023,1050.0,10,23,"DEV-6FFB,DEV-567A",Tangail,12,1457
U07024,1710.0,6,20,DEV-B375,Noakhali,10,1646
U07025,1530.0,12,23,"DEV-BA1C,DEV-4299",Dhaka,13,913
U07026,5370.0,7,18,DEV-6112,Khulna,11,2497
U07027,1190.0,12,22,"DEV-BB09,DEV-81EA",Cox's Bazar,4,1704
U07028,330.0,9,21,DEV-8D11,Bogura,10,1910
U07029,4090.0,12,22,"DEV-CF2A,DEV-A6DA",Chattogram,8,515
U07030,410.0,12,23,DEV-A6AD,Rajshahi,5,2258
U07031,700.0,11,23,DEV-7B4A,Noakhali,6,2416
U07032,1360.0,12,23,"DEV-D5FB,DEV-05E2",Cumilla,13,2263
U07033,1530.0,10,21,DEV-1623,Barishal,11,1119
U07034,350.0,11,23,"DEV-AD28,DEV-9BA9",Sylhet,3,2337
U07035,600.0,7,19,"DEV-47A0,DEV-99E7",Narayanganj,7,56
U07036,340.0,6,17,DEV-1B67,Noakhali,11,533
U07037,1800.0,9,21,DEV-9B6A,Narayanganj,9,1648
U07038,2830.0,11,21,DEV-5C78,Rangpur,13,1938
U07039,410.0,11,23,"DEV-96BB,DEV-5741",Sylhet,11,327
U07040,2430.0,9,19,"DEV-B94C,DEV-1C96",Rangpur,3,754
U07041,2310.0,9,20,DEV-D811,Jessore,14,249
U07042,650.0,10,21,"DEV-7EA4,DEV-3AC6",Barishal,10,286
U07043,220.0,12,23,DEV-F650,Gazipur,14,88
U07044,470.0,11,23,DEV-1AC4,Cumilla,5,2478
U07045,680.0,6,20,"DEV-897D,DEV-12EF",Narayanganj,12,2210
U07046,3760.0,10,21,"DEV-E647,DEV-288E",Bogura,3,1533
U07047,1000.0,8,19,DEV-4077,Bogura,5,113
U07048,490.0,11,21,DEV-A7EB,Gazipur,14,1833
U07049,1230.0,9,21,DEV-E27F,Rangpur,14,1356
U07050,390.0,12,23,DEV-6A9F,Khulna,15,1947
U07051,1650.0,9,19,DEV-42A0,Rajshahi,5,1238
U07052,500.0,10,23,"DEV-5977,DEV-EAE1",Noakhali,14,51
U07053,560.0,6,17,DEV-E8F1,Dhaka,3,2280
U07054,1480.0,12,23,DEV-1F5C,Bogura,8,2202
U07055,4450.0,7,17,"DEV-E671,DEV-D747",Barishal,8,2280
U07056,6360.0,8,22,DEV-89F4,Cumilla,13,1664
U07057,480.0,11,22,DEV-416A,Narayanganj,11,2304
U07058,680.0,12,23,"DEV-755F,DEV-C676",Gazipur,7,205
U07059,1660.0,9,20,DEV-453B,Rangpur,4,1018
U07060,2790.0,9,19,DEV-580A,Mymensingh,7,820
U07061,190.0,6,19,DEV-75BB,Cumilla,6,1199
U07062,1180.0,12,22,DEV-113D,Rajshahi,11,132
U07063,740.0,6,18,DEV-6931,Tangail,4,2069
U07064,240.0,6,20,DEV-2248,Bogura,8,768
U07065,380.0,9,21,DEV-01C7,Rangpur,11,326
U07066,700.0,6,20,"DEV-6318,DEV-C231",Chattogram,11,518
U07067,1150.0,7,20,DEV-FB8F,Rangpur,12,312
U07068,2460.0,10,23,DEV-7045,Rajshahi,6,1725
U07069,1460.0,10,23,DEV-C0FD,Noakhali,9,2306
U07070,2340.0,8,18,"DEV-390C,DEV-A2F4",Narayanganj,4,236
U07071,1120.0,11,22,DEV-AA8F,Tangail,8,102
U07072,620.0,10,21,"DEV-5512,DEV-7299",Tangail,15,2204
U07073,950.0,7,17,DEV-AB87,Jessore,14,975
U07074,1910.0,10,20,"DEV-5050,DEV-9A8E",Barishal,11,327
U07075,2510.0,10,20,DEV-3B16,Rangpur,8,511
U07076,970.0,11,23,DEV-891A,Cox's Bazar,14,1700
U07077,520.0,7,21,DEV-0F23,Noakhali,8,237
U07078,1430.0,7,19,DEV-724A,Jessore,12,1024
U07079,1610.0,8,22,"DEV-80C5,DEV-D3C7",Gazipur,10,2435
U07080,2940.0,8,19,DEV-601C,Rajshahi,3,1094
U07081,640.0,12,23,DEV-0193,Jessore,12,439
U07082,640.0,11,23,DEV-0A52,Chattogram,14,1904
U07083,2010.0,9,19,"DEV-8A12,DEV-CFF9",Mymensingh,13,1096
U07084,790.0,9,19,DEV-E3F4,Sylhet,10,1012
U07085,770.0,12,23,"DEV-CEEA,DEV-5707",Rangpur,3,662
U07086,2990.0,9,20,"DEV-7D71,DEV-E362",Cox's Bazar,3,1890
U07087,370.0,7,20,DEV-D6C1,Noakhali,14,1243
U07088,5680.0,6,19,"DEV-7432,DEV-7B22",Sylhet,9,1225
U07089,670.0,8,19,DEV-11C4,Bogura,8,1924
U07090,2190.0,10,20,DEV-2B3D,Dhaka,11,926
U07091,1010.0,9,19,DEV-877E,Bogura,14,1659
U07092,1360.0,8,20,DEV-8480,Gazipur,8,455
U07093,890.0,9,20,DEV-9331,Cox's Bazar,9,1442
U07094,2180.0,12,22,DEV-5004,Cumilla,10,1088
U07095,830.0,12,23,"DEV-3A15,DEV-73CD",Bogura,9,1291
U07096,690.0,7,21,DEV-E0F1,Mymensingh,11,932
U07097,4680.0,6,20,DEV-F87C,Cumilla,5,355
U07098,1120.0,7,17,DEV-0D6B,Noakhali,7,2303
U07099,640.0,11,21,DEV-5B03,Gazipur,9,1024
U07100,330.0,9,21,"DEV-8571,DEV-3744",Cox's Bazar,9,1875
U07101,4880.0,12,23,DEV-5A70,Barishal,9,2266
U07102,710.0,10,22,DEV-20E8,Khulna,8,1125
U07103,5710.0,9,21,DEV-76C0,Narayanganj,14,2056
U07104,1510.0,7,21,"DEV-E248,DEV-EDB8",Dhaka,13,1114
U07105,1230.0,8,21,DEV-03D2,Bogura,14,189
U07106,1260.0,7,21,"DEV-A2FC,DEV-E84D",Bogura,10,2209
U07107,6460.0,9,23,DEV-C4A1,Noakhali,9,2105
U07108,190.0,7,21,DEV-0FD0,Tangail,8,1428
U07109,1300.0,8,20,DEV-63C6,Cumilla,14,2075
U07110,890.0,6,17,DEV-C0AD,Rangpur,11,1683
U07111,920.0,11,21,DEV-FAC9,Cox's Bazar,14,2010
U07112,1240.0,12,23,DEV-4B2C,Rangpur,14,170
U07113,890.0,9,20,DEV-487A,Bogura,15,2042
U07114,1270.0,9,19,DEV-3FF9,Bogura,10,559
U07115,1080.0,12,23,DEV-E51A,Tangail,7,2458
U07116,380.0,9,21,DEV-2E10,Sylhet,14,2416
U07117,1490.0,10,22,DEV-5DB3,Narayanganj,5,166
U07118,1940.0,8,21,DEV-226F,Cox's Bazar,7,1639
U07119,710.0,9,20,DEV-F08D,Khulna,15,977
U07120,4890.0,9,23,"DEV-10F4,DEV-81DB",Narayanganj,12,659
U07121,3190.0,10,22,DEV-27B0,Mymensingh,10,2422
U07122,2150.0,10,22,DEV-6838,Noakhali,9,1021
U07123,2130.0,9,20,DEV-96A5,Jessore,9,1395
U07124,1120.0,6,19,"DEV-B2C7,DEV-91D5",Sylhet,14,804
U07125,2730.0,12,23,DEV-6D69,Cox's Bazar,8,1715
U07126,3850.0,12,23,DEV-47F4,Dhaka,9,653
U07127,2090.0,7,21,DEV-CD83,Cox's Bazar,4,923
U07128,690.0,8,18,DEV-AE0C,Gazipur,4,1771
U07129,1060.0,12,23,"DEV-AC05,DEV-C505",Narayanganj,5,553
U07130,1740.0,8,21,DEV-3869,Sylhet,6,1968
U07131,2140.0,11,22,DEV-FAEB,Rajshahi,6,2446
U07132,1030.0,11,21,DEV-EB5E,Dhaka,11,1768
U07133,700.0,12,23,"DEV-7094,DEV-3435",Bogura,10,923
U07134,3890.0,6,18,"DEV-5FE4,DEV-6383",Gazipur,3,478
U07135,470.0,9,23,"DEV-F921,DEV-49EB",Gazipur,9,1415
U07136,520.0,9,23,"DEV-F12F,DEV-3B28",Dhaka,4,1111
U07137,380.0,11,21,"DEV-ED4B,DEV-EE1B",Tangail,10,632
U07138,520.0,7,18,DEV-9BD8,Dhaka,3,936
U07139,2970.0,8,18,DEV-1B91,Bogura,3,2418
U07140,3060.0,7,21,DEV-9E23,Mymensingh,13,447
U07141,1030.0,11,22,DEV-E94F,Noakhali,3,668
U07142,1630.0,12,23,"DEV-ED8F,DEV-751B",Khulna,15,891
U07143,1090.0,6,16,DEV-7AD4,Cox's Bazar,9,2287
U07144,420.0,7,19,DEV-6255,Khulna,13,915
U07145,6470.0,8,18,DEV-36A6,Gazipur,5,750
U07146,3290.0,12,23,DEV-A750,Cox's Bazar,9,764
U07147,1460.0,9,19,DEV-FC38,Rajshahi,14,2368
U07148,550.0,7,17,DEV-4467,Dhaka,4,903
U07149,920.0,8,18,DEV-D791,Mymensingh,8,937
U07150,630.0,10,23,DEV-1886,Sylhet,4,930
U07151,1190.0,8,21,DEV-0E59,Noakhali,7,2183
U07152,1410.0,6,18,DEV-E696,Gazipur,15,1784
U07153,830.0,11,21,"DEV-1CCA,DEV-69F7",Bogura,10,1511
U07154,340.0,8,19,DEV-E1D1,Noakhali,7,556
U07155,6040.0,7,18,DEV-594E,Chattogram,11,311
U07156,1330.0,11,23,"DEV-4D13,DEV-0A6F",Rangpur,6,247
U07157,1580.0,11,23,"DEV-B245,DEV-51F2",Mymensingh,4,760
U07158,780.0,7,17,DEV-1E29,Cox's Bazar,10,1985
U07159,310.0,6,16,DEV-7987,Cumilla,12,1909
U07160,1030.0,6,17,DEV-2BA7,Khulna,5,1962
U07161,850.0,11,22,"DEV-D948,DEV-BF52",Rajshahi,4,1678
U07162,1930.0,10,22,DEV-FAD2,Sylhet,10,1303
U07163,2260.0,11,23,"DEV-FAB1,DEV-D650",Tangail,8,909
U07164,2020.0,10,20,"DEV-808F,DEV-2B98",Mymensingh,15,1824
U07165,2420.0,8,20,DEV-0AFC,Gazipur,7,512
U07166,4640.0,10,22,DEV-1770,Noakhali,8,199
U07167,1500.0,11,23,"DEV-3BFB,DEV-E20A",Chattogram,10,2077
U07168,2640.0,8,20,"DEV-3673,DEV-17BF",Cox's Bazar,15,1201
U07169,1630.0,12,23,"DEV-EF6D,DEV-6F82",Rajshahi,11,1567
U07170,240.0,12,23,DEV-6B4C,Mymensingh,11,2393
U07171,970.0,11,23,"DEV-4D35,DEV-F299",Noakhali,13,1714
U07172,550.0,12,23,"DEV-591F,DEV-DC0C",Noakhali,13,1917
U07173,1320.0,8,18,"DEV-FDFD,DEV-7367",Gazipur,9,1213
U07174,580.0,6,16,DEV-B35C,Rajshahi,6,816
U07175,1780.0,9,19,DEV-065D,Chattogram,5,895
U07176,2400.0,11,22,DEV-C818,Mymensingh,10,2255
U07177,2870.0,11,23,"DEV-F912,DEV-31F8",Rajshahi,12,974
U07178,4010.0,8,18,"DEV-0294,DEV-0B3F",Tangail,7,2335
U07179,290.0,8,18,DEV-DB2A,Mymensingh,9,106
U07180,420.0,9,21,DEV-3E6E,Khulna,8,753
U07181,11410.0,11,23,DEV-69C9,Gazipur,10,2361
U07182,2460.0,6,18,DEV-5608,Cumilla,13,1462
U07183,1310.0,8,18,"DEV-4D22,DEV-2A58",Jessore,8,935
U07184,1130.0,7,18,DEV-6885,Gazipur,9,463
U07185,1050.0,11,22,DEV-EC9F,Noakhali,8,1222
U07186,230.0,9,22,"DEV-5B5E,DEV-CD28",Rangpur,6,2394
U07187,590.0,6,19,DEV-B069,Barishal,12,912
U07188,1000.0,7,21,DEV-CC1B,Khulna,11,1219
U07189,620.0,6,18,DEV-929D,Dhaka,9,907
U07190,690.0,9,21,DEV-5F10,Narayanganj,6,2156
U07191,8490.0,12,23,DEV-41C4,Barishal,14,1723
U07192,900.0,9,20,DEV-47B8,Khulna,13,1553
U07193,1370.0,12,22,DEV-8709,Narayanganj,12,1685
U07194,1330.0,11,23,DEV-6774,Jessore,13,1046
U07195,1760.0,12,23,DEV-67AA,Khulna,9,2031
U07196,750.0,8,19,DEV-5E71,Rajshahi,11,1545
U07197,2970.0,12,23,DEV-EBAE,Jessore,5,207
U07198,1560.0,7,17,DEV-A4AF,Gazipur,13,952
U07199,390.0,9,19,DEV-E471,Dhaka,3,2188
U07200,1010.0,10,21,"DEV-ED9A,DEV-9E09",Sylhet,9,659
U07201,960.0,8,20,DEV-1779,Dhaka,5,2393
U07202,920.0,7,21,DEV-F721,Sylhet,10,2042
U07203,1650.0,6,18,DEV-7A6F,Gazipur,6,2473
U07204,1820.0,6,17,DEV-6007,Mymensingh,15,2000
U07205,1660.0,9,20,DEV-69DF,Dhaka,4,348
U07206,1440.0,12,23,DEV-1685,Narayanganj,13,501
U07207,1170.0,7,18,DEV-AA0A,Cumilla,11,1232
U07208,200.0,9,22,"DEV-0C32,DEV-B880",Rangpur,15,915
U07209,2040.0,12,23,DEV-D55B,Rajshahi,7,2349
U07210,1620.0,11,23,DEV-6C0F,Jessore,12,2126
U07211,500.0,6,17,"DEV-622C,DEV-AC55",Jessore,3,1904
U07212,1370.0,9,20,DEV-DC3A,Rajshahi,11,2354
U07213,1840.0,7,17,DEV-187C,Dhaka,8,178
U07214,2800.0,7,20,DEV-756F,Tangail,12,1763
U07215,1650.0,7,21,DEV-52AB,Sylhet,13,2179
U07216,1420.0,10,20,"DEV-02DC,DEV-022B",Barishal,9,2438
U07217,2340.0,7,17,DEV-8754,Cox's Bazar,7,2101
U07218,860.0,7,18,DEV-C383,Mymensingh,12,2028
U07219,1520.0,7,20,"DEV-9833,DEV-3FB0",Rangpur,14,1957
U07220,670.0,8,19,DEV-7395,Sylhet,7,346
U07221,2670.0,10,20,DEV-F73A,Noakhali,14,1047
U07222,300.0,8,19,DEV-D688,Narayanganj,8,2193
U07223,2110.0,8,19,DEV-1EAD,Khulna,14,1591
U07224,1110.0,9,20,DEV-A4DD,Sylhet,11,672
U07225,2370.0,10,22,DEV-9FF0,Chattogram,11,1798
U07226,590.0,6,17,DEV-5D5F,Cumilla,11,94
U07227,1180.0,12,22,"DEV-5D50,DEV-B80F",Gazipur,13,1009
U07228,1150.0,12,22,DEV-EF51,Chattogram,14,1893
U07229,1550.0,10,23,"DEV-51D1,DEV-ED5B",Jessore,8,1966
U07230,470.0,10,23,DEV-D6AA,Bogura,12,1287
U07231,1820.0,10,21,"DEV-0D77,DEV-47B4",Noakhali,12,705
U07232,250.0,9,23,DEV-70E2,Dhaka,10,1256
U07233,640.0,8,20,"DEV-AAA6,DEV-3A02",Khulna,5,483
U07234,310.0,8,21,"DEV-6A43,DEV-17B7",Mymensingh,9,2342
U07235,2130.0,7,20,DEV-19E7,Khulna,5,2151
U07236,1510.0,11,22,DEV-6F58,Dhaka,4,1813
U07237,1580.0,8,20,"DEV-A133,DEV-73CD",Khulna,15,868
U07238,3560.0,7,19,"DEV-620F,DEV-7F75",Chattogram,12,384
U07239,850.0,12,23,DEV-A25E,Dhaka,10,170
U07240,1790.0,9,22,"DEV-B6C9,DEV-8A36",Bogura,8,976
U07241,1160.0,10,21,DEV-1781,Chattogram,3,2086
U07242,1020.0,7,17,DEV-0AA5,Cumilla,7,943
U07243,3120.0,7,17,DEV-57CE,Tangail,5,2003
U07244,5800.0,11,23,"DEV-3479,DEV-896E",Tangail,9,466
U07245,780.0,9,23,DEV-B34E,Dhaka,8,2011
U07246,2140.0,7,18,DEV-4085,Rajshahi,15,220
U07247,1420.0,11,23,DEV-77B7,Sylhet,13,871
U07248,1430.0,8,18,DEV-37EE,Rangpur,10,400
U07249,1340.0,10,23,DEV-776A,Bogura,14,1520
U07250,840.0,8,18,DEV-60CA,Chattogram,7,493
U07251,60.0,9,21,"DEV-009D,DEV-AA4A",Rajshahi,4,64
U07252,3740.0,11,23,DEV-4D83,Cumilla,10,825
U07253,630.0,12,23,DEV-BF73,Tangail,3,35
U07254,900.0,7,21,DEV-AB61,Cumilla,15,967
U07255,920.0,10,20,DEV-31F1,Dhaka,4,670
U07256,590.0,12,22,DEV-E310,Rangpur,14,2335
U07257,1330.0,10,20,DEV-05B6,Noakhali,11,1327
U07258,1060.0,7,18,DEV-92F1,Noakhali,6,1116
U07259,620.0,7,19,DEV-CD72,Gazipur,9,1512
U07260,1240.0,7,21,DEV-8A67,Bogura,10,368
U07261,1070.0,6,17,"DEV-8EB9,DEV-7866",Narayanganj,12,359
U07262,2300.0,11,22,DEV-0F61,Gazipur,8,410
U07263,380.0,12,22,DEV-ADB0,Barishal,10,2173
U07264,580.0,9,22,DEV-F3EA,Jessore,8,1870
U07265,1960.0,10,22,DEV-CC51,Noakhali,4,2400
U07266,660.0,11,21,DEV-0F08,Rangpur,12,2037
U07267,530.0,8,20,DEV-387E,Rajshahi,6,324
U07268,680.0,9,20,DEV-D52A,Rangpur,6,438
U07269,1010.0,10,22,DEV-B6C6,Cumilla,7,2064
U07270,1010.0,8,19,DEV-5DD5,Gazipur,10,1381
U07271,930.0,6,19,DEV-3E6D,Rajshahi,12,1547
U07272,480.0,9,19,"DEV-765B,DEV-0823",Gazipur,13,607
U07273,2040.0,11,23,DEV-16EE,Chattogram,10,1270
U07274,3170.0,6,19,DEV-131E,Bogura,8,2258
U07275,240.0,7,17,DEV-D333,Noakhali,15,1237
U07276,320.0,7,21,DEV-0BEA,Bogura,9,1729
U07277,2450.0,11,23,DEV-8D77,Cox's Bazar,4,1882
U07278,3850.0,9,20,DEV-47B9,Khulna,13,2314
U07279,200.0,9,21,DEV-C1AC,Mymensingh,15,546
U07280,2110.0,10,23,DEV-208E,Narayanganj,6,2278
U07281,4070.0,7,19,DEV-E909,Khulna,5,1534
U07282,550.0,10,23,DEV-15CF,Chattogram,7,2087
U07283,3880.0,6,20,DEV-D8B3,Rangpur,7,675
U07284,950.0,6,17,"DEV-25C8,DEV-0796",Rajshahi,5,321
U07285,1410.0,11,21,DEV-09C7,Barishal,3,240
U07286,620.0,10,22,"DEV-C7EA,DEV-57F2",Noakhali,5,976
U07287,2440.0,7,19,"DEV-6AAA,DEV-D2A3",Dhaka,6,1395
U07288,2140.0,9,22,DEV-42FB,Khulna,5,741
U07289,4360.0,6,17,DEV-8DC3,Rajshahi,5,693
U07290,3470.0,10,23,"DEV-4C6B,DEV-10A1",Bogura,15,2045
U07291,1090.0,11,21,DEV-FE5D,Mymensingh,5,1864
U07292,13180.0,7,19,DEV-5FFA,Bogura,13,1596
U07293,3230.0,8,20,DEV-D8E6,Noakhali,10,1636
U07294,1690.0,7,20,DEV-6E09,Cumilla,8,2120
U07295,490.0,8,19,"DEV-DDFF,DEV-2C22",Sylhet,13,584
U07296,320.0,7,21,"DEV-8A40,DEV-5F7D",Sylhet,3,2351
U07297,350.0,7,17,"DEV-FE12,DEV-5635",Noakhali,12,2158
U07298,520.0,9,23,"DEV-C581,DEV-7E69",Khulna,8,879
U07299,3300.0,12,23,DEV-6698,Jessore,13,887
U07300,1620.0,11,23,DEV-B281,Narayanganj,15,485
U07301,670.0,8,19,"DEV-A50B,DEV-7A94",Cox's Bazar,12,1781
U07302,980.0,12,23,"DEV-0E28,DEV-12EE",Khulna,4,780
U07303,890.0,7,19,"DEV-9940,DEV-0E23",Tangail,15,690
U07304,2080.0,12,23,"DEV-9B13,DEV-E350",Khulna,12,1690
U07305,540.0,8,18,DEV-CA08,Dhaka,3,515
U07306,1450.0,9,21,DEV-B1DB,Cumilla,5,309
U07307,1390.0,7,19,"DEV-460B,DEV-A83C",Rajshahi,15,2154
U07308,560.0,11,23,DEV-2EEF,Gazipur,13,127
U07309,3910.0,8,20,DEV-E9C6,Jessore,8,2299
U07310,870.0,12,23,DEV-170B,Sylhet,15,1718
U07311,500.0,6,18,DEV-8A9F,Noakhali,9,899
U07312,2170.0,9,21,DEV-7C82,Tangail,14,1423
U07313,1150.0,7,20,DEV-12DF,Chattogram,10,807
U07314,1520.0,12,23,DEV-2FC2,Cumilla,11,1040
U07315,430.0,8,22,DEV-B6E1,Rangpur,3,1765
U07316,2100.0,10,22,DEV-9883,Noakhali,15,2275
U07317,6240.0,12,22,DEV-298A,Cox's Bazar,5,591
U07318,400.0,9,21,DEV-23FC,Narayanganj,5,1347
U07319,1460.0,6,17,DEV-AA8B,Narayanganj,8,2164
U07320,590.0,7,17,DEV-A920,Narayanganj,12,64
U07321,9430.0,7,21,DEV-6694,Sylhet,13,51
U07322,2960.0,12,23,DEV-052D,Rangpur,11,1548
U07323,1370.0,12,23,"DEV-0739,DEV-26A2",Rajshahi,14,381
U07324,410.0,9,22,DEV-0E37,Bogura,12,2482
U07325,500.0,12,23,DEV-8E80,Rajshahi,4,328
U07326,1990.0,7,20,DEV-6483,Rangpur,13,1853
U07327,370.0,10,23,DEV-37A3,Barishal,6,815
U07328,380.0,8,21,"DEV-9833,DEV-B457",Cumilla,9,2312
U07329,1100.0,7,20,"DEV-2BBF,DEV-A005",Dhaka,10,2169
U07330,1220.0,7,20,DEV-1B53,Narayanganj,8,2002
U07331,1490.0,8,18,"DEV-9997,DEV-6050",Jessore,7,1610
U07332,770.0,8,20,DEV-1C18,Bogura,6,563
U07333,2290.0,7,18,DEV-CDDD,Chattogram,6,295
U07334,550.0,8,22,DEV-2EC2,Rajshahi,15,677
U07335,1810.0,6,18,DEV-C8B3,Noakhali,7,224
U07336,1300.0,12,23,DEV-5D81,Jessore,9,1968
U07337,1770.0,8,20,DEV-AF23,Dhaka,12,742
U07338,2820.0,6,19,DEV-B505,Jessore,6,1117
U07339,760.0,10,23,DEV-6CE3,Jessore,5,1560
U07340,650.0,12,23,DEV-AAB6,Chattogram,5,1762
U07341,280.0,8,22,DEV-7122,Sylhet,3,1496
U07342,220.0,11,23,DEV-9B30,Dhaka,8,1847
U07343,950.0,10,21,DEV-39D7,Mymensingh,3,312
U07344,1010.0,11,23,DEV-6CE0,Noakhali,7,721
U07345,460.0,8,20,DEV-231B,Gazipur,9,1909
U07346,550.0,6,17,"DEV-6A6B,DEV-040E",Sylhet,6,1803
U07347,3710.0,8,22,DEV-68E1,Barishal,6,1591
U07348,2210.0,12,23,DEV-DC31,Chattogram,10,2351
U07349,400.0,11,23,"DEV-5C81,DEV-7F05",Cumilla,10,2458
U07350,770.0,11,23,DEV-DB29,Narayanganj,13,237
U07351,1520.0,12,23,DEV-00C7,Dhaka,14,1394
U07352,660.0,8,21,DEV-ABAE,Mymensingh,6,2254
U07353,570.0,8,21,DEV-8777,Bogura,6,838
U07354,840.0,12,22,DEV-57D8,Chattogram,9,175
U07355,2620.0,10,23,DEV-4221,Gazipur,5,324
U07356,2820.0,8,21,DEV-97C0,Chattogram,12,1814
U07357,610.0,7,18,"DEV-6D67,DEV-652F",Tangail,3,2300
U07358,1590.0,12,23,DEV-AC22,Rangpur,7,1776
U07359,1090.0,6,16,DEV-6645,Barishal,15,123
U07360,490.0,6,17,"DEV-CF4A,DEV-48EE",Chattogram,12,1049
U07361,860.0,11,21,DEV-B352,Dhaka,9,891
U07362,400.0,6,20,"DEV-9035,DEV-E572",Cox's Bazar,3,2282
U07363,2780.0,7,19,DEV-667B,Tangail,13,1340
U07364,3800.0,12,23,DEV-3C18,Barishal,8,610
U07365,790.0,8,22,"DEV-6605,DEV-A94F",Gazipur,14,1437
U07366,650.0,11,23,DEV-6E0C,Dhaka,13,1879
U07367,2550.0,9,21,"DEV-E3CB,DEV-27E8",Noakhali,15,1468
U07368,2900.0,6,16,DEV-4EF9,Barishal,4,1061
U07369,450.0,7,20,"DEV-FBB6,DEV-CCA8",Sylhet,14,1801
U07370,970.0,11,23,DEV-13AF,Dhaka,12,781
U07371,1050.0,6,17,DEV-F0B1,Rangpur,6,346
U07372,590.0,10,20,DEV-6D05,Cox's Bazar,13,2160
U07373,1490.0,8,21,"DEV-A4D4,DEV-0447",Noakhali,10,1806
U07374,630.0,8,21,DEV-2A0D,Bogura,11,1835
U07375,710.0,12,22,DEV-B2D2,Dhaka,15,2227
U07376,1010.0,10,20,"DEV-42C7,DEV-1E1E",Jessore,10,1791
U07377,330.0,10,22,DEV-AE12,Mymensingh,11,105
U07378,210.0,8,18,DEV-379A,Noakhali,14,2113
U07379,2290.0,8,18,DEV-DDBC,Gazipur,12,118
U07380,610.0,10,21,DEV-2DBD,Noakhali,11,1741
U07381,6050.0,6,18,DEV-0614,Bogura,14,2478
U07382,5310.0,7,21,DEV-63FD,Jessore,14,1025
U07383,730.0,10,22,DEV-538A,Gazipur,10,800
U07384,7120.0,10,23,DEV-A374,Noakhali,4,2321
U07385,2320.0,6,19,DEV-3BCB,Dhaka,12,1154
U07386,650.0,11,22,DEV-FB12,Narayanganj,7,2307
U07387,140.0,9,21,"DEV-6C0B,DEV-B585",Gazipur,10,795
U07388,1900.0,7,17,DEV-C4BA,Narayanganj,7,485
U07389,1120.0,11,23,DEV-E24D,Mymensingh,7,1404
U07390,1550.0,12,23,DEV-80B7,Cox's Bazar,15,949
U07391,910.0,8,22,DEV-3A38,Tangail,6,1787
U07392,440.0,7,20,"DEV-84AE,DEV-6CF8",Chattogram,5,767
U07393,780.0,8,19,DEV-9BE8,Tangail,11,1907
U07394,1930.0,10,22,"DEV-3C7B,DEV-8402",Chattogram,11,904
U07395,830.0,6,16,DEV-F52A,Bogura,15,907
U07396,820.0,9,22,"DEV-B031,DEV-F51B",Gazipur,3,1783
U07397,330.0,6,16,"DEV-1B66,DEV-A75D",Noakhali,14,673
U07398,1180.0,6,19,DEV-05D6,Sylhet,13,735
U07399,450.0,9,19,"DEV-33F7,DEV-D3A7",Noakhali,5,1380
U07400,2290.0,11,21,"DEV-19DE,DEV-7A99",Barishal,13,848
U07401,610.0,12,23,DEV-11E2,Barishal,13,979
U07402,870.0,6,16,DEV-4C68,Khulna,4,866
U07403,6190.0,7,21,DEV-1FA1,Narayanganj,3,1566
U07404,860.0,8,22,DEV-744C,Barishal,11,857
U07405,770.0,10,23,DEV-A498,Mymensingh,10,1540
U07406,1750.0,12,23,DEV-A66B,Gazipur,14,608
U07407,260.0,10,21,DEV-EEB0,Gazipur,15,2239
U07408,2980.0,9,22,DEV-1F27,Rajshahi,4,2379
U07409,2430.0,6,19,DEV-6681,Noakhali,15,39
U07410,1670.0,6,17,DEV-860A,Sylhet,14,288
U07411,70.0,7,21,DEV-160E,Rajshahi,10,281
U07412,890.0,10,23,"DEV-1C57,DEV-4F71",Tangail,7,481
U07413,400.0,8,19,DEV-DC0B,Cumilla,11,1973
U07414,2700.0,7,19,"DEV-9613,DEV-8FF7",Sylhet,10,640
U07415,2550.0,10,23,"DEV-8D10,DEV-CF93",Noakhali,8,1471
U07416,1500.0,11,22,"DEV-8B7B,DEV-B893",Barishal,4,651
U07417,420.0,9,23,DEV-4F38,Chattogram,12,184
U07418,3620.0,12,23,"DEV-D0B3,DEV-0848",Narayanganj,6,237
U07419,890.0,11,23,"DEV-5780,DEV-400C",Tangail,6,2358
U07420,4650.0,11,22,"DEV-23B3,DEV-8975",Jessore,7,1408
U07421,1360.0,12,23,DEV-E43F,Tangail,3,1636
U07422,1640.0,7,19,DEV-2995,Khulna,8,494
U07423,760.0,11,22,DEV-E276,Rangpur,13,1230
U07424,3380.0,12,23,DEV-DB6B,Gazipur,12,1654
U07425,1780.0,12,23,DEV-E21D,Bogura,3,1955
U07426,3480.0,10,23,"DEV-0190,DEV-FD3F",Rangpur,7,1652
U07427,1260.0,11,23,DEV-6D73,Dhaka,11,1502
U07428,1060.0,12,23,DEV-989D,Noakhali,15,1572
U07429,1770.0,11,22,"DEV-4E0D,DEV-8332",Rajshahi,8,952
U07430,3480.0,12,23,DEV-8CD2,Tangail,15,1756
U07431,2470.0,11,23,DEV-CC1D,Cox's Bazar,3,762
U07432,1220.0,8,22,"DEV-5767,DEV-1C31",Rajshahi,14,1807
U07433,250.0,11,22,"DEV-9624,DEV-C874",Dhaka,5,1149
U07434,2100.0,8,20,DEV-0401,Gazipur,12,1455
U07435,350.0,11,23,DEV-CFED,Cumilla,4,1203
U07436,1130.0,11,23,DEV-CDB3,Cumilla,15,1433
U07437,1000.0,12,22,DEV-93C2,Sylhet,5,1788
U07438,350.0,10,23,"DEV-F2BB,DEV-634E",Tangail,7,724
U07439,1480.0,9,23,"DEV-2227,DEV-A7FD",Mymensingh,11,1198
U07440,6150.0,7,18,DEV-9C1F,Narayanganj,3,1025
U07441,850.0,10,22,DEV-EA3D,Bogura,10,75
U07442,2020.0,9,20,DEV-396B,Dhaka,6,2134
U07443,7220.0,9,21,DEV-2870,Chattogram,8,1721
U07444,2190.0,10,23,DEV-ADDB,Mymensingh,7,141
U07445,650.0,11,22,DEV-4FA4,Narayanganj,13,201
U07446,1330.0,7,18,"DEV-2F56,DEV-ABE1",Rajshahi,8,2318
U07447,1610.0,9,21,DEV-2F72,Noakhali,12,2120
U07448,3450.0,11,23,DEV-D54C,Rajshahi,3,1831
U07449,2900.0,11,23,DEV-4FA6,Narayanganj,11,1779
U07450,120.0,11,21,"DEV-A6ED,DEV-93C8",Tangail,7,2107
U07451,550.0,11,23,"DEV-9740,DEV-4DDD",Cumilla,10,1506
U07452,1040.0,11,23,DEV-15F3,Mymensingh,14,44
U07453,490.0,12,23,DEV-A3B2,Gazipur,12,1151
U07454,60.0,10,22,"DEV-6F07,DEV-FA1A",Gazipur,7,847
U07455,610.0,7,19,DEV-E3E1,Jessore,5,455
U07456,1090.0,9,20,DEV-130D,Cox's Bazar,14,2152
U07457,720.0,10,23,DEV-5C94,Dhaka,6,1647
U07458,490.0,6,16,"DEV-6A64,DEV-6189",Tangail,3,2257
U07459,1130.0,11,23,DEV-B92B,Cumilla,6,300
U07460,1440.0,9,20,DEV-5B88,Tangail,3,2439
U07461,750.0,12,23,DEV-2722,Barishal,12,1523
U07462,3290.0,7,21,DEV-5CDC,Jessore,14,1433
U07463,1150.0,12,23,DEV-C97B,Dhaka,8,482
U07464,550.0,9,19,"DEV-679D,DEV-4915",Gazipur,10,1572
U07465,450.0,10,21,"DEV-C5FA,DEV-10E3",Tangail,15,1504
U07466,920.0,10,20,DEV-747E,Gazipur,15,1763
U07467,2670.0,10,22,DEV-1A67,Noakhali,3,403
U07468,570.0,12,22,"DEV-9B69,DEV-E664",Chattogram,3,1601
U07469,1770.0,7,20,"DEV-7142,DEV-FB49",Mymensingh,7,263
U07470,1180.0,11,23,DEV-DFB2,Sylhet,6,205
U07471,5400.0,12,23,DEV-BA4D,Khulna,5,1193
U07472,1500.0,7,21,DEV-2DC2,Bogura,4,323
U07473,630.0,7,20,DEV-0866,Gazipur,13,1783
U07474,1980.0,9,22,DEV-1F76,Sylhet,5,1221
U07475,2030.0,11,22,DEV-5920,Barishal,9,618
U07476,800.0,12,23,DEV-6860,Sylhet,3,703
U07477,430.0,11,23,"DEV-35C7,DEV-F969",Narayanganj,11,1259
U07478,1680.0,11,23,"DEV-BE30,DEV-B325",Dhaka,12,1507
U07479,1150.0,9,23,"DEV-A6AF,DEV-9DC3",Mymensingh,10,2003
U07480,330.0,10,23,DEV-E1C0,Dhaka,6,1444
U07481,1340.0,7,17,DEV-63EC,Gazipur,4,1387
U07482,660.0,9,23,DEV-23F5,Narayanganj,8,1528
U07483,330.0,7,18,DEV-4B8E,Bogura,13,1504
U07484,830.0,6,16,DEV-3A95,Chattogram,4,891
U07485,3060.0,11,23,DEV-F4E1,Sylhet,13,573
U07486,2880.0,11,23,"DEV-9127,DEV-6D4A",Chattogram,14,1328
U07487,2340.0,9,19,"DEV-0699,DEV-B608",Barishal,10,337
U07488,1360.0,6,17,DEV-A589,Gazipur,13,627
U07489,1770.0,6,17,"DEV-CF78,DEV-218E",Gazipur,6,398
U07490,1190.0,6,18,DEV-A852,Sylhet,11,1240
U07491,450.0,11,23,DEV-5CA6,Cumilla,12,2432
U07492,530.0,7,20,DEV-3B8B,Dhaka,12,2191
U07493,670.0,7,17,DEV-3957,Khulna,12,243
U07494,3360.0,12,22,DEV-49B9,Barishal,5,2058
U07495,2600.0,12,23,DEV-BBA6,Khulna,14,404
U07496,460.0,11,23,DEV-05E2,Khulna,11,2279
U07497,1140.0,8,18,"DEV-F286,DEV-F828",Tangail,4,538
U07498,790.0,10,21,DEV-F7C5,Cumilla,11,341
U07499,970.0,7,17,DEV-D5AA,Sylhet,14,1976
U07500,710.0,12,23,DEV-52E2,Barishal,3,2088
U07501,3380.0,6,17,DEV-676C,Chattogram,14,1012
U07502,1080.0,11,21,DEV-2071,Tangail,7,1380
U07503,1300.0,9,23,DEV-E474,Barishal,6,1983
U07504,1310.0,11,23,"DEV-C53A,DEV-2757",Bogura,9,2136
U07505,480.0,9,21,DEV-FD7A,Sylhet,12,1064
U07506,1200.0,7,20,DEV-0AC2,Bogura,4,1968
U07507,2570.0,11,22,DEV-C474,Cox's Bazar,6,1992
U07508,3560.0,10,23,"DEV-22A2,DEV-BFEF",Rangpur,13,1988
U07509,440.0,9,21,DEV-E226,Narayanganj,6,2241
U07510,330.0,8,19,DEV-F348,Mymensingh,7,2095
U07511,1150.0,8,20,"DEV-2915,DEV-2A1C",Noakhali,11,1134
U07512,2660.0,9,21,DEV-1170,Bogura,6,807
U07513,1460.0,7,20,DEV-D275,Mymensingh,3,2466
U07514,1890.0,7,21,DEV-2F7F,Khulna,9,1132
U07515,370.0,7,18,DEV-6401,Narayanganj,4,2334
U07516,690.0,6,19,"DEV-6A41,DEV-59CB",Bogura,8,2492
U07517,190.0,12,22,DEV-7F15,Rajshahi,11,67
U07518,980.0,7,18,DEV-594B,Narayanganj,12,378
U07519,190.0,7,19,DEV-3C64,Khulna,15,1423
U07520,3180.0,7,19,DEV-634A,Dhaka,14,247
U07521,3800.0,12,23,DEV-CE42,Barishal,3,1653
U07522,1230.0,9,19,"DEV-1E33,DEV-F5B7",Barishal,9,58
U07523,330.0,8,22,DEV-68EE,Rajshahi,3,2112
U07524,1480.0,8,20,"DEV-4A73,DEV-71E1",Bogura,13,1087
U07525,4850.0,6,18,"DEV-EE5A,DEV-CF20",Rangpur,3,1693
U07526,1600.0,8,21,DEV-D162,Sylhet,13,1178
U07527,2830.0,7,20,"DEV-386A,DEV-E2D1",Bogura,3,1729
U07528,740.0,11,23,"DEV-B4C5,DEV-0F48",Chattogram,4,1710
U07529,550.0,6,18,DEV-6D55,Barishal,15,745
U07530,1040.0,8,19,DEV-D582,Gazipur,5,2006
U07531,230.0,11,23,DEV-8850,Rangpur,9,2056
U07532,6710.0,11,22,DEV-95FE,Dhaka,9,823
U07533,1230.0,9,22,"DEV-5FEC,DEV-09CB",Noakhali,11,186
U07534,2190.0,7,19,DEV-E2AF,Dhaka,15,1136
U07535,760.0,8,19,DEV-C0EE,Khulna,8,1653
U07536,320.0,7,19,DEV-4588,Mymensingh,10,1952
U07537,3430.0,10,23,DEV-3DE0,Rajshahi,15,528
U07538,450.0,8,20,"DEV-84A2,DEV-CC0C",Narayanganj,4,1215
U07539,1450.0,10,21,"DEV-1639,DEV-A040",Narayanganj,9,1920
U07540,1560.0,10,22,"DEV-D8D0,DEV-7E08",Noakhali,6,1328
U07541,1160.0,12,23,DEV-0D8A,Gazipur,15,1981
U07542,590.0,8,18,DEV-05FC,Bogura,10,1694
U07543,970.0,12,23,"DEV-297F,DEV-E3C0",Cumilla,11,461
U07544,510.0,8,18,DEV-7539,Dhaka,5,550
U07545,2100.0,10,23,DEV-25C6,Rajshahi,15,1990
U07546,1730.0,10,23,DEV-E7A5,Chattogram,3,1767
U07547,1080.0,11,21,DEV-D466,Jessore,9,2098
U07548,700.0,9,21,DEV-259E,Jessore,12,756
U07549,5920.0,11,23,DEV-B02A,Narayanganj,14,160
U07550,390.0,8,22,DEV-54A7,Jessore,6,616
U07551,320.0,9,19,"DEV-11CF,DEV-0FDF",Bogura,7,1092
U07552,1030.0,9,20,DEV-8ACE,Mymensingh,3,330
U07553,890.0,10,20,DEV-D7EE,Chattogram,11,505
U07554,2640.0,10,21,"DEV-F634,DEV-B495",Gazipur,5,387
U07555,1840.0,6,20,DEV-EC3C,Gazipur,11,342
U07556,1120.0,11,23,DEV-3C58,Noakhali,4,974
U07557,1640.0,11,22,"DEV-2573,DEV-1C51",Sylhet,9,2014
U07558,1610.0,6,17,"DEV-2C55,DEV-C0FA",Barishal,9,966
U07559,5900.0,12,23,DEV-2754,Khulna,9,754
U07560,1340.0,10,22,"DEV-6EB3,DEV-C193",Tangail,7,1384
U07561,640.0,6,18,DEV-ED49,Gazipur,5,1620
U07562,1290.0,9,21,DEV-2927,Jessore,13,892
U07563,130.0,11,23,DEV-2FC4,Chattogram,14,39
U07564,1070.0,7,19,DEV-1088,Tangail,6,765
U07565,2630.0,12,23,DEV-1CB9,Rangpur,8,226
U07566,1780.0,8,22,DEV-63EC,Cumilla,4,387
U07567,1390.0,7,18,"DEV-5083,DEV-F785",Rajshahi,4,1537
U07568,1840.0,8,21,DEV-71BE,Bogura,7,472
U07569,2650.0,9,23,DEV-4EE9,Rajshahi,12,944
U07570,3430.0,10,21,"DEV-7821,DEV-B966",Chattogram,11,999
U07571,1570.0,12,23,"DEV-566C,DEV-24DA",Cumilla,12,2202
U07572,850.0,7,17,DEV-6BB5,Cox's Bazar,4,409
U07573,170.0,12,23,"DEV-9F02,DEV-50FB",Sylhet,3,233
U07574,2400.0,9,22,"DEV-94C6,DEV-530C",Khulna,6,1351
U07575,1660.0,6,19,DEV-E776,Gazipur,7,1570
U07576,1240.0,12,23,DEV-E33E,Dhaka,9,1270
U07577,630.0,8,21,DEV-B76F,Cumilla,10,1766
U07578,2370.0,10,20,DEV-D669,Noakhali,5,2163
U07579,890.0,10,23,DEV-1EEB,Barishal,13,1539
U07580,1070.0,6,18,DEV-A737,Rajshahi,12,1357
U07581,1050.0,7,21,"DEV-67A0,DEV-C706",Barishal,7,1711
U07582,1570.0,10,23,DEV-0024,Noakhali,11,558
U07583,440.0,8,20,DEV-3010,Cox's Bazar,6,645
U07584,1720.0,6,19,"DEV-3DB1,DEV-8EA0",Sylhet,3,944
U07585,620.0,6,20,"DEV-F8A7,DEV-E570",Noakhali,12,1924
U07586,630.0,11,22,"DEV-74AB,DEV-004A",Jessore,4,2134
U07587,2230.0,7,17,DEV-DE18,Dhaka,5,1400
U07588,490.0,6,18,DEV-928C,Cox's Bazar,6,1561
U07589,2220.0,9,20,DEV-0613,Narayanganj,14,1976
U07590,1190.0,6,19,DEV-A527,Jessore,10,628
U07591,290.0,10,23,DEV-E14A,Cox's Bazar,13,330
U07592,3270.0,9,21,"DEV-DEEF,DEV-E3AE",Rangpur,14,1873
U07593,1410.0,10,21,DEV-F9BF,Sylhet,14,343
U07594,1500.0,9,21,DEV-A746,Noakhali,10,419
U07595,2450.0,11,23,DEV-9CC6,Khulna,7,1006
U07596,3640.0,10,20,DEV-1DC2,Jessore,8,1970
U07597,1290.0,8,21,DEV-A1DF,Mymensingh,5,992
U07598,1800.0,6,17,"DEV-E041,DEV-D01E",Sylhet,10,323
U07599,1480.0,7,19,DEV-E65C,Barishal,10,347
U07600,830.0,6,20,"DEV-2B88,DEV-3377",Narayanganj,15,655
U07601,310.0,6,16,DEV-DBB6,Dhaka,5,230
U07602,1300.0,7,19,DEV-F0AD,Bogura,12,840
U07603,3300.0,7,17,"DEV-86AF,DEV-E18B",Narayanganj,6,229
U07604,1750.0,6,18,DEV-AE9D,Barishal,4,2118
U07605,470.0,8,19,DEV-3472,Chattogram,8,159
U07606,2640.0,9,23,DEV-81B7,Mymensingh,15,518
U07607,860.0,7,18,DEV-64D1,Gazipur,9,111
U07608,210.0,7,20,DEV-CA3B,Narayanganj,5,750
U07609,2480.0,6,16,DEV-5630,Gazipur,7,2025
U07610,510.0,6,18,DEV-2CEE,Cox's Bazar,12,1455
U07611,4560.0,7,21,DEV-7F8B,Rangpur,6,2339
U07612,2750.0,9,22,DEV-7EA1,Mymensingh,6,1553
U07613,910.0,10,21,"DEV-E394,DEV-0217",Rajshahi,6,1081
U07614,1580.0,11,23,"DEV-DFD4,DEV-3610",Noakhali,4,2397
U07615,7620.0,10,23,DEV-2CF8,Chattogram,11,491
U07616,2440.0,10,22,DEV-6B0F,Rajshahi,7,308
U07617,1330.0,12,23,DEV-8D16,Chattogram,6,841
U07618,11060.0,7,17,DEV-EDFF,Bogura,7,2326
U07619,1200.0,11,22,DEV-88B5,Tangail,12,2051
U07620,1750.0,12,23,"DEV-2538,DEV-734C",Jessore,14,1356
U07621,520.0,9,23,DEV-EBA9,Gazipur,12,2325
U07622,290.0,11,23,DEV-B6F6,Jessore,10,1626
U07623,870.0,6,16,DEV-37BE,Cumilla,12,619
U07624,1130.0,12,23,"DEV-A55D,DEV-BBD2",Sylhet,5,43
U07625,1430.0,9,22,DEV-466D,Rangpur,14,105
U07626,350.0,7,17,DEV-872A,Khulna,10,2127
U07627,1860.0,6,20,"DEV-5921,DEV-2E57",Gazipur,15,792
U07628,560.0,11,23,DEV-E36B,Barishal,6,1072
U07629,1780.0,9,23,DEV-520E,Narayanganj,4,981
U07630,2320.0,8,22,DEV-5365,Bogura,12,248
U07631,800.0,8,19,DEV-19FA,Chattogram,7,37
U07632,510.0,12,23,DEV-71AF,Jessore,5,1825
U07633,3770.0,8,19,DEV-A4CB,Tangail,13,1713
U07634,2200.0,6,16,DEV-F90E,Bogura,9,586
U07635,1240.0,7,18,DEV-C692,Rangpur,13,337
U07636,3550.0,7,20,"DEV-DB75,DEV-FCBA",Khulna,6,1304
U07637,1170.0,10,23,"DEV-B2EE,DEV-DB72",Barishal,3,232
U07638,670.0,11,23,"DEV-4DD4,DEV-B711",Barishal,8,746
U07639,490.0,11,22,"DEV-A0F5,DEV-7392",Cox's Bazar,15,1806
U07640,1010.0,10,23,"DEV-A45A,DEV-B88B",Gazipur,10,458
U07641,2030.0,11,23,DEV-695B,Rangpur,14,1933
U07642,3330.0,8,20,DEV-D7AF,Barishal,13,2213
U07643,1120.0,10,21,DEV-093F,Cumilla,14,484
U07644,2890.0,6,16,DEV-52F7,Rajshahi,8,1674
U07645,920.0,9,20,DEV-5DD4,Khulna,5,1928
U07646,590.0,9,23,DEV-D499,Dhaka,14,1313
U07647,390.0,6,18,DEV-8214,Khulna,9,764
U07648,730.0,9,19,DEV-EED2,Gazipur,7,2459
U07649,400.0,11,22,"DEV-F33B,DEV-7562",Rajshahi,8,791
U07650,5470.0,8,20,DEV-BA3C,Cumilla,13,641
U07651,1560.0,9,21,DEV-3F07,Jessore,7,332
U07652,1020.0,8,21,DEV-1BA0,Tangail,13,2268
U07653,4350.0,7,19,DEV-7DB8,Chattogram,5,589
U07654,390.0,6,16,DEV-4D29,Cumilla,7,359
U07655,980.0,8,20,DEV-BB16,Gazipur,4,125
U07656,5430.0,11,21,DEV-858C,Khulna,14,748
U07657,980.0,12,23,DEV-22B4,Sylhet,14,1689
U07658,7770.0,10,22,DEV-737B,Khulna,5,1718
U07659,2060.0,10,21,"DEV-66DB,DEV-014F",Chattogram,9,2132
U07660,3120.0,10,23,"DEV-8B81,DEV-EF61",Noakhali,13,1680
U07661,3190.0,9,22,DEV-E58C,Tangail,10,149
U07662,1100.0,8,19,DEV-E76E,Cox's Bazar,11,2111
U07663,740.0,10,22,DEV-E4D6,Khulna,6,660
U07664,1000.0,11,23,"DEV-EC79,DEV-18F7",Mymensingh,3,2393
U07665,500.0,8,20,DEV-6DB5,Dhaka,15,885
U07666,1040.0,9,21,"DEV-8B89,DEV-D557",Rangpur,14,70
U07667,1090.0,9,20,"DEV-5F86,DEV-B561",Rangpur,15,999
U07668,4240.0,7,17,DEV-C7F9,Bogura,3,1141
U07669,1760.0,8,18,DEV-8301,Jessore,11,2065
U07670,7260.0,6,16,DEV-3DBD,Dhaka,6,1394
U07671,190.0,9,23,DEV-13BE,Rajshahi,7,135
U07672,410.0,10,20,DEV-71DF,Khulna,8,148
U07673,830.0,10,23,"DEV-2AF8,DEV-A4E2",Khulna,6,1546
U07674,3620.0,12,23,DEV-3CFC,Barishal,10,237
U07675,1000.0,6,17,DEV-E074,Bogura,10,1344
U07676,340.0,11,23,DEV-E559,Rangpur,15,2245
U07677,900.0,11,22,"DEV-D616,DEV-AA54",Narayanganj,13,2101
U07678,420.0,9,20,DEV-1D9D,Mymensingh,12,1590
U07679,360.0,7,18,DEV-FBA6,Rangpur,15,785
U07680,5430.0,8,19,DEV-10DD,Narayanganj,8,1302
U07681,830.0,10,23,DEV-9101,Mymensingh,3,281
U07682,1260.0,12,23,"DEV-CDE1,DEV-15AF",Barishal,14,1856
U07683,1020.0,10,20,"DEV-7F36,DEV-7A4E",Jessore,7,352
U07684,900.0,9,20,"DEV-3271,DEV-1C9D",Rajshahi,8,157
U07685,560.0,10,23,"DEV-E8EF,DEV-E6BE",Cox's Bazar,8,1587
U07686,860.0,6,20,DEV-1801,Barishal,14,1444
U07687,1440.0,10,20,DEV-4747,Tangail,7,1378
U07688,3410.0,6,18,DEV-6469,Chattogram,11,1204
U07689,2340.0,12,23,DEV-3280,Gazipur,11,1492
U07690,410.0,12,22,DEV-1106,Narayanganj,10,1118
U07691,2420.0,9,19,"DEV-82F9,DEV-7128",Noakhali,10,368
U07692,1600.0,8,19,DEV-CE9C,Barishal,3,1437
U07693,670.0,11,22,DEV-4BE9,Mymensingh,14,134
U07694,1270.0,10,23,DEV-82A5,Dhaka,7,187
U07695,1730.0,10,21,"DEV-5060,DEV-09C8",Sylhet,5,1429
U07696,1140.0,9,20,"DEV-BA43,DEV-BE31",Sylhet,5,1768
U07697,1610.0,7,18,DEV-A9FA,Cox's Bazar,8,230
U07698,550.0,6,17,"DEV-08B8,DEV-B24D",Chattogram,11,959
U07699,5400.0,7,21,"DEV-9AB7,DEV-70E4",Noakhali,10,2326
U07700,230.0,9,19,DEV-9DEE,Sylhet,13,1959
U07701,1740.0,8,20,"DEV-1C5D,DEV-3561",Jessore,13,2014
U07702,1470.0,9,22,DEV-2109,Cumilla,7,1650
U07703,1830.0,7,17,DEV-7252,Dhaka,13,474
U07704,620.0,12,22,DEV-E52E,Mymensingh,11,987
U07705,2790.0,8,22,DEV-0195,Gazipur,14,1506
U07706,1010.0,11,22,DEV-7234,Gazipur,3,1676
U07707,420.0,8,19,DEV-489E,Cox's Bazar,9,356
U07708,460.0,9,20,DEV-F000,Narayanganj,11,2427
U07709,1210.0,10,20,DEV-9E8D,Tangail,6,2342
U07710,310.0,7,17,DEV-38D3,Sylhet,11,120
U07711,4630.0,7,17,DEV-48BF,Cumilla,12,1485
U07712,2540.0,8,20,DEV-94AE,Khulna,4,383
U07713,4730.0,11,23,DEV-0C31,Cumilla,15,814
U07714,4350.0,7,18,"DEV-1131,DEV-AC9B",Cox's Bazar,15,2219
U07715,830.0,9,23,"DEV-CD64,DEV-BE0C",Rangpur,6,1710
U07716,550.0,10,21,DEV-2BF8,Bogura,5,900
U07717,130.0,10,20,"DEV-DCEB,DEV-398C",Chattogram,5,36
U07718,790.0,9,19,DEV-E022,Narayanganj,3,2095
U07719,4500.0,6,19,"DEV-4BBE,DEV-7F0E",Rangpur,3,741
U07720,570.0,6,18,DEV-F508,Khulna,7,1525
U07721,930.0,9,20,DEV-6848,Tangail,11,608
U07722,700.0,11,22,DEV-AAF2,Bogura,11,1980
U07723,1480.0,6,17,DEV-95FA,Cumilla,10,885
U07724,3070.0,12,23,DEV-1329,Khulna,11,1857
U07725,320.0,10,23,DEV-CAEB,Bogura,4,240
U07726,370.0,6,19,DEV-5BBF,Rajshahi,15,1550
U07727,3600.0,8,21,DEV-79AE,Barishal,5,2420
U07728,1970.0,7,17,"DEV-4DF2,DEV-FEC2",Jessore,7,1199
U07729,890.0,12,23,DEV-8CF9,Cumilla,11,1185
U07730,4300.0,9,22,"DEV-A333,DEV-85D8",Chattogram,4,1725
U07731,370.0,8,19,DEV-4EDF,Rajshahi,8,2145
U07732,2310.0,7,19,"DEV-960E,DEV-CB2F",Narayanganj,15,2033
U07733,1040.0,9,19,DEV-1852,Barishal,6,176
U07734,1780.0,6,20,"DEV-2698,DEV-2A22",Noakhali,11,761
U07735,160.0,7,20,"DEV-EF8E,DEV-939C",Jessore,10,2116
U07736,890.0,7,20,"DEV-5720,DEV-32E8",Bogura,4,2437
U07737,1980.0,10,22,"DEV-AF5E,DEV-8658",Barishal,3,1642
U07738,1040.0,10,23,DEV-A013,Cox's Bazar,4,41
U07739,2990.0,9,21,"DEV-B723,DEV-188B",Cox's Bazar,3,1706
U07740,2910.0,6,20,DEV-ADEF,Jessore,9,2368
U07741,510.0,8,19,DEV-B8BB,Chattogram,6,2021
U07742,2120.0,11,23,"DEV-46EA,DEV-4FD3",Cumilla,10,1817
U07743,500.0,7,20,DEV-978E,Tangail,6,1329
U07744,1150.0,7,21,DEV-6194,Chattogram,7,2258
U07745,1850.0,6,16,"DEV-EE48,DEV-18B5",Barishal,4,1596
U07746,560.0,11,23,DEV-2B41,Mymensingh,13,1292
U07747,2060.0,6,19,DEV-CF60,Rajshahi,4,2252
U07748,730.0,10,23,DEV-AE57,Bogura,14,38
U07749,690.0,12,23,"DEV-DC39,DEV-0619",Chattogram,5,339
U07750,1930.0,10,23,"DEV-225F,DEV-D639",Narayanganj,15,2108
U07751,560.0,8,19,DEV-D006,Cumilla,12,167
U07752,540.0,7,21,DEV-D367,Gazipur,13,2247
U07753,2520.0,6,18,DEV-E5E2,Khulna,13,2457
U07754,1200.0,7,21,DEV-3B02,Khulna,8,674
U07755,340.0,12,23,DEV-18E8,Cox's Bazar,5,2207
U07756,2170.0,7,19,"DEV-4BDB,DEV-FF56",Khulna,11,1380
U07757,790.0,6,18,DEV-8449,Jessore,11,1299
U07758,360.0,11,23,DEV-012A,Chattogram,13,2309
U07759,150.0,8,22,DEV-BE57,Dhaka,6,1958
U07760,2260.0,8,20,DEV-D7A7,Rajshahi,13,2226
U07761,550.0,11,23,DEV-1F54,Sylhet,14,2208
U07762,410.0,9,19,DEV-8EEB,Cox's Bazar,12,1824
U07763,1830.0,12,22,DEV-BEAF,Khulna,6,1183
U07764,2090.0,9,22,"DEV-F50F,DEV-9B6C",Khulna,6,487
U07765,580.0,10,21,DEV-568D,Noakhali,4,271
U07766,2280.0,12,23,DEV-E8FB,Noakhali,13,654
U07767,5680.0,9,22,"DEV-5C60,DEV-A21F",Jessore,8,1217
U07768,3220.0,7,18,DEV-D722,Khulna,6,369
U07769,2840.0,12,23,DEV-87C7,Narayanganj,5,897
U07770,1410.0,7,17,DEV-B5EE,Dhaka,9,1992
U07771,770.0,6,19,DEV-D77B,Dhaka,5,87
U07772,1050.0,10,22,DEV-99BA,Noakhali,13,791
U07773,1560.0,12,22,DEV-6B8F,Gazipur,7,2398
U07774,400.0,6,18,DEV-A4F5,Rajshahi,8,830
U07775,590.0,11,21,DEV-66AB,Barishal,11,1797
U07776,350.0,11,23,DEV-AEC0,Barishal,12,1534
U07777,1320.0,12,23,DEV-14DA,Chattogram,4,1970
U07778,1170.0,8,19,DEV-0C3F,Barishal,3,1831
U07779,650.0,7,21,"DEV-7990,DEV-1E26",Narayanganj,6,1503
U07780,2110.0,9,22,DEV-BB11,Sylhet,12,2429
U07781,480.0,6,19,DEV-2E66,Noakhali,14,694
U07782,630.0,11,23,DEV-7FDF,Khulna,15,721
U07783,2050.0,10,22,DEV-2D41,Rajshahi,6,1474
U07784,2310.0,9,19,DEV-EBFD,Dhaka,12,1795
U07785,580.0,9,20,DEV-D7C7,Tangail,5,1710
U07786,1320.0,10,23,DEV-006B,Rangpur,5,2392
U07787,590.0,9,23,DEV-64FE,Jessore,9,1505
U07788,940.0,11,23,"DEV-F12F,DEV-7D4A",Rajshahi,4,1911
U07789,1230.0,12,23,DEV-D81C,Cumilla,3,344
U07790,1720.0,12,23,"DEV-16E2,DEV-6DDE",Cumilla,15,124
U07791,1410.0,10,21,DEV-DEDE,Dhaka,13,2039
U07792,1360.0,11,23,DEV-31DC,Cox's Bazar,11,1134
U07793,460.0,8,21,DEV-02A0,Barishal,5,764
U07794,1500.0,6,16,DEV-BC00,Sylhet,3,1883
U07795,1700.0,8,22,"DEV-1552,DEV-4CFD",Bogura,4,1009
U07796,1900.0,12,23,DEV-CFE5,Gazipur,8,103
U07797,620.0,6,17,DEV-E44D,Khulna,13,1390
U07798,2280.0,9,21,DEV-216E,Rajshahi,10,339
U07799,380.0,7,18,DEV-7F36,Cox's Bazar,13,2444
U07800,780.0,9,20,"DEV-CB18,DEV-642F",Jessore,14,840
U07801,880.0,7,19,DEV-59B4,Jessore,12,801
U07802,400.0,11,23,"DEV-8B0F,DEV-C6AD",Cumilla,4,2113
U07803,870.0,11,23,"DEV-0A53,DEV-0CE4",Barishal,6,133
U07804,1310.0,11,22,DEV-1B4D,Tangail,7,1703
U07805,250.0,10,23,DEV-575C,Dhaka,9,2431
U07806,800.0,7,18,DEV-472A,Mymensingh,13,104
U07807,270.0,9,21,DEV-7B34,Sylhet,15,2394
U07808,5620.0,6,17,DEV-4D02,Bogura,15,1554
U07809,1300.0,8,19,"DEV-A02D,DEV-525A",Khulna,9,519
U07810,1210.0,9,20,"DEV-D611,DEV-4F46",Bogura,15,2136
U07811,1320.0,10,21,DEV-3E95,Cumilla,15,2077
U07812,1780.0,6,20,"DEV-DC38,DEV-A8AC",Cox's Bazar,5,2455
U07813,2400.0,11,23,"DEV-0C48,DEV-26DA",Noakhali,11,2301
U07814,310.0,9,22,DEV-0C73,Mymensingh,8,1538
U07815,3130.0,12,22,"DEV-CB8F,DEV-A0A9",Rajshahi,13,62
U07816,2970.0,9,19,DEV-EEE6,Gazipur,14,1875
U07817,1040.0,9,20,DEV-5403,Narayanganj,5,1894
U07818,1000.0,10,23,DEV-0C1A,Rajshahi,10,1939
U07819,90.0,11,21,DEV-7579,Jessore,15,474
U07820,410.0,7,20,"DEV-1471,DEV-2501",Tangail,11,1843
U07821,1660.0,9,23,DEV-C99B,Rangpur,14,2073
U07822,2870.0,6,17,"DEV-60FB,DEV-E155",Tangail,12,214
U07823,1960.0,9,19,DEV-8384,Narayanganj,13,81
U07824,1030.0,11,21,DEV-A5F0,Bogura,14,236
U07825,5120.0,12,22,DEV-D588,Barishal,15,1737
U07826,2450.0,7,21,DEV-760F,Gazipur,5,773
U07827,800.0,8,21,DEV-51E0,Bogura,13,2047
U07828,6280.0,9,22,DEV-C4E0,Cox's Bazar,7,2394
U07829,460.0,8,18,DEV-D4A5,Khulna,10,118
U07830,340.0,7,21,DEV-4CB9,Cumilla,11,1854
U07831,780.0,8,21,DEV-D2B1,Cumilla,11,1899
U07832,600.0,8,22,DEV-FDE2,Rangpur,5,215
U07833,820.0,9,20,DEV-319C,Bogura,13,323
U07834,2080.0,12,22,DEV-D915,Narayanganj,12,2019
U07835,1070.0,9,23,"DEV-163F,DEV-E31A",Mymensingh,12,225
U07836,1090.0,8,18,DEV-E417,Bogura,11,521
U07837,1150.0,10,20,"DEV-DAD8,DEV-5949",Dhaka,10,2304
U07838,170.0,11,21,DEV-EED0,Rajshahi,6,1826
U07839,330.0,9,19,DEV-8DCD,Narayanganj,10,2309
U07840,810.0,9,21,"DEV-1082,DEV-D970",Jessore,6,706
U07841,560.0,7,18,"DEV-E89A,DEV-4D9B",Mymensingh,14,1860
U07842,910.0,12,23,DEV-3FA4,Barishal,3,1535
U07843,3370.0,12,23,DEV-91B2,Narayanganj,3,2228
U07844,1030.0,7,17,DEV-5BF2,Khulna,12,587
U07845,380.0,8,22,DEV-A39A,Tangail,12,71
U07846,580.0,7,17,"DEV-5EDD,DEV-37B9",Tangail,10,1016
U07847,4310.0,12,23,DEV-3B80,Gazipur,10,1293
U07848,3740.0,6,19,DEV-A85E,Khulna,3,1448
U07849,1770.0,7,18,DEV-703C,Bogura,13,2182
U07850,310.0,8,18,DEV-03EA,Cumilla,14,1724
U07851,1400.0,9,19,DEV-8169,Tangail,5,2235
U07852,1490.0,7,20,DEV-C9B0,Khulna,3,1832
U07853,1120.0,9,20,"DEV-260E,DEV-3E80",Sylhet,9,936
U07854,700.0,11,22,DEV-5C09,Tangail,6,2046
U07855,820.0,11,22,DEV-ED57,Rangpur,4,831
U07856,660.0,6,20,DEV-591F,Dhaka,4,2037
U07857,440.0,6,20,DEV-D676,Chattogram,11,1758
U07858,3270.0,6,20,DEV-ACB6,Tangail,7,576
U07859,2220.0,12,22,DEV-FDF4,Rangpur,12,178
U07860,870.0,10,21,"DEV-94AD,DEV-5124",Noakhali,7,2219
U07861,1450.0,9,23,"DEV-B752,DEV-1720",Tangail,11,1957
U07862,1500.0,11,23,"DEV-C8AF,DEV-3BE8",Bogura,6,154
U07863,7150.0,10,20,"DEV-AAC0,DEV-947B",Tangail,10,646
U07864,2200.0,7,18,DEV-3DC1,Tangail,12,1221
U07865,2140.0,9,23,DEV-7B35,Rajshahi,7,1318
U07866,1130.0,10,23,DEV-808A,Mymensingh,14,962
U07867,770.0,6,18,"DEV-C45C,DEV-7770",Noakhali,11,505
U07868,3310.0,10,20,DEV-0EE4,Tangail,5,1678
U07869,1850.0,9,19,DEV-12F4,Noakhali,14,1843
U07870,560.0,6,17,DEV-AA20,Jessore,9,1611
U07871,1580.0,7,20,DEV-E4FB,Sylhet,12,2392
U07872,2140.0,9,23,DEV-6F69,Rajshahi,7,1001
U07873,210.0,8,19,DEV-1768,Noakhali,3,1365
U07874,520.0,8,22,DEV-2BC6,Gazipur,10,814
U07875,1470.0,10,23,DEV-F9F7,Gazipur,9,2378
U07876,240.0,8,22,"DEV-B40B,DEV-0820",Jessore,12,1064
U07877,270.0,9,22,DEV-426B,Tangail,12,1023
U07878,880.0,11,23,DEV-BACB,Rajshahi,11,1866
U07879,1620.0,6,20,DEV-A1AF,Noakhali,9,737
U07880,1690.0,8,21,DEV-499E,Sylhet,3,929
U07881,3890.0,6,20,"DEV-B22C,DEV-E79A",Barishal,10,2101
U07882,1170.0,12,23,DEV-E66E,Tangail,15,83
U07883,810.0,7,18,"DEV-D2F2,DEV-5AB2",Rajshahi,14,123
U07884,390.0,11,23,DEV-0667,Cox's Bazar,4,2169
U07885,810.0,7,19,DEV-6406,Tangail,14,724
U07886,1930.0,8,19,"DEV-059E,DEV-91F5",Bogura,4,1958
U07887,2000.0,10,23,DEV-9A6A,Chattogram,4,1735
U07888,1360.0,11,23,"DEV-577F,DEV-264B",Tangail,3,523
U07889,1700.0,7,18,DEV-8653,Khulna,9,496
U07890,3040.0,7,18,DEV-039F,Cumilla,5,2459
U07891,1160.0,12,23,DEV-46BD,Khulna,11,2229
U07892,3270.0,8,19,DEV-F7BE,Khulna,9,665
U07893,610.0,7,18,"DEV-EA06,DEV-A202",Rajshahi,14,1220
U07894,1030.0,11,22,DEV-5FBE,Mymensingh,5,2159
U07895,750.0,6,19,DEV-02C5,Chattogram,6,637
U07896,2070.0,12,23,DEV-A669,Mymensingh,9,1663
U07897,490.0,12,23,DEV-7D92,Cumilla,4,946
U07898,850.0,11,21,DEV-B6A3,Jessore,8,2208
U07899,250.0,8,18,"DEV-2854,DEV-D48E",Tangail,10,730
U07900,1760.0,6,19,DEV-CE1F,Khulna,11,1099
U07901,2970.0,8,22,DEV-6D9D,Jessore,9,1761
U07902,2270.0,8,19,DEV-0757,Sylhet,4,1688
U07903,2100.0,12,23,DEV-7763,Noakhali,6,301
U07904,2150.0,10,23,DEV-5EF3,Barishal,3,245
U07905,1920.0,12,23,"DEV-C2CD,DEV-3CEF",Barishal,15,2138
U07906,1790.0,11,23,DEV-049C,Chattogram,10,1911
U07907,1890.0,11,21,"DEV-FB19,DEV-3DC4",Mymensingh,7,397
U07908,650.0,6,17,DEV-13FF,Jessore,6,1631
U07909,930.0,6,19,DEV-DB65,Barishal,3,727
U07910,1160.0,6,20,"DEV-B849,DEV-44CB",Gazipur,9,1033
U07911,840.0,10,21,"DEV-7A5F,DEV-B034",Mymensingh,3,1577
U07912,310.0,7,21,"DEV-D104,DEV-5F73",Mymensingh,12,1606
U07913,410.0,12,23,DEV-36D8,Noakhali,5,904
U07914,1320.0,6,17,"DEV-03C4,DEV-DAF3",Tangail,4,2082
U07915,2260.0,12,23,"DEV-D06F,DEV-F34A",Narayanganj,4,1289
U07916,1100.0,10,23,"DEV-BF65,DEV-368E",Cumilla,3,2038
U07917,10020.0,6,17,DEV-3D83,Tangail,8,1435
U07918,530.0,6,16,"DEV-3E24,DEV-754E",Chattogram,3,910
U07919,1570.0,8,19,DEV-F6B1,Cox's Bazar,4,669
U07920,3080.0,8,21,"DEV-B0DF,DEV-6F22",Gazipur,5,62
U07921,2570.0,8,18,DEV-BCCF,Rajshahi,10,1350
U07922,1850.0,9,20,"DEV-D5D1,DEV-674D",Gazipur,5,1404
U07923,2580.0,6,17,"DEV-D7A8,DEV-04B3",Tangail,8,2350
U07924,1150.0,6,16,DEV-4F93,Barishal,8,672
U07925,4150.0,10,22,DEV-2B7B,Cox's Bazar,10,36
U07926,3060.0,12,23,DEV-2DC4,Dhaka,3,2239
U07927,550.0,7,17,"DEV-33E9,DEV-5DD4",Dhaka,15,1502
U07928,1420.0,12,23,"DEV-B98C,DEV-9786",Barishal,4,152
U07929,320.0,8,22,"DEV-70EA,DEV-7F40",Dhaka,15,820
U07930,3700.0,8,22,"DEV-2EE9,DEV-BC9D",Barishal,6,2426
U07931,1310.0,6,19,DEV-C149,Bogura,8,2159
U07932,3230.0,8,20,DEV-8C7E,Khulna,3,1396
U07933,1000.0,9,20,DEV-D075,Jessore,7,268
U07934,250.0,10,23,"DEV-CE35,DEV-CDE9",Chattogram,14,1636
U07935,9040.0,7,19,DEV-1A9B,Narayanganj,11,179
U07936,1220.0,7,19,"DEV-160A,DEV-7068",Gazipur,11,997
U07937,490.0,9,20,"DEV-0E94,DEV-041C",Khulna,7,1030
U07938,2740.0,6,17,DEV-217D,Rajshahi,15,1948
U07939,5590.0,7,18,"DEV-1EED,DEV-536A",Barishal,13,1694
U07940,930.0,10,23,DEV-54DD,Gazipur,6,1212
U07941,1010.0,12,23,DEV-D1CF,Khulna,10,45
U07942,1330.0,10,21,DEV-E6C8,Jessore,8,75
U07943,450.0,7,17,DEV-2B93,Chattogram,5,2033
U07944,630.0,12,23,DEV-6151,Jessore,11,1638
U07945,4560.0,9,20,DEV-821B,Narayanganj,8,861
U07946,990.0,11,22,DEV-4601,Noakhali,4,1883
U07947,560.0,7,17,DEV-54B1,Noakhali,14,2303
U07948,760.0,10,23,DEV-ABB8,Khulna,10,62
U07949,2590.0,6,16,DEV-6CE8,Chattogram,10,2267
U07950,230.0,10,20,"DEV-B415,DEV-1329",Rajshahi,15,642
U07951,1340.0,7,20,DEV-7B37,Rangpur,12,1916
U07952,7860.0,12,23,DEV-4F82,Sylhet,15,1487
U07953,5570.0,6,20,"DEV-49DC,DEV-77E8",Mymensingh,12,1850
U07954,1730.0,10,22,"DEV-4D43,DEV-C219",Noakhali,5,320
U07955,3140.0,6,19,DEV-2F7F,Tangail,9,1514
U07956,3120.0,10,23,"DEV-E4A0,DEV-5CD2",Rajshahi,9,2417
U07957,990.0,9,23,DEV-86E4,Tangail,6,1992
U07958,2300.0,12,23,"DEV-2B12,DEV-EB51",Narayanganj,7,2001
U07959,4590.0,10,22,DEV-A495,Tangail,10,469
U07960,400.0,8,22,DEV-C50D,Gazipur,8,710
U07961,1740.0,6,17,DEV-E509,Barishal,4,2048
U07962,1460.0,10,23,"DEV-FEDF,DEV-4116",Mymensingh,10,1025
U07963,1190.0,9,23,DEV-5435,Dhaka,10,1426
U07964,1110.0,6,17,DEV-3E01,Khulna,13,443
U07965,1320.0,10,20,DEV-8066,Cumilla,4,1961
U07966,1410.0,7,20,"DEV-E5EC,DEV-BCFD",Noakhali,8,1131
U07967,2680.0,7,17,DEV-916A,Khulna,14,1249
U07968,1610.0,6,16,DEV-793B,Chattogram,6,2381
U07969,950.0,8,22,DEV-BAD1,Dhaka,12,1588
U07970,560.0,7,19,"DEV-77A2,DEV-E39D",Dhaka,7,1118
U07971,750.0,6,19,DEV-8F27,Dhaka,5,873
U07972,1350.0,9,23,"DEV-AA3A,DEV-ADE9",Khulna,12,1514
U07973,620.0,7,21,DEV-BE11,Sylhet,13,1078
U07974,2340.0,6,20,DEV-7A5E,Narayanganj,14,587
U07975,1550.0,9,19,DEV-630E,Rajshahi,12,930
U07976,2740.0,6,17,DEV-6A39,Rajshahi,6,738
U07977,660.0,12,23,DEV-F02A,Rangpur,12,1859
U07978,560.0,9,19,DEV-1C15,Khulna,3,1271
U07979,2720.0,12,23,"DEV-B432,DEV-F5E0",Cox's Bazar,7,525
U07980,1220.0,12,23,DEV-125A,Sylhet,5,400
U07981,930.0,12,23,DEV-9E2A,Rajshahi,9,2328
U07982,1920.0,9,19,DEV-985F,Rajshahi,11,2225
U07983,1860.0,8,22,DEV-5596,Dhaka,10,2078
U07984,400.0,11,23,DEV-183B,Bogura,5,1845
U07985,3320.0,6,18,DEV-AD78,Barishal,7,2158
U07986,790.0,11,23,DEV-85A9,Rajshahi,4,1628
U07987,4270.0,8,21,DEV-C06F,Sylhet,10,2287
U07988,380.0,6,18,"DEV-16A7,DEV-EF46",Barishal,12,2298
U07989,1410.0,7,21,DEV-A092,Cox's Bazar,6,1106
U07990,950.0,7,18,"DEV-714F,DEV-74D3",Rajshahi,9,644
U07991,230.0,6,20,DEV-F3B5,Rajshahi,14,2233
U07992,1860.0,10,23,"DEV-8D96,DEV-9488",Gazipur,4,2071
U07993,240.0,6,16,DEV-A620,Sylhet,15,1126
U07994,870.0,11,23,DEV-5000,Bogura,7,2274
U07995,2650.0,9,19,"DEV-4016,DEV-C04A",Bogura,7,280
U07996,720.0,11,23,DEV-51CB,Jessore,12,2059
U07997,530.0,8,22,DEV-08C3,Khulna,7,152
U07998,2080.0,6,16,"DEV-7B68,DEV-029A",Cox's Bazar,8,283
U07999,900.0,7,19,DEV-90F9,Barishal,5,187
