wallet_id,role
W81298,supplier
W19119,supplier
W63217,supplier
W76958,supplier
W84130,supplier
W16505,supplier
W31366,supplier
W33205,supplier
W14586,supplier
W12282,supplier
W23144,supplier
W87179,supplier
W87089,supplier
W58321,supplier
W17971,supplier
W64863,supplier
W75270,supplier
W93323,supplier
W13641,supplier
W58686,supplier
W86654,supplier
W33404,supplier
W30572,supplier
W60869,supplier
W81356,supplier
W60808,supplier
W48350,supplier
W83175,supplier
W30242,supplier
W46687,supplier
W13257,collector
W72939,collector
W82374,collector
W12466,collector
W91769,collector
W74964,collector
W51977,collector
W22740,collector
W67923,collector
W78338,collector
W75594,collector
W43303,collector
W93106,mule
W66626,mule
W45223,mule
W25153,mule
W51892,mule
W25209,mule
W92871,mule
W85094,mule
W55454,mule
W76562,mule
W98671,mule
W71560,mule
W79035,mule
W99603,mule
W74257,mule
W38603,mule
W76861,mule
W40403,mule
W22478,mule
W21263,mule
W32370,mule
W68689,mule
W55866,mule
W38080,mule
W34045,mule
W62885,mule
W92284,mule
W43681,mule
W88535,mule
W16612,mule
W46288,mule
W17477,mule
W72500,mule
W26882,mule
W38524,mule
W62886,mule
W64050,mule
W83449,mule
W60176,mule
W86798,mule
W34513,mule
W97423,mule
W31656,mule
W21714,mule
W52595,mule
W18924,mule
W15501,mule
W59646,mule
W59245,mule
W16039,mule
W76111,mule
W83439,mule
W17546,mule
W66921,mule
W71082,mule
W84934,mule
W34344,mule
W12654,mule
W57489,mule
W64125,mule
W18270,mule
W97970,mule
W38458,mule
W19855,mule
W74676,mule
W81444,mule
W76031,mule
W37375,mule
W40364,mule
W96829,mule
W85991,mule
W84250,mule
W51509,mule
W28362,mule
W86970,mule
W31129,mule
W10059,mule
W65657,mule
W86968,mule
W54827,mule
W97011,person
W89714,person
W16086,person
W21079,person
W73792,person
W85369,person
W62871,person
W58526,person
W47245,person
W26265,person
W19595,person
W82073,person
W88320,person
W21965,person
W81713,person
W86903,person
W68839,person
W69189,person
W92459,person
W79934,person
W69639,person
W15786,person
W88031,person
W92915,person
W93554,person
W64077,person
W23882,person
W10169,person
W30853,person
W74131,person
W35409,person
W76251,person
W27067,person
W66162,person
W67610,person
W60586,person
W67985,person
W68955,person
W18550,person
W94741,person
W44928,person
W35486,person
W46113,person
W24596,person
W59944,person
W20911,person
W76678,person
W67991,person
W93886,person
W56914,person
W17614,person
W73381,person
W23628,person
W64827,person
W86525,person
W88010,person
W94976,person
W34600,person
W40873,person
W15277,person
W62448,person
W27880,person
W54490,person
W72978,person
W48816,person
W16736,person
W11544,person
W95292,person
W43932,person
W94735,person
W85632,person
W82322,person
W29260,person
W93807,person
W32624,person
W35781,person
W95465,person
W84120,person
W87900,person
W53682,person
W17873,person
W40546,person
W39440,person
W31195,person
W82901,person
W14206,person
W66718,person
W40316,person
W35458,person
W93596,person
W62097,person
W16428,person
W46224,person
W29273,person
W14714,person
W90866,person
W28887,person
W48756,person
W13628,person
W74695,person
W51421,person
W37788,person
W53086,person
W67595,person
W42356,person
W95744,person
W86365,person
W56228,person
W27685,person
W72062,person
W50414,person
W51115,person
W19180,person
W52861,person
W60478,person
W61788,person
W63305,person
W35796,person
W24061,person
W26985,person
W96454,person
W95443,person
W34270,person
W81883,person
W26562,person
W90284,person
W24430,person
W97282,person
W95278,person
W43782,person
W45994,person
W82082,person
W42137,person
W28444,person
W67159,person
W69271,person
W45383,person
W80243,person
W72671,person
W77514,person
W39238,person
W18337,person
W92919,person
W77897,person
W87396,person
W59530,person
W35932,person
W80808,person
W96949,person
W99056,person
W80550,person
W14390,person
W33769,person
W26447,person
W60976,person
W96118,person
W96042,person
W94922,person
W54492,person
W18866,person
W20614,person
W74239,person
W39948,person
W47590,person
W50422,person
W16540,person
W78627,person
W59383,person
W80390,person
W26902,person
W60443,person
W61556,person
W51640,person
W53310,person
W60299,person
W20655,person
W30772,person
W16423,person
W44546,person
W61429,person
W70342,person
W21606,person
W71298,person
W65821,person
W78961,person
W10955,person
W18538,person
W95621,person
W91004,person
W81081,person
W22985,person
W75542,person
W30942,person
W70709,person
W49348,person
W33232,person
W99324,person
W28832,person
W62242,person
W68928,person
W35106,person
W52919,person
W14300,person
W65106,person
W73157,person
W62341,person
W23215,person
W77459,person
W64247,person
W28167,person
W74014,person
W37709,person
W80263,person
W67148,person
W92092,person
W23208,person
W85490,person
W13729,person
W46104,person
W26708,person
W30504,person
W90791,person
W80777,person
W70687,person
W57423,person
W77406,person
W89466,person
W59026,person
W86096,person
W69856,person
W56935,person
W90506,person
W77468,person
W18379,person
W85263,person
W84953,person
W63810,person
W82150,person
W86674,person
W31179,person
W88834,person
W75077,person
W51878,person
W13644,person
W32032,person
W96378,person
W76211,person
W15521,person
W67976,person
W28278,person
W70580,person
W27145,person
W20772,person
W35913,person
W30795,person
W88495,person
W33837,person
W73429,person
W98275,person
W15994,person
W24388,person
W20851,person
W86743,person
W32705,person
W63276,person
W32649,person
W32008,person
W72650,person
W47970,person
W68370,person
W36429,person
W68929,person
W53845,person
W24673,person
W96412,person
W41677,person
W11264,person
W10456,person
W23372,person
W20360,person
W16810,person
W50855,person
W29569,person
W70265,person
W86587,person
W71927,person
W32669,person
W25658,person
W27410,person
W42095,person
W67567,person
W58774,person
W95669,person
W66835,person
W51064,person
W55450,person
W26780,person
W92035,person
W60453,person
W91430,person
W62793,person
W96782,person
W92831,person
W65264,person
W32020,person
W15482,person
W56392,person
W62351,person
W25125,person
W49425,person
W32791,person
W36768,person
W18427,person
W83974,person
W27963,person
W30825,person
W51410,person
W99284,person
W28250,person
W20105,person
W26522,person
W23769,person
W17947,person
W98057,person
W10620,person
W67515,person
W25002,person
W59204,person
W31493,person
W21941,person
W73522,person
W79173,person
W25583,person
W27706,person
W93094,person
W46159,person
W92997,person
W54105,person
W89376,person
W45490,person
W29994,person
W36260,person
W57757,person
W45418,person
W43787,person
W53194,person
W16138,person
W16530,person
W90879,person
W59418,person
W65479,person
W99933,person
W13048,person
W24895,person
W25728,person
W71833,person
W69964,person
W18689,person
W16231,person
W18297,person
W96550,person
W38488,person
W44852,person
W40658,person
W21129,person
W35707,person
W94029,person
W91021,person
W55012,person
W52448,person
W65501,person
W22852,person
W79846,person
W78543,person
W35059,person
W25976,person
W42505,person
W12824,person
W50997,person
W86506,person
W47264,person
W11290,person
W62832,person
W36701,person
W17089,person
W95824,person
W57048,person
W32271,person
W50076,person
W40428,person
W85066,person
W39453,person
W35798,person
W76956,person
W94610,person
W21112,person
W73209,person
W95878,person
W88952,person
W15735,person
W55652,person
W31944,person
W12944,person
W11488,person
W76920,person
W23908,person
W64491,person
W87615,person
W72285,person
W15411,person
W47876,person
W68600,person
W14889,person
W57786,person
W88168,person
W73253,person
W71047,person
W13196,person
W77723,person
W46886,person
W91994,person
W16838,person
W88542,person
W83045,person
W54154,person
W12701,person
W54954,person
W13855,person
W35133,person
W87896,person
W40023,person
W88029,person
W64369,person
W38345,person
W57796,person
W32394,person
W95971,person
W75636,person
W49687,person
W77189,person
W46154,person
W15370,person
W22207,person
W24805,person
W38212,person
W53286,person
W58724,person
W44646,person
W95265,person
W90857,person
W14883,person
W93847,person
W41981,person
W71886,person
W89516,person
W34040,person
W65986,person
W71617,person
W98670,person
W75711,person
W11768,person
W86813,person
W94458,person
W32272,person
W18362,person
W69375,person
W32620,person
W62969,person
W68384,person
W65381,person
W64878,person
W60840,person
W19593,person
W67623,person
W23956,person
W40107,person
W43126,person
W29216,person
W70273,person
W11060,person
W29867,person
W19046,person
W40932,person
W21048,person
W90926,person
W69672,person
W50602,person
W68471,person
W88445,person
W71492,person
W36544,person
W58109,person
W44819,person
W35468,person
W55226,person
W17826,person
W78443,person
W19076,person
W13850,person
W11115,person
W57029,person
W19586,person
W45438,person
W14420,person
W36878,person
W39203,person
W72596,person
W24143,person
W78787,person
W22332,person
W93028,person
W72681,person
W50667,person
W62862,person
W47471,person
W77028,person
W90374,person
W44662,person
W24339,person
W37721,person
W83119,person
W72090,person
W54935,person
W16343,person
W41721,person
W88757,person
W11365,person
W16440,person
W92981,person
W24904,person
W81128,person
W24153,person
W46556,person
W87867,person
W93242,person
W35663,person
W83121,person
W93336,person
W95891,person
W28912,person
W92472,person
W40481,person
W86835,person
W60220,person
W87532,person
W98348,person
W26921,person
W67636,person
W33500,person
W44886,person
W25692,person
W38074,person
W70836,person
W52441,person
W15337,person
W14912,person
W98406,person
W77026,person
W13594,person
W62861,person
W56800,person
W76125,person
W66219,person
W48619,person
W28008,person
W19926,person
W49855,person
W67466,person
W68276,person
W78323,person
W57663,person
W52998,person
W66685,person
W32432,person
W73217,person
W17385,person
W41873,person
W80103,person
W63799,person
W77555,person
W76844,person
W11417,person
W32387,person
W49497,person
W86331,person
W28333,person
W45516,person
W86770,person
W23266,person
W61662,person
W95773,person
W28224,person
W69691,person
W83637,person
W43164,person
W20175,person
W12254,person
W84768,person
W47477,person
W39913,person
W83549,person
W82640,person
W88277,person
W97467,person
W97662,person
W17330,person
W99556,person
W81898,person
W54215,person
W35703,person
W58650,person
W48508,person
W71194,person
W76284,person
W17563,person
W91403,person
W10308,person
W32040,person
W82287,person
W40778,person
W16921,person
W96599,person
W64899,person
W82792,person
W75506,person
W37926,person
W16288,person
W14692,person
W35935,person
W21599,person
W94435,person
W45404,person
W25281,person
W25824,person
W34977,person
W86277,person
W48918,person
W38412,person
W37644,person
W88282,person
W42575,person
W43563,person
W45072,person
W25737,person
W30884,person
W82722,person
W64668,person
W42671,person
W31611,person
W62605,person
W51867,person
W34796,person
W42846,person
W23768,person
W40631,person
W61378,person
W64875,person
W26303,person
W38880,person
W55084,person
W19632,person
W90018,person
W80120,person
W59857,person
W54444,person
W68303,person
W66681,person
W75643,person
W26081,person
W55937,person
W92265,person
W45266,person
W76065,person
W72611,person
W17630,person
W59023,person
W87669,person
W72016,person
W37098,person
W76611,person
W94036,person
W75862,person
W81678,person
W56034,person
W22828,person
W94234,person
W89102,person
W98762,person
W35069,person
W88875,person
W95920,person
W13495,person
W93742,person
W50520,person
W48445,person
W10042,person
W23554,person
W72622,person
W93009,person
W61706,person
W14687,person
W56226,person
W32658,person
W70974,person
W99422,person
W63572,person
W93056,person
W58828,person
W30330,person
W26167,person
W30289,person
W50833,person
W95467,person
W95547,person
W12429,person
W50467,person
W38938,person
W62412,person
W23356,person
W50306,person
W17768,person
W51852,person
W82791,person
W97133,person
W55456,person
W85157,person
W51252,person
W79032,person
W22034,person
W21720,person
W69637,person
W65251,person
W16366,person
W83363,person
W18271,person
W14640,person
W48206,person
W26771,person
W14474,person
W78400,person
W87078,person
W79388,person
W57493,person
W81586,person
W32467,person
W88516,person
W87613,person
W21473,person
W95343,person
W70750,person
W10631,person
W61537,person
W42181,person
W70537,person
W81558,person
W84323,person
W32960,person
W63061,person
W40521,person
W15352,person
W65614,person
W59053,person
W54622,person
W62938,person
W32659,person
W28046,person
W22670,person
W77103,person
W96130,person
W66581,person
W42399,person
W80445,person
W31012,person
W41410,person
W90813,person
W58081,person
W12804,person
W78883,person
W75142,person
W22363,person
W82972,person
W30860,person
W58026,person
W14115,person
W54375,person
W49748,person
W94997,person
W13289,person
W22512,person
W59757,person
W27459,person
W53007,person
W49182,person
W27841,person
W60603,person
W75768,person
W35134,person
W14632,person
W19858,person
W78274,person
W57481,person
W37089,person
W96422,person
W45240,person
W46670,person
W92371,person
W56076,person
W21490,person
W39046,person
W53244,person
W71494,person
W93070,person
W23031,person
W70322,person
W67609,person
W26965,person
W86412,person
W72337,person
W94994,person
W11075,person
W35558,person
W31750,person
W62487,person
W15879,person
W37174,person
W20971,person
W85981,person
W57439,person
W34996,person
W52284,person
W97058,person
W45088,person
W97174,person
W99624,person
W50163,person
W30454,person
W70421,person
W75929,person
W57366,person
W68293,person
W68502,person
W41741,person
W98534,person
W60854,person
W45423,person
W54177,person
W87390,person
W98728,person
W51726,person
W67060,person
W25469,person
W52311,person
W19352,person
W39992,person
W36363,person
W75772,person
W50910,person
W44591,person
W76973,person
W49756,person
W38830,person
W16269,person
W43335,person
W29561,person
W22137,person
W26666,person
W92758,person
W91039,person
W96589,person
W76805,person
W79502,person
W22376,person
W30711,person
W56302,person
W38607,person
W60193,person
W93319,person
W73509,person
W41748,person
W63928,person
W85942,person
W77725,person
W48489,person
W27062,person
W53710,person
W66814,person
W29406,person
W84065,person
W25147,person
W55014,person
W61035,person
W91783,person
W93614,person
W97368,person
W93390,person
W40258,person
W11040,person
W78421,person
W64393,person
W90765,person
W14582,person
W66086,person
W84162,person
W48413,person
W52325,person
W77721,person
W79113,person
W16399,person
W49004,person
W53603,person
W18428,person
W48019,person
W15725,person
W16209,person
W21570,person
W89112,person
W82785,person
W81619,person
W87351,person
W92167,person
W98797,person
W37376,person
W32695,person
W40096,person
W59582,person
W80406,person
W11074,person
W86344,person
W85937,person
W53103,person
W52206,person
W34550,person
W17445,person
W90932,person
W81509,person
W25654,person
W21293,person
W36271,person
W42723,person
W79147,person
W31514,person
W13928,person
W50357,person
W18773,person
W95938,person
W96490,person
W69608,person
W53606,person
W79734,person
W79142,person
W26405,person
W61272,person
W75873,person
W15706,person
W90057,person
W16022,person
W83018,person
W84994,person
W42108,person
W59714,person
W96162,person
W65006,person
W10415,person
W69554,person
W14466,person
W90145,person
W80440,person
W24683,person
W10406,person
W33660,person
W31200,person
W88160,person
W51313,person
W40254,person
W46074,person
W91438,person
W78756,person
W93292,person
W43733,person
W36031,person
W78663,person
W86361,person
W54164,person
W35056,person
W20877,person
W65430,person
W21883,person
W38004,person
W96268,person
W45356,person
W99964,person
W74752,person
W96841,person
W80798,person
W59906,person
W76603,person
W50662,person
W29396,person
W74268,person
W85444,person
W82629,person
W24983,person
W86196,person
W21486,person
W16550,person
W18241,person
W79395,person
W94547,person
W36272,person
W60310,person
W55287,person
W70463,person
W62982,person
W15795,person
W62322,person
W14998,person
W74022,person
W84981,person
W37043,person
W48070,person
W43531,person
W52774,person
W83642,person
W46272,person
W23610,person
W93819,person
W12236,person
W93376,person
W96832,person
W21769,person
W23089,person
W46388,person
W86328,person
W97129,person
W22964,person
W58204,person
W20189,person
W86315,person
W47407,person
W17674,person
W42155,person
W32096,person
W32885,person
W14368,person
W62140,person
W29192,person
W81445,person
W44346,person
W59501,person
W13219,person
W64971,person
W31258,person
W46573,person
W85599,person
W32127,person
W22896,person
W88167,person
W20237,person
W57375,person
W41831,person
W85435,person
W65754,person
W15532,person
W72794,person
W87843,person
W43394,person
W16130,person
W13150,person
W31972,person
W88734,person
W46029,person
W40294,person
W56630,person
W35508,person
W62948,person
W70321,person
W21501,person
W51434,person
W21063,person
W36989,person
W64040,person
W50787,person
W85523,person
W11068,person
W90544,person
W94679,person
W82050,person
W77731,person
W68109,person
W45174,person
W15147,person
W45534,person
W75978,person
W67328,person
W51514,person
W50510,person
W49429,person
W73196,person
W41719,person
W44960,person
W61406,person
W28463,person
W54924,person
W25800,person
W74850,person
W39951,person
W25572,person
W78432,person
W14569,person
W46381,person
W14165,person
W60785,person
W53689,person
W97504,person
W74068,person
W56975,person
W92460,person
W35176,person
W62505,person
W58077,person
W23422,person
W70491,person
W15608,person
W98499,person
W88611,person
W50528,person
W22408,person
W55795,person
W93779,person
W97278,person
W52282,person
W34853,person
W62203,person
W57835,person
W66970,person
W95853,person
W22619,person
W85832,person
W25304,person
W89873,person
W41695,person
W60240,person
W59619,person
W61844,person
W27525,person
W65791,person
W43826,person
W26106,person
W92467,person
W59311,person
W32448,person
W15273,person
W15248,person
W35429,person
W28770,person
W58195,person
W76365,person
W91720,person
W67957,person
W83379,person
W79282,person
W73669,person
W23997,person
W27624,person
W84325,person
W58279,person
W30278,person
W72598,person
W86877,person
W68797,person
W11494,person
W29595,person
W21827,person
W98526,person
W63075,person
W59519,person
W50832,person
W28149,person
W40027,person
W79479,person
W49644,person
W10989,person
W79557,person
W45632,person
W57346,person
W20398,person
W84079,person
W43537,person
W49246,person
W23194,person
W88833,person
W57916,person
W20056,person
W91483,person
W38779,person
W80331,person
W83826,person
W29149,person
W23802,person
W45314,person
W73947,person
W88325,person
W22370,person
W25640,person
W31599,person
W91882,person
W66186,person
W66900,person
W70931,person
W77983,person
W45941,person
W14980,person
W17202,person
W45258,person
W43532,person
W36457,person
W18403,person
W49007,person
W93865,person
W44421,person
W16708,person
W81434,person
W56887,person
W72380,person
W22557,person
W83464,person
W32716,person
W70803,person
W42130,person
W28647,person
W21911,person
W54535,person
W10293,person
W64926,person
W83268,person
W62678,person
W77253,person
W12314,person
W26033,person
W48382,person
W41312,person
W63585,person
W32693,person
W48761,person
W70420,person
W95751,person
W11303,person
W55551,person
W37117,person
W19541,person
W45563,person
W80360,person
W94499,person
W25988,person
W69443,person
W43583,person
W64375,person
W40651,person
W36894,person
W35224,person
W73533,person
W73628,person
W53733,person
W76899,person
W62824,person
W17865,person
W37710,person
W81408,person
W72341,person
W88138,person
W92986,person
W98399,person
W49280,person
W43116,person
W32302,person
W50759,person
W73463,person
W54355,person
W80265,person
W73783,person
W14493,person
W51558,person
W27740,person
W98084,person
W58580,person
W33195,person
W29886,person
W66072,person
W90182,person
W70288,person
W12041,person
W10057,person
W29759,person
W25073,person
W57873,person
W11512,person
W82047,person
W74655,person
W90967,person
W12887,person
W22211,person
W65900,person
W42643,person
W24365,person
W39057,person
W88651,person
W99055,person
W24887,person
W21551,person
W93884,person
W80713,person
W38151,person
W33458,person
W70881,person
W90674,person
W58127,person
W23699,person
W68660,person
W94168,person
W36335,person
W86228,person
W57451,person
W25079,person
W43450,person
W37786,person
W55073,person
W63316,person
W61560,person
W80208,person
W72387,person
W13679,person
W43500,person
W64843,person
W88709,person
W73996,person
W75263,person
W78369,person
W64514,person
W74624,person
W13091,person
W62945,person
W95780,person
W67497,person
W57509,person
W94183,person
W60320,person
W70276,person
W47511,person
W46358,person
W98446,person
W41221,person
W45608,person
W40103,person
W83013,person
W11712,person
W50017,person
W94622,person
W93726,person
W40478,person
W83096,person
W75012,person
W28368,person
W65081,person
W58201,person
W63449,person
W99047,person
W77668,person
W73078,person
W15311,person
W98720,person
W81869,person
W64950,person
W58710,person
W10131,person
W13904,person
W32280,person
W63022,person
W57270,person
W15573,person
W83952,person
W89341,person
W47114,person
W59305,person
W97279,person
W44288,person
W53356,person
W80106,person
W63332,person
W92073,person
W72854,person
W34934,person
W91055,person
W53297,person
W77321,person
W57178,person
W56555,person
W76432,person
W91376,person
W45919,person
W48878,person
W83640,person
W44794,person
W87680,person
W17109,person
W89494,person
W94702,person
W26464,person
W72057,person
W56171,person
W83518,person
W30886,person
W71873,person
W62346,person
W75514,person
W26973,person
W15223,person
W92243,person
W37883,person
W74274,person
W22235,person
W44878,person
W29283,person
W98493,person
W40333,person
W58431,person
W81676,person
W45237,person
W26453,person
W12084,person
W87333,person
W72249,person
W35064,person
W64526,person
W73490,person
W95784,person
W45132,person
W99526,person
W94487,person
W29366,person
W17269,person
W39029,person
W61304,person
W29345,person
W63481,person
W55737,person
W99447,person
W32151,person
W51599,person
W74869,person
W52060,person
W51423,person
W20343,person
W43030,person
W59786,person
W38960,person
W48840,person
W47722,person
W45850,person
W77912,person
W16588,person
W54799,person
W85878,person
W98110,person
W75308,person
W87446,person
W26543,person
W47037,person
W43792,person
W93562,person
W73718,person
W34225,person
W99271,person
W16874,person
W52152,person
W61803,person
W75874,person
W59799,person
W85780,person
W61876,person
W10486,person
W77302,person
W36364,person
W50045,person
W68646,person
W17339,person
W17548,person
W86225,person
W13602,person
W74223,person
W40547,person
W98129,person
W68529,person
W22761,person
W30304,person
W20487,person
W83132,person
W76502,person
W51457,person
W57783,person
W98564,person
W55571,person
W12642,person
W26625,person
W41086,person
W96085,person
W68495,person
W19437,person
W34139,person
W11920,person
W62576,person
W31560,person
W17896,person
W55674,person
W38479,person
W88933,person
W86869,person
W23404,person
W88428,person
W58981,person
W54951,person
W61075,person
W69213,person
W76271,person
W26807,person
W27780,person
W22352,person
W51149,person
W48843,person
W49441,person
W35749,person
W92584,person
W98171,person
W70878,person
W26591,person
W68833,person
W10725,person
W36691,person
W73658,person
W17964,person
W50394,person
W56948,person
W81830,person
W94404,person
W87623,person
W33545,person
W43056,person
W70413,person
W23801,person
W18025,person
W67331,person
W38168,person
W51399,person
W26526,person
W51073,person
W13953,person
W72002,person
W73357,person
W99171,person
W11125,person
W18761,person
W93977,person
W33405,person
W16578,person
W95959,person
W20997,person
W38010,person
W52728,person
W13558,person
W10313,person
W93587,person
W20766,person
W20146,person
W85398,person
W56648,person
W68849,person
W48481,person
W74731,person
W82736,person
W27803,person
W83534,person
W47458,person
W96182,person
W29508,person
W40326,person
W77961,person
W16923,person
W58002,person
W37484,person
W51577,person
W43401,person
W38743,person
W38675,person
W69023,person
W61043,person
W20560,person
W75462,person
W20159,person
W97639,person
W43428,person
W38402,person
W26508,person
W81319,person
W80876,person
W57906,person
W65303,person
W38263,person
W81620,person
W16448,person
W28953,person
W29760,person
W40147,person
W16051,person
W30250,person
W86142,person
W96871,person
W26416,person
W89942,person
W65941,person
W62686,person
W72397,person
W38271,person
W16391,person
W98949,person
W48536,person
W30185,person
W31007,person
W52738,person
W69243,person
W40191,person
W28626,person
W36212,person
W75262,person
W99595,person
W39939,person
W58679,person
W49890,person
W41634,person
W20733,person
W18658,person
W62593,person
W59404,person
W62116,person
W80813,person
W51588,person
W24729,person
W24025,person
W33194,person
W84827,person
W57313,person
W84573,person
W34120,person
W33539,person
W92089,person
W99992,person
W90620,person
W32758,person
W37850,person
W90751,person
W26219,person
W56470,person
W20097,person
W92498,person
W75383,person
W44913,person
W69727,person
W26718,person
W28089,person
W38823,person
W14588,person
W86038,person
W80780,person
W21933,person
W24229,person
W31386,person
W33044,person
W54504,person
W90997,person
W88030,person
W94464,person
W38431,person
W36954,person
W68672,person
W29432,person
W23861,person
W69207,person
W87737,person
W56193,person
W21228,person
W65988,person
W69177,person
W84626,person
W18139,person
W95956,person
W81562,person
W44496,person
W10525,person
W59686,person
W31836,person
W49518,person
W49775,person
W96129,person
W19709,person
W16711,person
W15851,person
W68407,person
W91936,person
W96169,person
W13941,person
W16814,person
W74242,person
W88042,person
W79660,person
W75136,person
W30665,person
W48285,person
W38299,person
W92474,person
W35475,person
W85892,person
W94329,person
W89073,person
W15914,person
W34688,person
W48032,person
W73153,person
W86694,person
W66223,person
W21625,person
W95903,person
W85573,person
W84536,person
W48069,person
W64913,person
W33615,person
W57980,person
W29436,person
W89122,person
W62674,person
W12728,person
W57864,person
W78933,person
W23172,person
W40792,person
W85841,person
W96462,person
W89694,person
W33474,person
W85045,person
W20107,person
W68641,person
W83489,person
W28255,person
W76082,person
W22925,person
W49582,person
W97966,person
W33245,person
W31453,person
W97409,person
W94344,person
W64283,person
W20765,person
W93354,person
W51269,person
W12655,person
W84048,person
W15037,person
W35256,person
W28566,person
W49476,person
W17088,person
W46095,person
W68231,person
W22250,person
W40025,person
W74368,person
W66443,person
W18527,person
W79879,person
W64938,person
W11221,person
W75080,person
W42574,person
W14863,person
W49792,person
W11497,person
W90437,person
W60906,person
W46711,person
W54175,person
W73763,person
W34186,person
W87459,person
W91040,person
W92884,person
W55884,person
W79400,person
W84838,person
W22901,person
W44123,person
W79971,person
W71645,person
W23364,person
W52453,person
W97589,person
W59405,person
W78010,person
W41952,person
W69841,person
W42909,person
W24085,person
W78758,person
W55867,person
W73849,person
W56149,person
W15195,person
W19438,person
W90384,person
W30907,person
W28359,person
W34039,person
W18393,person
W40260,person
W78229,person
W66801,person
W57319,person
W65504,person
W76173,person
W93433,person
W21881,person
W78151,person
W37670,person
W50939,person
W44853,person
W38648,person
W58390,person
W66660,person
W35447,person
W43558,person
W13199,person
W10004,person
W82720,person
W15375,person
W25104,person
W21846,person
W44578,person
W72383,person
W12731,person
W71106,person
W30749,person
W20373,person
W52168,person
W31652,person
W36008,person
W33558,person
W13761,person
W82918,person
W71610,person
W82732,person
W78999,person
W66191,person
W11918,person
W53739,person
W67864,person
W10442,person
W23993,person
W48418,person
W35365,person
W38526,person
W52615,person
W47852,person
W32161,person
W53758,person
W13590,person
W14142,person
W71105,person
W54958,person
W82155,person
W54374,person
W37023,person
W77690,person
W98900,person
W13396,person
W98223,person
W29551,person
W48312,person
W49148,person
W14359,person
W80176,person
W24069,person
W11058,person
W44171,person
W91331,person
W91788,person
W42944,person
W61296,person
W95582,person
W89831,person
W21485,person
W65985,person
W57510,person
W89797,person
W92669,person
W36760,person
W91402,person
W72741,person
W13283,person
W43815,person
W23773,person
W97341,person
W22627,person
W56368,person
W77836,person
W37860,person
W63424,person
W48389,person
W59006,person
W87397,person
W71985,person
W71549,person
W75855,person
W59050,person
W83153,person
W76549,person
W83260,person
W86967,person
W10599,person
W30874,person
W71759,person
W36409,person
W12126,person
W79777,person
W95644,person
W96718,person
W65958,person
W48304,person
W69444,person
W16815,person
W97227,person
W97905,person
W60670,person
W84993,person
W11124,person
W59947,person
W98813,person
W39976,person
W87325,person
W16896,person
W31427,person
W15681,person
W11822,person
W41679,person
W90354,person
W97661,person
W29617,person
W19444,person
W87477,person
W43917,person
W80902,person
W41145,person
W76857,person
W13317,person
W38437,person
W59432,person
W64508,person
W96827,person
W57154,person
W92558,person
W41466,person
W75525,person
W51746,person
W18944,person
W71390,person
W31837,person
W96207,person
W55407,person
W27562,person
W61279,person
W55891,person
W25832,person
W72013,person
W37374,person
W38121,person
W87962,person
W99984,person
W27689,person
W78327,person
W58904,person
W74769,person
W47709,person
W61259,person
W50681,person
W28657,person
W86991,person
W48387,person
W24799,person
W65148,person
W15103,person
W67183,person
W36705,person
W98067,person
W34635,person
W24835,person
W54563,person
W80695,person
W83939,person
W34847,person
W12855,person
W36503,person
W60098,person
W68527,person
W66920,person
W19495,person
W13239,person
W25260,person
W23625,person
W51515,person
W76373,person
W95719,person
W44998,person
W43943,person
W97414,person
W65707,person
W37839,person
W62432,person
W38527,person
W87711,person
W28137,person
W18914,person
W56026,person
W40979,person
W99546,person
W93064,person
W57387,person
W55849,person
W40008,person
W21456,person
W55821,person
W81513,person
W82466,person
W95335,person
W89507,person
W39155,person
W94598,person
W38383,person
W93034,person
W49407,person
W53548,person
W55992,person
W94014,person
W36295,person
W22796,person
W96606,person
W92425,person
W92196,person
W20835,person
W74779,person
W60160,person
W33051,person
W63688,person
W30286,person
W98341,person
W94998,person
W37728,person
W10457,person
W12687,person
W97720,person
W18835,person
W12195,person
W45636,person
W38691,person
W18795,person
W97127,person
W52486,person
W53252,person
W91335,person
W76827,person
W93890,person
W77133,person
W81547,person
W82066,person
W54869,person
W76058,person
W58339,person
W16572,person
W97835,person
W74030,person
W29910,person
W14907,person
W55632,person
W78764,person
W57144,person
W10697,person
W29605,person
W35940,person
W61417,person
W62839,person
W41986,person
W67463,person
W12574,person
W97269,person
W22907,person
W72000,person
W21980,person
W39248,person
W98641,person
W46697,person
W76492,person
W82799,person
W40850,person
W18193,person
W68182,person
W34451,person
W91102,person
W51432,person
W87028,person
W67521,person
W59715,person
W49689,person
W95025,person
W68116,person
W90156,person
W42434,person
W12431,person
W88075,person
W39803,person
W12760,person
W20191,person
W35578,person
W67996,person
W98827,person
W21528,person
W44787,person
W49860,person
W50227,person
W32889,person
W51356,person
W12275,person
W47472,person
W19174,person
W50656,person
W38079,person
W36817,person
W93022,person
W58491,person
W99083,person
W34122,person
W96571,person
W76189,person
W37595,person
W12638,person
W18679,person
W20749,person
W17162,person
W33667,person
W89074,person
W14337,person
W76349,person
W18539,person
W67018,person
W97499,person
W47405,person
W95101,person
W75695,person
W62030,person
W60095,person
W86124,person
W35408,person
W27910,person
W77217,person
W55453,person
W26497,person
W20850,person
W18617,person
W40899,person
W15321,person
W41187,person
W98243,person
W97332,person
W26004,person
W93888,person
W24513,person
W37797,person
W86368,person
W63208,person
W48472,person
W24514,person
W63821,person
W23872,person
W34848,person
W50811,person
W50944,person
W99278,person
W90786,person
W98554,person
W96065,person
W31431,person
W85663,person
W90915,person
W90463,person
W42325,person
W18172,person
W43295,person
W99638,person
W48017,person
W95286,person
W68987,person
W71708,person
W76915,person
W33478,person
W86492,person
W22810,person
W88861,person
W40142,person
W55615,person
W11427,person
W60319,person
W59699,person
W14498,person
W22424,person
W27016,person
W50303,person
W91053,person
W10274,person
W80102,person
W65453,person
W97189,person
W27998,person
W95574,person
W80814,person
W74800,person
W48763,person
W12764,person
W85393,person
W74456,person
W43162,person
W84028,person
W79903,person
W81544,person
W56070,person
W16771,person
W36332,person
W38254,person
W22546,person
W69939,person
W93155,person
W31853,person
W25232,person
W85819,person
W75259,person
W44521,person
W94019,person
W31736,person
W62028,person
W91842,person
W46292,person
W95857,person
W78766,person
W85294,person
W49288,person
W89055,person
W17500,person
W31019,person
W61254,person
W93578,person
W27879,person
W68439,person
W18101,person
W60204,person
W40291,person
W14833,person
W40924,person
W93498,person
W32323,person
W82024,person
W36663,person
W72527,person
W79051,person
W46244,person
W51666,person
W98252,person
W18374,person
W56466,person
W96688,person
W46392,person
W24926,person
W20306,person
W32178,person
W84054,person
W40806,person
W19122,person
W87146,person
W73498,person
W69459,person
W93936,person
W41331,person
W91006,person
W13923,person
W34445,person
W65151,person
W79974,person
W81322,person
W51499,person
W77743,person
W49727,person
W27165,person
W27154,person
W88064,person
W29428,person
W90972,person
W38144,person
W99202,person
W28559,person
W36936,person
W14443,person
W76608,person
W13527,person
W76426,person
W37750,person
W41654,person
W88677,person
W83573,person
W20929,person
W31159,person
W17449,person
W58274,person
W70344,person
W92355,person
W47761,person
W92468,person
W52013,person
W66999,person
W84807,person
W14246,person
W88866,person
W29877,person
W24865,person
W36083,person
W38013,person
W38894,person
W37922,person
W75957,person
W77745,person
W42566,person
W19659,person
W48243,person
W18819,person
W64136,person
W56001,person
W82973,person
W71081,person
W10331,person
W58699,person
W71293,person
W78605,person
W88337,person
W48071,person
W75858,person
W35556,person
W26676,person
W28601,person
W42512,person
W40643,person
W82660,person
W70469,person
W33035,person
W57406,person
W63765,person
W81447,person
W31011,person
W43258,person
W15203,person
W67836,person
W23506,person
W27660,person
W66807,person
W77752,person
W72915,person
W43329,person
W55467,person
W60769,person
W95759,person
W66735,person
W87920,person
W62456,person
W83816,person
W14468,person
W78280,person
W23071,person
W49088,person
W15526,person
W54797,person
W10316,person
W11277,person
W10721,person
W20690,person
W73462,person
W21477,person
W88830,person
W11461,person
W67990,person
W85709,person
W42946,person
W88597,person
W18475,person
W91592,person
W19311,person
W65939,person
W52224,person
W22647,person
W79235,person
W23848,person
W12353,person
W58047,person
W31160,person
W41274,person
W20047,person
W61446,person
W65198,person
W81689,person
W83090,person
W33605,person
W45915,person
W76473,person
W52813,person
W55280,person
W27105,person
W82685,person
W30172,person
W80014,person
W56020,person
W63425,person
W68557,person
W76315,person
W47166,person
W62818,person
W30267,person
W61682,person
W15512,person
W23090,person
W53120,person
W50397,person
W44023,person
W53035,person
W18285,person
W66015,person
W89041,person
W22765,person
W69972,person
W94865,person
W15782,person
W54481,person
W85346,person
W94583,person
W51860,person
W21577,person
W54571,person
W33416,person
W59243,person
W23547,person
W89232,person
W67047,person
W13711,person
W50314,person
W68923,person
W84817,person
W36448,person
W36640,person
W14485,person
W72369,person
W53055,person
W59250,person
W75937,person
W65841,person
W75796,person
W33045,person
W33915,person
W32570,person
W84522,person
W85520,person
W71660,person
W93428,person
W90525,person
W60724,person
W13254,person
W22183,person
W84062,person
W54385,person
W56918,person
W36283,person
W81672,person
W28458,person
W12780,person
W46767,person
W50987,person
W55823,person
W77353,person
W34422,person
W79464,person
W35485,person
W67694,person
W68993,person
W33366,person
W98186,person
W68615,person
W95587,person
W50048,person
W62001,person
W77375,person
W80976,person
W76747,person
W45999,person
W92851,person
W31501,person
W93530,person
W49228,person
W69586,person
W91879,person
W84643,person
W31336,person
W19575,person
W29350,person
W51157,person
W11692,person
W13073,person
W68348,person
W66728,person
W49652,person
W57238,person
W42193,person
W52377,person
W44602,person
W35407,person
W81516,person
W73963,person
W58793,person
W12707,person
W36092,person
W98909,person
W15903,person
W97421,person
W93114,person
W78694,person
W28569,person
W32868,person
W97190,person
W61481,person
W38379,person
W36911,person
W27162,person
W79008,person
W92072,person
W85257,person
W67918,person
W55035,person
W33852,person
W11407,person
W40877,person
W49923,person
W14245,person
W73255,person
W41599,person
W48997,person
W33571,person
W72039,person
W74704,person
W59580,person
W57938,person
W64829,person
W19572,person
W91370,person
W69759,person
W54235,person
W73725,person
W28129,person
W85703,person
W33028,person
W97145,person
W92300,person
W43879,person
W89099,person
W19203,person
W44043,person
W49186,person
W84925,person
W72810,person
W40534,person
W15432,person
W28464,person
W15590,person
W19109,person
W49024,person
W10804,person
W82774,person
W37228,person
W74665,person
W34313,person
W55594,person
W23538,person
W66199,person
W62471,person
W43769,person
W86257,person
W80338,person
W50225,person
W38354,person
W14696,person
W32893,person
W62025,person
W95663,person
W68000,person
W74436,person
W78024,person
W54885,person
W40738,person
W57699,person
W66049,person
W30016,person
W38209,person
W83914,person
W82907,person
W21371,person
W84851,person
W79932,person
W71613,person
W62597,person
W49213,person
W16957,person
W30678,person
W60463,person
W99834,person
W54470,person
W75130,person
W81725,person
W79453,person
W85295,person
W26530,person
W60171,person
W84687,person
W33217,person
W59992,person
W30220,person
W25856,person
W29562,person
W18868,person
W32977,person
W82543,person
W63861,person
W31289,person
W46983,person
W29796,person
W44957,person
W84508,person
W98557,person
W84362,person
W59719,person
W61135,person
W56497,person
W61334,person
W61992,person
W60203,person
W62566,person
W26412,person
W28725,person
W36957,person
W55567,person
W55274,person
W76894,person
W34627,person
W15312,person
W59201,person
W96581,person
W13055,person
W71732,person
W45015,person
W66633,person
W81934,person
W60824,person
W34721,person
W23416,person
W43157,person
W86393,person
W62425,person
W15020,person
W56652,person
W34046,person
W73131,person
W35994,person
W99240,person
W22656,person
W43058,person
W44739,person
W26243,person
W59911,person
W31989,person
W72578,person
W71764,person
W80190,person
W28054,person
W53703,person
W21563,person
W28146,person
W39891,person
W76245,person
W48949,person
W83295,person
W88985,person
W20358,person
W95981,person
W57242,person
W64009,person
W28606,person
W68890,person
W12778,person
W87149,person
W34899,person
W65056,person
W32086,person
W13521,person
W94453,person
W66946,person
W52635,person
W53899,person
W44713,person
W55099,person
W49811,person
W22498,person
W63823,person
W46569,person
W91339,person
W84475,person
W19209,person
W48934,person
W59436,person
W21462,person
W72575,person
W12785,person
W94139,person
W37306,person
W86849,person
W21422,person
W10089,person
W33931,person
W56208,person
W66972,person
W20217,person
W27587,person
W63631,person
W80070,person
W21989,person
W78652,person
W10083,person
W55074,person
W37666,person
W26149,person
W96291,person
W35971,person
W81460,person
W19412,person
W21373,person
W87749,person
W64046,person
W31667,person
W59411,person
W80063,person
W18158,person
W26420,person
W38905,person
W71814,person
W76228,person
W33078,person
W93080,person
W62668,person
W81457,person
W30675,person
W27269,person
W13214,person
W57709,person
W41980,person
W68403,person
W63429,person
W56795,person
W69247,person
W91345,person
W13427,person
W46811,person
W28023,person
W97908,person
W88722,person
W79597,person
W84802,person
W96142,person
W68883,person
W12042,person
W56134,person
W51213,person
W67961,person
W31214,person
W79243,person
W28110,person
W72210,person
W98785,person
W21093,person
W91990,person
W57187,person
W99265,person
W26091,person
W26408,person
W27724,person
W61870,person
W84495,person
W89519,person
W37652,person
W63132,person
W47433,person
W62472,person
W96334,person
W40001,person
W25957,person
W93484,person
W84414,person
W49249,person
W73425,person
W26783,person
W47938,person
W96855,person
W52187,person
W40329,person
W49619,person
W11704,person
W69419,person
W42549,person
W96521,person
W35517,person
W46745,person
W84068,person
W51590,person
W97485,person
W45289,person
W55484,person
W70768,person
W99533,person
W97410,person
W47229,person
W94035,person
W78735,person
W97142,person
W53840,person
W63049,person
W43232,person
W76172,person
W97149,person
W26988,person
W35128,person
W46584,person
W35828,person
W33209,person
W62237,person
W99544,person
W51973,person
W84502,person
W30503,person
W90989,person
W22150,person
W62132,person
W52540,person
W71865,person
W79690,person
W53417,person
W11963,person
W78394,person
W62847,person
W99143,person
W28691,person
W66007,person
W76862,person
W67452,person
W27652,person
W87786,person
W41693,person
W24803,person
W11284,person
W45822,person
W20091,person
W90518,person
W34811,person
W98131,person
W51848,person
W93681,person
W17720,person
W98703,person
W90386,person
W61437,person
W90286,person
W56901,person
W71609,person
W88507,person
W98661,person
W71799,person
W47049,person
W17217,person
W31570,person
W98946,person
W88377,person
W25846,person
W16593,person
W75648,person
W75726,person
W69126,person
W68381,person
W55604,person
W46345,person
W48667,person
W61346,person
W95456,person
W56376,person
W11859,person
W34574,person
W92687,person
W34274,person
W22808,person
W50805,person
W86091,person
W73902,person
W18847,person
W88578,person
W85321,person
W62227,person
W44543,person
W86969,person
W56677,person
W38722,person
W58903,person
W53503,person
W45641,person
W94542,person
W59813,person
W45707,person
W33157,person
W47000,person
W74627,person
W38768,person
W95099,person
W16926,person
W18473,person
W56191,person
W16589,person
W32566,person
W43948,person
W32382,person
W15102,person
W17362,person
W46583,person
W63136,person
W19227,person
W34726,person
W30664,person
W26919,person
W47213,person
W44425,person
W49452,person
W96645,person
W62962,person
W24259,person
W73140,person
W82199,person
W62712,person
W73530,person
W85532,person
W87881,person
W51266,person
W63204,person
W94732,person
W40948,person
W88403,person
W27593,person
W49868,person
W96361,person
W33199,person
W93516,person
W69527,person
W69501,person
W37114,person
W69536,person
W54344,person
W77317,person
W26827,person
W64280,person
W50047,person
W57887,person
W45802,person
W87470,person
W90898,person
W27793,person
W96288,person
W16468,person
W81016,person
W12196,person
W54296,person
W55518,person
W79052,person
W83561,person
W79556,person
W42971,person
W76335,person
W45527,person
W38822,person
W61689,person
W30153,person
W53711,person
W10827,person
W48877,person
W30055,person
W71866,person
W19293,person
W97999,person
W69055,person
W55661,person
W74636,person
W68428,person
W49103,person
W52654,person
W26425,person
W96227,person
W68483,person
W73299,person
W64401,person
W41239,person
W30347,person
W88937,person
W62929,person
W42780,person
W87150,person
W58851,person
W28030,person
W96100,person
W22628,person
W38659,person
W48213,person
W61255,person
W83787,person
W12955,person
W83828,person
W43146,person
W41572,person
W36054,person
W19456,person
W94841,person
W43472,person
W70907,person
W45882,person
W41085,person
W61244,person
W56550,person
W43468,person
W90149,person
W58049,person
W28138,person
W95417,person
W15502,person
W98905,person
W33203,person
W68996,person
W88983,person
W10230,person
W28443,person
W23957,person
W61632,person
W85631,person
W54643,person
W44131,person
W17091,person
W92457,person
W36710,person
W31679,person
W99328,person
W15732,person
W14088,person
W13001,person
W55282,person
W86973,person
W18325,person
W79432,person
W78384,person
W38921,person
W50517,person
W32812,person
W82741,person
W62455,person
W74929,person
W86324,person
W42915,person
W87699,person
W64636,person
W23664,person
W90300,person
W37237,person
W10259,person
W87524,person
W91707,person
W68935,person
W10195,person
W54989,person
W74596,person
W66225,person
W37532,person
W94848,person
W63984,person
W96104,person
W44136,person
W55055,person
W30718,person
W29214,person
W10493,person
W32221,person
W51739,person
W65014,person
W49541,person
W60231,person
W32202,person
W71111,person
W27422,person
W39184,person
W56370,person
W80356,person
W42114,person
W67476,person
W69383,person
W93243,person
W26465,person
W47687,person
W76525,person
W64313,person
W44910,person
W10698,person
W74619,person
W69525,person
W66616,person
W99774,person
W51932,person
W66677,person
W93893,person
W63664,person
W49411,person
W61597,person
W29098,person
W70566,person
W83352,person
W14330,person
W71915,person
W61573,person
W72049,person
W34560,person
W65431,person
W46243,person
W58496,person
W12600,person
W88796,person
W20969,person
W57105,person
W39786,person
W29645,person
W14969,person
W28065,person
W37361,person
W23055,person
W95184,person
W53119,person
W28345,person
W36333,person
W69845,person
W51674,person
W36261,person
W10371,person
W30177,person
W93853,person
W19151,person
W87570,person
W94411,person
W32299,person
W72490,person
W23038,person
W83704,person
W85835,person
W92428,person
W84791,person
W74100,person
W52710,person
W74465,person
W69076,person
W82087,person
W81872,person
W46378,person
W35437,person
W76984,person
W48284,person
W78108,person
W82405,person
W32185,person
W98723,person
W13318,person
W20639,person
W76466,person
W50491,person
W44671,person
W80132,person
W93862,person
W11258,person
W69083,person
W24275,person
W83585,person
W25754,person
W78267,person
W63339,person
W28556,person
W98280,person
W47683,person
W53566,person
W79149,person
W46846,person
W90357,person
W31350,person
W21089,person
W71113,person
W67627,person
W56459,person
W12142,person
W25805,person
W15992,person
W99893,person
W14847,person
W82484,person
W55451,person
W38804,person
W45734,person
W77297,person
W76570,person
W23306,person
W37633,person
W76015,person
W45972,person
W45885,person
W39083,person
W48111,person
W57634,person
W89699,person
W36706,person
W73582,person
W20404,person
W76732,person
W55336,person
W20591,person
W32530,person
W23124,person
W29718,person
W54264,person
W34425,person
W53747,person
W74937,person
W54676,person
W34360,person
W19459,person
W54460,person
W18880,person
W17192,person
W55791,person
W27390,person
W46114,person
W64490,person
W84305,person
W29501,person
W30947,person
W64846,person
W56808,person
W83195,person
W15588,person
W91640,person
W30194,person
W17058,person
W15932,person
W37450,person
W32198,person
W44109,person
W22690,person
W97994,person
W19347,person
W41354,person
W97786,person
W92403,person
W62110,person
W90836,person
W29384,person
W40694,person
W51043,person
W78797,person
W99450,person
W51582,person
W21341,person
W74085,person
W75172,person
W44790,person
W28574,person
W60864,person
W43503,person
W81308,person
W84552,person
W17004,person
W28413,person
W94739,person
W66832,person
W88100,person
W32536,person
W92316,person
W66275,person
W37958,person
W60887,person
W25758,person
W49042,person
W40644,person
W51574,person
W54599,person
W60571,person
W80999,person
W11933,person
W21744,person
W10859,person
W20077,person
W76654,person
W60880,person
W33137,person
W24187,person
W45852,person
W50700,person
W26209,person
W43134,person
W94274,person
W98259,person
W52655,person
W67240,person
W86728,person
W26648,person
W93619,person
W87411,person
W72558,person
W60353,person
W80654,person
W10920,person
W69800,person
W23450,person
W46891,person
W69859,person
W95235,person
W44218,person
W50837,person
W98861,person
W28100,person
W90886,person
W84121,person
W35416,person
W38846,person
W15743,person
W57480,person
W97830,person
W72859,person
W59685,person
W53551,person
W66330,person
W10421,person
W89584,person
W17297,person
W76871,person
W59765,person
W38881,person
W12915,person
W25397,person
W40504,person
W66050,person
W74395,person
W59081,person
W14302,person
W27592,person
W97647,person
W12560,person
W55784,person
W88682,person
W31345,person
W80645,person
W89467,person
W24896,person
W74982,person
W63707,person
W23169,person
W48583,person
W25317,person
W32265,person
W27720,person
W17787,person
W45581,person
W95501,person
W58940,person
W36846,person
W97167,person
W17306,person
W77686,person
W83680,person
W90594,person
W47524,person
W67995,person
W96563,person
W89857,person
W60145,person
W69029,person
W40713,person
W76032,person
W22127,person
W93128,person
W77504,person
W44095,person
W30275,person
W85247,person
W54740,person
W75971,person
W15325,person
W23143,person
W47955,person
W64859,person
W52671,person
W39379,person
W72174,person
W69907,person
W41173,person
W20129,person
W23879,person
W19426,person
W68479,person
W82190,person
W52035,person
W53374,person
W79642,person
W20575,person
W65371,person
W14306,person
W88410,person
W54803,person
W15838,person
W22435,person
W33627,person
W73710,person
W21519,person
W18409,person
W59362,person
W29038,person
W36916,person
W48601,person
W34671,person
W28052,person
W55508,person
W58546,person
W98826,person
W85677,person
W66613,person
W59074,person
W24311,person
W92328,person
W86645,person
W40311,person
W75958,person
W40741,person
W60913,person
W48517,person
W80947,person
W16118,person
W93509,person
W37116,person
W42375,person
W47027,person
W90142,person
W20636,person
W41935,person
W98254,person
W72832,person
W95545,person
W22519,person
W96778,person
W27694,person
W12066,person
W11503,person
W37867,person
W88633,person
W91257,person
W63759,person
W61242,person
W54859,person
W45676,person
W43748,person
W14725,person
W52048,person
W74193,person
W76395,person
W37219,person
W29700,person
W60962,person
W92883,person
W32959,person
W71744,person
W74342,person
W28215,person
W85177,person
W38011,person
W34469,person
W93352,person
W44110,person
W31673,person
W33510,person
W85260,person
W16507,person
W20844,person
W59271,person
W11826,person
W61095,person
W15594,person
W33889,person
W68242,person
W10894,person
W79790,person
W24767,person
W20015,person
W79200,person
W71138,person
W16835,person
W98000,person
W96237,person
W52678,person
W64175,person
W37802,person
W27697,person
W49960,person
W80599,person
W96330,person
W60321,person
W33557,person
W12163,person
W87733,person
W71026,person
W85986,person
W78136,person
W30904,person
W30544,person
W33999,person
W64483,person
W10272,person
W34370,person
W60433,person
W26398,person
W92720,person
W73274,person
W83313,person
W88272,person
W17359,person
W85903,person
W18048,person
W17164,person
W96425,person
W72419,person
W11374,person
W88765,person
W83357,person
W63088,person
W52278,person
W12842,person
W47078,person
W32352,person
W11693,person
W37609,person
W87262,person
W80520,person
W98724,person
W66137,person
W70525,person
W66818,person
W48504,person
W18708,person
W38440,person
W84923,person
W23865,person
W46922,person
W26638,person
W13547,person
W97481,person
W66334,person
W83706,person
W14219,person
W64999,person
W61694,person
W27904,person
W15108,person
W93753,person
W36562,person
W65594,person
W18189,person
W83977,person
W19338,person
W70248,person
W25102,person
W88939,person
W73531,person
W24218,person
W78051,person
W29818,person
W23804,person
W76908,person
W40626,person
W86626,person
W46192,person
W12712,person
W82016,person
W96768,person
W12570,person
W12808,person
W25895,person
W56802,person
W72176,person
W68515,person
W63802,person
W27654,person
W47408,person
W58036,person
W59156,person
W76756,person
W15216,person
W51886,person
W51474,person
W23595,person
W10188,person
W42676,person
W14099,person
W12045,person
W32004,person
W90629,person
W69658,person
W30336,person
W75246,person
W59407,person
W44635,person
W27350,person
W31311,person
W32951,person
W50928,person
W56845,person
W94000,person
W73118,person
W49204,person
W26230,person
W79495,person
W81507,person
W50947,person
W11437,person
W17977,person
W50962,person
W69588,person
W31857,person
W79508,person
W79084,person
W99965,person
W59215,person
W74113,person
W77341,person
W28614,person
W46239,person
W94869,person
W71325,person
W44320,person
W45657,person
W66481,person
W62724,person
W25025,person
W39276,person
W74434,person
W84042,person
W13307,person
W23003,person
W16521,person
W90618,person
W44086,person
W55643,person
W45578,person
W11737,person
W94696,person
W61558,person
W61420,person
W75912,person
W82310,person
W54044,person
W28351,person
W38466,person
W52980,person
W23780,person
W35189,person
W77940,person
W73501,person
W58006,person
W36017,person
W62419,person
W52539,person
W17690,person
W42540,person
W97245,person
W38701,person
W28790,person
W90896,person
W21800,person
W23785,person
W49881,person
W59261,person
W92895,person
W60762,person
W63557,person
W54203,person
W68676,person
W91808,person
W66027,person
W44319,person
W54003,person
W28842,person
W29324,person
W10828,person
W77053,person
W27695,person
W62957,person
W15607,person
W45310,person
W15109,person
W66943,person
W68490,person
W72665,person
W54027,person
W76291,person
W75621,person
W83375,person
W36120,person
W57163,person
W66868,person
W37601,person
W80575,person
W63241,person
W94985,person
W22708,person
W72776,person
W82855,person
W19276,person
W42496,person
W61049,person
W17719,person
W20145,person
W92439,person
W55510,person
W47051,person
W95311,person
W20741,person
W68813,person
W76726,person
W55208,person
W93972,person
W66986,person
W30142,person
W20842,person
W39889,person
W16836,person
W44929,person
W54173,person
W28094,person
W49368,person
W57677,person
W18561,person
W90846,person
W42455,person
W71445,person
W90818,person
W40540,person
W55639,person
W26284,person
W19880,person
W39995,person
W53997,person
W70211,person
W71908,person
W97043,person
W11793,person
W39351,person
W12432,person
W26890,person
W10976,person
W53039,person
W12395,person
W88474,person
W55358,person
W25639,person
W58954,person
W96815,person
W22356,person
W40266,person
W58280,person
W93568,person
W30731,person
W33577,person
W89941,person
W10901,person
W72971,person
W98960,person
W77022,person
W10872,person
W34762,person
W78214,person
W77892,person
W93316,person
W65507,person
W34834,person
W32359,person
W22681,person
W25527,person
W35637,person
W65610,person
W35298,person
W45817,person
W55130,person
W54361,person
W60455,person
W66378,person
W21193,person
W94469,person
W23599,person
W95697,person
W68706,person
W98743,person
W87676,person
W10385,person
W48092,person
W80298,person
W72051,person
W85478,person
W87302,person
W90916,person
W89542,person
W59568,person
W43737,person
W38579,person
W92735,person
W69281,person
W26208,person
W38308,person
W42547,person
W29724,person
W76571,person
W71144,person
W40562,person
W33212,person
W64797,person
W70634,person
W13079,person
W98614,person
W74776,person
W26036,person
W21635,person
W18725,person
W66886,person
W22633,person
W56658,person
W74903,person
W20060,person
W72509,person
W95931,person
W55313,person
W15560,person
W69737,person
W74858,person
W85216,person
W50371,person
W13683,person
W13882,person
W92629,person
W27527,person
W99944,person
W18821,person
W12050,person
W93451,person
W39050,person
W46333,person
W47572,person
W37509,person
W70629,person
W29154,person
W71718,person
W24406,person
W49820,person
W20452,person
W41923,person
W63517,person
W31720,person
W23579,person
W32615,person
W98964,person
W67474,person
W43851,person
W69238,person
W50088,person
W81545,person
W66805,person
W86194,person
W50275,person
W91888,person
W39462,person
W22395,person
W66474,person
W27421,person
W86341,person
W58519,person
W38057,person
W58137,person
W30791,person
W36896,person
W94347,person
W44014,person
W32645,person
W49414,person
W89217,person
W54213,person
W40370,person
W30777,person
W59617,person
W43635,person
W79090,person
W96218,person
W48470,person
W88760,person
W46525,person
W81528,person
W70632,person
W80251,person
W47159,person
W70128,person
W82473,person
W81765,person
W33388,person
W74805,person
W85127,person
W89279,person
W95295,person
W32035,person
W74537,person
W88864,person
W22160,person
W13461,person
W57659,person
W84165,person
W80916,person
W30390,person
W44169,person
W15913,person
W96031,person
W58787,person
W44523,person
W50625,person
W76312,person
W76720,person
W29527,person
W21153,person
W41114,person
W19175,person
W94273,person
W35602,person
W38897,person
W77960,person
W47417,person
W10488,person
W52770,person
W28821,person
W44441,person
W22369,person
W69619,person
W50486,person
W56011,person
W44070,person
W98053,person
W25979,person
W71275,person
W61298,person
W56528,person
W70699,person
W84642,person
W60030,person
W66164,person
W31593,person
W14553,person
W82036,person
W61728,person
W92943,person
W13385,person
W34345,person
W37003,person
W16486,person
W44461,person
W87447,person
W61838,person
W64555,person
W16194,person
W99654,person
W89678,person
W31395,person
W61596,person
W74629,person
W14728,person
W14050,person
W29397,person
W16014,person
W60926,person
W32724,person
W33720,person
W54267,person
W24309,person
W38983,person
W97847,person
W57513,person
W67397,person
W45325,person
W83006,person
W33536,person
W67779,person
W72431,person
W86657,person
W96420,person
W51667,person
W34399,person
W14878,person
W13771,person
W21285,person
W81188,person
W92942,person
W62507,person
W95526,person
W59447,person
W38420,person
W89136,person
W50702,person
W48845,person
W63486,person
W87061,person
W14501,person
W23336,person
W39593,person
W48431,person
W59055,person
W74786,person
W22788,person
W73581,person
W16072,person
W80457,person
W25934,person
W26640,person
W76848,person
W35639,person
W64349,person
W71021,person
W53001,person
W45805,person
W67893,person
W79015,person
W32123,person
W36774,person
W83300,person
W12594,person
W41140,person
W53241,person
W33958,person
W97941,person
W68133,person
W73634,person
W59123,person
W94339,person
W60793,person
W35226,person
W72157,person
W86048,person
W18793,person
W36808,person
W23669,person
W33813,person
W19509,person
W57661,person
W70705,person
W58605,person
W23561,person
W98553,person
W31097,person
W34812,person
W38336,person
W33711,person
W60365,person
W32142,person
W33423,person
W29808,person
W27106,person
W49350,person
W55007,person
W56349,person
W48920,person
W91924,person
W66572,person
W11762,person
W10737,person
W31658,person
W21499,person
W77126,person
W73887,person
W62831,person
W40495,person
W85060,person
W67845,person
W38360,person
W48696,person
W65394,person
W20495,person
W75721,person
W68716,person
W75627,person
W69116,person
W93712,person
W56724,person
W86020,person
W45776,person
W96625,person
W51063,person
W66663,person
W26737,person
W20308,person
W12521,person
W91975,person
W94565,person
W98213,person
W43439,person
W80973,person
W91133,person
W11039,person
W13167,person
W44905,person
W66123,person
W26702,person
W24084,person
W30134,person
W47916,person
W38463,person
W15885,person
W29719,person
W57744,person
W35016,person
W44586,person
W89137,person
W81217,person
W11133,person
W56422,person
W14888,person
W46473,person
W10812,person
W85582,person
W96624,person
W62084,person
W30657,person
W84601,person
W79115,person
W30101,person
W97972,person
W23548,person
W88416,person
W92515,person
W45142,person
W78861,person
W13919,person
W62156,person
W12724,person
W88450,person
W11589,person
W83468,person
W13498,person
W19435,person
W50123,person
W44129,person
W92006,person
W40246,person
W77287,person
W88779,person
W17404,person
W81795,person
W89399,person
W22933,person
W17068,person
W92458,person
W39031,person
W19239,person
W76428,person
W74098,person
W70504,person
W99584,person
W72008,person
W25659,person
W25366,person
W16277,person
W88388,person
W22311,person
W68829,person
W56403,person
W29287,person
W31769,person
W86292,person
W91454,person
W44202,person
W10250,person
W88656,person
W79226,person
W77517,person
W24403,person
W81383,person
W68476,person
W18304,person
W44652,person
W83792,person
W63826,person
W62211,person
W54695,person
W36019,person
W64888,person
W40269,person
W47502,person
W48123,person
W20333,person
W56147,person
W73161,person
W95360,person
W87039,person
W76146,person
W81269,person
W77075,person
W49381,person
W48691,person
W17380,person
W37508,person
W84551,person
W55423,person
W69155,person
W33299,person
W37423,person
W45375,person
W85226,person
W13375,person
W86828,person
W79640,person
W91175,person
W23322,person
W28160,person
W67167,person
W62240,person
W44257,person
W10505,person
W46902,person
W64781,person
W86260,person
W58741,person
W97117,person
W97904,person
W13499,person
W52428,person
W22524,person
W11754,person
W49279,person
W12544,person
W80062,person
W48341,person
W95831,person
W69489,person
W72223,person
W28964,person
W40771,person
W82999,person
W17149,person
W10062,person
W45478,person
W58507,person
W61890,person
W96799,person
W81345,person
W90158,person
W21005,person
W45949,person
W55846,person
W92588,person
W87273,person
W72436,person
W75070,person
W76951,person
W52799,person
W49674,person
W57881,person
W17801,person
W17370,person
W61305,person
W31139,person
W37124,person
W76891,person
W14726,person
W97513,person
W53134,person
W63530,person
W87336,person
W26301,person
W78697,person
W70909,person
W67149,person
W97171,person
W32822,person
W44159,person
W49115,person
W28706,person
W47558,person
W45880,person
W94044,person
W50590,person
W11009,person
W30573,person
W10110,person
W96230,person
W35406,person
W67178,person
W34193,person
W23992,person
W82218,person
W54428,person
W22840,person
W57104,person
W86243,person
W47483,person
W88519,person
W43614,person
W75123,person
W60998,person
W27761,person
W13089,person
W78958,person
W89632,person
W37740,person
W16066,person
W46040,person
W51277,person
W26052,person
W19913,person
W97055,person
W41713,person
W14566,person
W42880,person
W82909,person
W43818,person
W65758,person
W67084,person
W21033,person
W79383,person
W38205,person
W23348,person
W60155,person
W55685,person
W56285,person
W56308,person
W22905,person
W88991,person
W18061,person
W91557,person
W70930,person
W82063,person
W38672,person
W73754,person
W99970,person
W48244,person
W84511,person
W77177,person
W93757,person
W13640,person
W79752,person
W75916,person
W21659,person
W15651,person
W24592,person
W35169,person
W92165,person
W83994,person
W22135,person
W19772,person
W99630,person
W32425,person
W39189,person
W21482,person
W73982,person
W93011,person
W72698,person
W24975,person
W21489,person
W14754,person
W82380,person
W34674,person
W80193,person
W53994,person
W32488,person
W27335,person
W54005,person
W99403,person
W30183,person
W82710,person
W58821,person
W30950,person
W39355,person
W25591,person
W41191,person
W91418,person
W14970,person
W55144,person
W34690,person
W94548,person
W20526,person
W64544,person
W92020,person
W78134,person
W20093,person
W91224,person
W85404,person
W13896,person
W31147,person
W41570,person
W28428,person
W56402,person
W23498,person
W21262,person
W86996,person
W88263,person
W33537,person
W16485,person
W85378,person
W57702,person
W57415,person
W62722,person
W97450,person
W48972,person
W42563,person
W30511,person
W18568,person
W77017,person
W25960,person
W84967,person
W68914,person
W46507,person
W70050,person
W27292,person
W91186,person
W62905,person
W71044,person
W66961,person
W66887,person
W66603,person
W65411,person
W10671,person
W49245,person
W58314,person
W42157,person
W71066,person
W84764,person
W60265,person
W61879,person
W92172,person
W19184,person
W77568,person
W43596,person
W95418,person
W50268,person
W90540,person
W94169,person
W15964,person
W14164,person
W58556,person
W96954,person
W70869,person
W11882,person
W55603,person
W98042,person
W72629,person
W60904,person
W69518,person
W66071,person
W81482,person
W47775,person
W50986,person
W82566,person
W85882,person
W38224,person
W60485,person
W87827,person
W75860,person
W25742,person
W42737,person
W37064,person
W47316,person
W13673,person
W62275,person
W84848,person
W26715,person
W70950,person
W99647,person
W73758,person
W14992,person
W15808,person
W97482,person
W87706,person
W29944,person
W51045,person
W25631,person
W30649,person
W37152,person
W13180,person
W64972,person
W88885,person
W47762,person
W80701,person
W10888,person
W48217,person
W70424,person
W25500,person
W83118,person
W98686,person
W13894,person
W76668,person
W18632,person
W39341,person
W26205,person
W18141,person
W16763,person
W45606,person
W88398,person
W91886,person
W24606,person
W54565,person
W43096,person
W79606,person
W58461,person
W17804,person
W38649,person
W33176,person
W28471,person
W41821,person
W68719,person
W46996,person
W12096,person
W97648,person
W86256,person
W30423,person
W52108,person
W36658,person
W24601,person
W18814,person
W60685,person
W16326,person
W91635,person
W32569,person
W26792,person
W39033,person
W56723,person
W83219,person
W16073,person
W91505,person
W62667,person
W35132,person
W95414,person
W78824,person
W28260,person
W83900,person
W99790,person
W24709,person
W24078,person
W61348,person
W46124,person
W74082,person
W73245,person
W82191,person
W11393,person
W82921,person
W94700,person
W94340,person
W84234,person
W55318,person
W84340,person
W30690,person
W61322,person
W39432,person
W84982,person
W78361,person
W77238,person
W95789,person
W49933,person
W35110,person
W48066,person
W10480,person
W80720,person
W88581,person
W12047,person
W42433,person
W63544,person
W89736,person
W57963,person
W74785,person
W88285,person
W86749,person
W65083,person
W91297,person
W18223,person
W14938,person
W70149,person
W46397,person
W95361,person
W23206,person
W99729,person
W24219,person
W39524,person
W96333,person
W18502,person
W39119,person
W57647,person
W37845,person
W42539,person
W68629,person
W25384,person
W84650,person
W71825,person
W48291,person
W15496,person
W96931,person
W34178,person
W43356,person
W40300,person
W75129,person
W18700,person
W67744,person
W72347,person
W28942,person
W83337,person
W26998,person
W55672,person
W76936,person
W89100,person
W55081,person
W91476,person
W30438,person
W85678,person
W77411,person
W43357,person
W68897,person
W32047,person
W86107,person
W81833,person
W40233,person
W14591,person
W29532,person
W42625,person
W66413,person
W74511,person
W95482,person
W98333,person
W21330,person
W57266,person
W97444,person
W64388,person
W43137,person
W14081,person
W30519,person
W26207,person
W77284,person
W83353,person
W58780,person
W74663,person
W77175,person
W28032,person
W85204,person
W57500,person
W13748,person
W86910,person
W43216,person
W31692,person
W12924,person
W21172,person
W26816,person
W29924,person
W33891,person
W92686,person
W53959,person
W94090,person
W86475,person
W25072,person
W64464,person
W74968,person
W74190,person
W92529,person
W89821,person
W45524,person
W27920,person
W83659,person
W32789,person
W28084,person
W58885,person
W17358,person
W77149,person
W77650,person
W49664,person
W42753,person
W29989,person
W71375,person
W65379,person
W31262,person
W47858,person
W39560,person
W52122,person
W50412,person
W98377,person
W37326,person
W18705,person
W31579,person
W71452,person
W39240,person
W20737,person
W71539,person
W77806,person
W33990,person
W20188,person
W98085,person
W30284,person
W39332,person
W53020,person
W38669,person
W67737,person
W45760,person
W53017,person
W81109,person
W62069,person
W40471,person
W79280,person
W50885,person
W26853,person
W89529,person
W77112,person
W48499,person
W77641,person
W68183,person
W63740,person
W60153,person
W96711,person
W67266,person
W36514,person
W31964,person
W94723,person
W97584,person
W11052,person
W19146,person
W51236,person
W21751,person
W44668,person
W12422,person
W16249,person
W13982,person
W52634,person
W61336,person
W66383,person
W85186,person
W94595,person
W59524,person
W25343,person
W18168,person
W25809,person
W90258,person
W33844,person
W36981,person
W12266,person
W47564,person
W46264,person
W18020,person
W53822,person
W48978,person
W33847,person
W65815,person
W79539,person
W48694,person
W61047,person
W70347,person
W90275,person
W74086,person
W97559,person
W86333,person
W25529,person
W39962,person
W63790,person
W37190,person
W65558,person
W17999,person
W60704,person
W59285,person
W54096,person
W47361,person
W10598,person
W58487,person
W31644,person
W81472,person
W37429,person
W58378,person
W51301,person
W51333,person
W41024,person
W63529,person
W73349,person
W25576,person
W11202,person
W12851,person
W52848,person
W50756,person
W56574,person
W77003,person
W21728,person
W36980,person
W84409,person
W64720,person
W27802,person
W16260,person
W13078,person
W56690,person
W60034,person
W46646,person
W30530,person
W83030,person
W31873,person
W38834,person
W58846,person
W14936,person
W94938,person
W51780,person
W55893,person
W25733,person
W88027,person
W93203,person
W94402,person
W50532,person
W73883,person
W72295,person
W97226,person
W91089,person
W40527,person
W50086,person
W79409,person
W85035,person
W15207,person
W21658,person
W66273,person
W31483,person
W35681,person
W26168,person
W60434,person
W97252,person
W61683,person
W72956,person
W23870,person
W69636,person
W77229,person
W52242,person
W61274,person
W49742,person
W82400,person
W18554,person
W40184,person
W82982,person
W75739,person
W24470,person
W80068,person
W90988,person
W82410,person
W61076,person
W81956,person
W41875,person
W81732,person
W14740,person
W82262,person
W17116,person
W85884,person
W49011,person
W56281,person
W30517,person
W18178,person
W35545,person
W79531,person
W32683,person
W55063,person
W63504,person
W12038,person
W52976,person
W54930,person
W27049,person
W86736,person
W11178,person
W10153,person
W52791,person
W87692,person
W96313,person
W27618,person
W45592,person
W79471,person
W38316,person
W55554,person
W45571,person
W48394,person
W24659,person
W51078,person
W13605,person
W36484,person
W63108,person
W44116,person
W58478,person
W65528,person
W44450,person
W83427,person
W40006,person
W98482,person
W97471,person
W23023,person
W15444,person
W43914,person
W60421,person
W21705,person
W15386,person
W81786,person
W16210,person
W57529,person
W97716,person
W12351,person
W52613,person
W98293,person
W66607,person
W47914,person
W61467,person
W37254,person
W54755,person
W63368,person
W26798,person
W22110,person
W80283,person
W79785,person
W10640,person
W13156,person
W22623,person
W92797,person
W64411,person
W41099,person
W48526,person
W52768,person
W79049,person
W71592,person
W19550,person
W47257,person
W58670,person
W99058,person
W31893,person
W49989,person
W86310,person
W67420,person
W90005,person
W97216,person
W91493,person
W66843,person
W62287,person
W22652,person
W53528,person
W46816,person
W54234,person
W29494,person
W12755,person
W35665,person
W76718,person
W12122,person
W95856,person
W56361,person
W77977,person
W51989,person
W83393,person
W73010,person
W18407,person
W21687,person
W11295,person
W13925,person
W68007,person
W11267,person
W20432,person
W11136,person
W50655,person
W48643,person
W58722,person
W13643,person
W87339,person
W83917,person
W15067,person
W89165,person
W65599,person
W47780,person
W99871,person
W65684,person
W41178,person
W61029,person
W39922,person
W83621,person
W32317,person
W22856,person
W84534,person
W80286,person
W33368,person
W48367,person
W87799,person
W24408,person
W37892,person
W54419,person
W33741,person
W18552,person
W39835,person
W39680,person
W58660,person
W83688,person
W60181,person
W18797,person
W84396,person
W38644,person
W82678,person
W98075,person
W91516,person
W46155,person
W91352,person
W46117,person
W69936,person
W69138,person
W16574,person
W63588,person
W61411,person
W98918,person
W94573,person
W12903,person
W62788,person
W51716,person
W30863,person
W77019,person
W23544,person
W63835,person
W84576,person
W24537,person
W68154,person
W99323,person
W72912,person
W50344,person
W89544,person
W35822,person
W35687,person
W95485,person
W37362,person
W50884,person
W93226,person
W37621,person
W76497,person
W33580,person
W31435,person
W14200,person
W59603,person
W22734,person
W45395,person
W57280,person
W68826,person
W58678,person
W75003,person
W12461,person
W19826,person
W62872,person
W74250,person
W70771,person
W79415,person
W17451,person
W15265,person
W58423,person
W29592,person
W70593,person
W77776,person
W49672,person
W32343,person
W75673,person
W88968,person
W58358,person
W17580,person
W58254,person
W36033,person
W96734,person
W14704,person
W27972,person
W21348,person
W16951,person
W52927,person
W77214,person
W70735,person
W85447,person
W19908,person
W90214,person
W42447,person
W12770,person
W77657,person
W60393,person
W53556,person
W94425,person
W80784,person
W22236,person
W57570,person
W27184,person
W71880,person
W20653,person
W71357,person
W34126,person
W63354,person
W56078,person
W58989,person
W17237,person
W11006,person
W56765,person
W95189,person
W66734,person
W58265,person
W35343,person
W19399,person
W84533,person
W95013,person
W82797,person
W71348,person
W52767,person
W13077,person
W39207,person
W18465,person
W77268,person
W98204,person
W72921,person
W70903,person
W67562,person
W14237,person
W83666,person
W91019,person
W27599,person
W24302,person
W93654,person
W32790,person
W43743,person
W49943,person
W32806,person
W58364,person
W51799,person
W65209,person
W61275,person
W14608,person
W82683,person
W36206,person
W82165,person
W63097,person
W39579,person
W12458,person
W79991,person
W77971,person
W11179,person
W73168,person
W93953,person
W87994,person
W15338,person
W35605,person
W83990,person
W97314,person
W88761,person
W50735,person
W20865,person
W86190,person
W39367,person
W31248,person
W60647,person
W46634,person
W99043,person
W51385,person
W90488,person
W18659,person
W88080,person
W31790,person
W64319,person
W19638,person
W25585,person
W53774,person
W70146,person
W44289,person
W60027,person
W77428,person
W51372,person
W75289,person
W31324,person
W46326,person
W33015,person
W81641,person
W78371,person
W65032,person
W16886,person
W83320,person
W71461,person
W18408,person
W32376,person
W67543,person
W57847,person
W42135,person
W86715,person
W15722,person
W36088,person
W85506,person
W16781,person
W15106,person
W28625,person
W76488,person
W56869,person
W47109,person
W71694,person
W12984,person
W94884,person
W26661,person
W50350,person
W45208,person
W55538,person
W35454,person
W10601,person
W20691,person
W64786,person
W39441,person
W19751,person
W22509,person
W62219,person
W26528,person
W21274,person
W34694,person
W60705,person
W39403,person
W66876,person
W72413,person
W62696,person
W15435,person
W12877,person
W59942,person
W49451,person
W97653,person
W89676,person
W51858,person
W82172,person
W77557,person
W65646,person
W79682,person
W60611,person
W75698,person
W91065,person
W95179,person
W51091,person
W26605,person
W64189,person
W80793,person
W26738,person
W98093,person
W91130,person
W99797,person
W63157,person
W63852,person
W47542,person
W78175,person
W18611,person
W28329,person
W43382,person
W13523,person
W17461,person
W21535,person
W14013,person
W89520,person
W55751,person
W45039,person
W19147,person
W73706,person
W91022,person
W45603,person
W57842,person
W52159,person
W96610,person
W90405,person
W60973,person
W28053,person
W38148,person
W20572,person
W11132,person
W49659,person
W97554,person
W38876,person
W89135,person
W42493,person
W26781,person
W18455,person
W40616,person
W43460,person
W77147,person
W70015,person
W57281,person
W49102,person
W96938,person
W82821,person
W46199,person
W29113,person
W48584,person
W35989,person
W99314,person
W47965,person
W31255,person
W14020,person
W30264,person
W11817,person
W84417,person
W37439,person
W45118,person
W82609,person
W55796,person
W89591,person
W90124,person
W90913,person
W56776,person
W21458,person
W89366,person
W62124,person
W91567,person
W14353,person
W42385,person
W16167,person
W60423,person
W48976,person
W76409,person
W13655,person
W12953,person
W71811,person
W35660,person
W13554,person
W75349,person
W51129,person
W46286,person
W61575,person
W57303,person
W66739,person
W46417,person
W13642,person
W18435,person
W60710,person
W66176,person
W84181,person
W38082,person
W28554,person
W48965,person
W74362,person
W97295,person
W54784,person
W56312,person
W39243,person
W76822,person
W53189,person
W12307,person
W68546,person
W89070,person
W55541,person
W28217,person
W82599,person
W34460,person
W51566,person
W46343,person
W95487,person
W13949,person
W65557,person
W27096,person
W64256,person
W84984,person
W20780,person
W74845,person
W56573,person
W54970,person
W54524,person
W17168,person
W73291,person
W99588,person
W67026,person
W32060,person
W61026,person
W79603,person
W13669,person
W12790,person
W38564,person
W35836,person
W54356,person
W30406,person
W37602,person
W30621,person
W56394,person
W33136,person
W74639,person
W54655,person
W26385,person
W22243,person
W88205,person
W34650,person
W90216,person
W14776,person
W82106,person
W83028,person
W46765,person
W87301,person
W49941,person
W18648,person
W70389,person
W57854,person
W56693,person
W16555,person
W18111,person
W61457,person
W94861,person
W98242,person
W23716,person
W62687,person
W87803,person
W77493,person
W97039,person
W24498,person
W58484,person
W97392,person
W32729,person
W61917,person
W23190,person
W44934,person
W31616,person
W89103,person
W42059,person
W10668,person
W70369,person
W22630,person
W73535,person
W88339,person
W69643,person
W12121,person
W57751,person
W47596,person
W81683,person
W94485,person
W34734,person
W31554,person
W32694,person
W33843,person
W51924,person
W27258,person
W66030,person
W75461,person
W76106,person
W74879,person
W11448,person
W64233,person
W26286,person
W71477,person
W28216,person
W14707,person
W97008,person
W91883,person
W47990,person
W53164,person
W69038,person
W84401,person
W71779,person
W54207,person
W12206,person
W74603,person
W56369,person
W36767,person
W40755,person
W39036,person
W14529,person
W38761,person
W29112,person
W64932,person
W86197,person
W57878,person
W25169,person
W95067,person
W18055,person
W66204,person
W57988,person
W36157,person
W15060,person
W38393,person
W42881,person
W56965,person
W87401,person
W35367,person
W24067,person
W46188,person
W56341,person
W15840,person
W52169,person
W93141,person
W31934,person
W21290,person
W34733,person
W84586,person
W68105,person
W36356,person
W54045,person
W95511,person
W95447,person
W90744,person
W88773,person
W34749,person
W34296,person
W22067,person
W14903,person
W42815,person
W63311,person
W53296,person
W29169,person
W57701,person
W25879,person
W82636,person
W18260,person
W92699,person
W13146,person
W34351,person
W31075,person
W32046,person
W62354,person
W59502,person
W24088,person
W60396,person
W73748,person
W14401,person
W74835,person
W41864,person
W10867,person
W19041,person
W62145,person
W80170,person
W72063,person
W34104,person
W92158,person
W99720,person
W54706,person
W15819,person
W20135,person
W68578,person
W47845,person
W10639,person
W58073,person
W33833,person
W93505,person
W69437,person
W77296,person
W16386,person
W88056,person
W88976,person
W28933,person
W22807,person
W78162,person
W28796,person
W26380,person
W53077,person
W72111,person
W71359,person
W67698,person
W24111,person
W84215,person
W97040,person
W89629,person
W68810,person
W54948,person
W96033,person
W38646,person
W12368,person
W95506,person
W70835,person
W42596,person
W89153,person
W89641,person
W84057,person
W56659,person
W80207,person
W63519,person
W18395,person
W17557,person
W69763,person
W19606,person
W41246,person
W71019,person
W20397,person
W68694,person
W69110,person
W56430,person
W91744,person
W21175,person
W50720,person
W29691,person
W99188,person
W97826,person
W34583,person
W26544,person
W75649,person
W92068,person
W13337,person
W86988,person
W50981,person
W61003,person
W30355,person
W72198,person
W35443,person
W83408,person
W15848,person
W78437,person
W23727,person
W13133,person
W30126,person
W34200,person
W20310,person
W88148,person
W66896,person
W15664,person
W15186,person
W58062,person
W21668,person
W66156,person
W98832,person
W44357,person
W33251,person
W83835,person
W39096,person
W57214,person
W76838,person
W38083,person
W35761,person
W64090,person
W50993,person
W93918,person
W86115,person
W13897,person
W15686,person
W83229,person
W31260,person
W94299,person
W25628,person
W40894,person
W71253,person
W82941,person
W50181,person
W37242,person
W51065,person
W46720,person
W35354,person
W33267,person
W68046,person
W81621,person
W44556,person
W32829,person
W16570,person
W95270,person
W46602,person
W17507,person
W34369,person
W43885,person
W85304,person
W94253,person
W25275,person
W58982,person
W12813,person
W19969,person
W66973,person
W68912,person
W29239,person
W20798,person
W29100,person
W38735,person
W44622,person
W18284,person
W84641,person
W50327,person
W85516,person
W95393,person
W53707,person
W29676,person
W40914,person
W16225,person
W97555,person
W80879,person
W61460,person
W48030,person
W41747,person
W46346,person
W67720,person
W41790,person
W87424,person
W78946,person
W39216,person
W71845,person
W24643,person
W64481,person
W56939,person
W28343,person
W73279,person
W60550,person
W23897,person
W90934,person
W20947,person
W33589,person
W14850,person
W37763,person
W38955,person
W24156,person
W71622,person
W59977,person
W27682,person
W69472,person
W59732,person
W99432,person
W73421,person
W14386,person
W98303,person
W88620,person
W41340,person
W70244,person
W62673,person
W33598,person
W51383,person
W81104,person
W53589,person
W16567,person
W33983,person
W15963,person
W88232,person
W63897,person
W13712,person
W79026,person
W34269,person
W20005,person
W27611,person
W68325,person
W63848,person
W51300,person
W97787,person
W55094,person
W36991,person
W15695,person
W83542,person
W21589,person
W37856,person
W70337,person
W20517,person
W60439,person
W50201,person
W42898,person
W25063,person
W52387,person
W29559,person
W13853,person
W83840,person
W96594,person
W34655,person
W60141,person
W26267,person
W72384,person
W40949,person
W29407,person
W70823,person
W84394,person
W28258,person
W17935,person
W94856,person
W90315,person
W52763,person
W17644,person
W90925,person
W34408,person
W71177,person
W30877,person
W95508,person
W61104,person
W34696,person
W91396,person
W38660,person
W47600,person
W92659,person
W44041,person
W97493,person
W20407,person
W15057,person
W72132,person
W76989,person
W96439,person
W10587,person
W57236,person
W17396,person
W33900,person
W68251,person
W62087,person
W29051,person
W31982,person
W61392,person
W37222,person
W16232,person
W36011,person
W64096,person
W18069,person
W20932,person
W80140,person
W87773,person
W88785,person
W16922,person
W17267,person
W47335,person
W22860,person
W41578,person
W74081,person
W60073,person
W23457,person
W99031,person
W20283,person
W17093,person
W33396,person
W65530,person
W15877,person
W50830,person
W18274,person
W58817,person
W28919,person
W13496,person
W76968,person
W58733,person
W13612,person
W94417,person
W56268,person
W92059,person
W55378,person
W37878,person
W56378,person
W33113,person
W70299,person
W35922,person
W98610,person
W86409,person
W59908,person
W65042,person
W95925,person
W35327,person
W71710,person
W68516,person
W76526,person
W99846,person
W69677,person
W79758,person
W25365,person
W66200,person
W69324,person
W46728,person
W29591,person
W30150,person
W11122,person
W38236,person
W18293,person
W36853,person
W74328,person
W89462,person
W50289,person
W15356,person
W17856,person
W22673,person
W75418,person
W23091,person
W20662,person
W84758,person
W10549,person
W80029,person
W36863,person
W99378,person
W17456,person
W76269,person
W59593,person
W88668,person
W95817,person
W74977,person
W97326,person
W39998,person
W77541,person
W64633,person
W16307,person
W25006,person
W45127,person
W57343,person
W26990,person
W22813,person
W34954,person
W50116,person
W67229,person
W45001,person
W41728,person
W42141,person
W18653,person
W82284,person
W38750,person
W32633,person
W67731,person
W86270,person
W45701,person
W84698,person
W53118,person
W46684,person
W56482,person
W78488,person
W24475,person
W34841,person
W77547,person
W70428,person
W10292,person
W93130,person
W29766,person
W78585,person
W48962,person
W80385,person
W32582,person
W72221,person
W48077,person
W80882,person
W11982,person
W85609,person
W35238,person
W91767,person
W70433,person
W72613,person
W72667,person
W60081,person
W29255,person
W24353,person
W82831,person
W56714,person
W52993,person
W26942,person
W60804,person
W23485,person
W18436,person
W90809,person
W26406,person
W17040,person
W23959,person
W93284,person
W92463,person
W82193,person
W48362,person
W58967,person
W58372,person
W96110,person
W46837,person
W76867,person
W63943,person
W89080,person
W74770,person
W43039,person
W64245,person
W10362,person
W97123,person
W20248,person
W50991,person
W59753,person
W73603,person
W28943,person
W66064,person
W41624,person
W59584,person
W70311,person
W59141,person
W26994,person
W71615,person
W28415,person
W13540,person
W24070,person
W51493,person
W96744,person
W77173,person
W88769,person
W84663,person
W42379,person
W73904,person
W18945,person
W24086,person
W15469,person
W82682,person
W24702,person
W80040,person
W34844,person
W55442,person
W46121,person
W48778,person
W92716,person
W37188,person
W83619,person
W21943,person
W51294,person
W79088,person
W79380,person
W27524,person
W14235,person
W30570,person
W78689,person
W25151,person
W89645,person
W97746,person
W78101,person
W19282,person
W55830,person
W18448,person
W73703,person
W59737,person
W44577,person
W11227,person
W25137,person
W79794,person
W37862,person
W49234,person
W27837,person
W66824,person
W78455,person
W61431,person
W55732,person
W55982,person
W39197,person
W72441,person
W96294,person
W23940,person
W42261,person
W69774,person
W78456,person
W94826,person
W76196,person
W97491,person
W44985,person
W70290,person
W94160,person
W12464,person
W53325,person
W55957,person
W96555,person
W35073,person
W90705,person
W33754,person
W53372,person
W76477,person
W95688,person
W82916,person
W51369,person
W28679,person
W26289,person
W74275,person
W52866,person
W81452,person
W86888,person
W32567,person
W21338,person
W36962,person
W96638,person
W92376,person
W28890,person
W80105,person
W26672,person
W63460,person
W96628,person
W67094,person
W73623,person
W93760,person
W11327,person
W28424,person
W14746,person
W33040,person
W65145,person
W86766,person
W38717,person
W99512,person
W67942,person
W32430,person
W44539,person
W89558,person
W63950,person
W31578,person
W69718,person
W14362,person
W85893,person
W62063,person
W47819,person
W29240,person
W55088,person
W80220,person
W66630,person
W35694,person
W64550,person
W66423,person
W32234,person
W82533,person
W72098,person
W27267,person
W18900,person
W40714,person
W25828,person
W42198,person
W52234,person
W77534,person
W18232,person
W14472,person
W76999,person
W98334,person
W78263,person
W44672,person
W94048,person
W63622,person
W32873,person
W41521,person
W82189,person
W72565,person
W91366,person
W39042,person
W77102,person
W93926,person
W78995,person
W15247,person
W51783,person
W99203,person
W31348,person
W63326,person
W19700,person
W41469,person
W46800,person
W40149,person
W14869,person
W94537,person
W20998,person
W48776,person
W10609,person
W21009,person
W50177,person
W73657,person
W88699,person
W96208,person
W98921,person
W22639,person
W24035,person
W44369,person
W64368,person
W60714,person
W42016,person
W34477,person
W66101,person
W38071,person
W23014,person
W16357,person
W24256,person
W39279,person
W98476,person
W16127,person
W46219,person
W14059,person
W30923,person
W54775,person
W75381,person
W96552,person
W69070,person
W24087,person
W89762,person
W95216,person
W32561,person
W92236,person
W26876,person
W35808,person
W62632,person
W63539,person
W88895,person
W83999,person
W90415,person
W14909,person
W36164,person
W55994,person
W96406,person
W92709,person
W34114,person
W90781,person
W19782,person
W54140,person
W93152,person
W73909,person
W95666,person
W81381,person
W54791,person
W41104,person
W27409,person
W49724,person
W28731,person
W30873,person
W85149,person
W57610,person
W90789,person
W25114,person
W29689,person
W55085,person
W29197,person
W75568,person
W69451,person
W42160,person
W59326,person
W28696,person
W41165,person
W38708,person
W61464,person
W36085,person
W10687,person
W37118,person
W92541,person
W23936,person
W98282,person
W38195,person
W65010,person
W82899,person
W99173,person
W80010,person
W19565,person
W21849,person
W79506,person
W42652,person
W26444,person
W64425,person
W12976,person
W38448,person
W94765,person
W63121,person
W48769,person
W53917,person
W48514,person
W42374,person
W45794,person
W51003,person
W50320,person
W71091,person
W12309,person
W62376,person
W71051,person
W54811,person
W90074,person
W66963,person
W54845,person
W18197,person
W31662,person
W71739,person
W74427,person
W28019,person
W16020,person
W76124,person
W99819,person
W82623,person
W93315,person
W52041,person
W47922,person
W90303,person
W21603,person
W68707,person
W51052,person
W91549,person
W32793,person
W17347,person
W25959,person
W65510,person
W69191,person
W64970,person
W33950,person
W33836,person
W55231,person
W96150,person
W35829,person
W37026,person
W20963,person
W47269,person
W22195,person
W22497,person
W32496,person
W96582,person
W28746,person
W87115,person
W18729,person
W77596,person
W10306,person
W35666,person
W57946,person
W57181,person
W56537,person
W80807,person
W51658,person
W12978,person
W90615,person
W27731,person
W84570,person
W43200,person
W74821,person
W61455,person
W21368,person
W72395,person
W92599,person
W36573,person
W75195,person
W38961,person
W74405,person
W99782,person
W16096,person
W67282,person
W42022,person
W50734,person
W95707,person
W75842,person
W36442,person
W38428,person
W38841,person
W76105,person
W58391,person
W97013,person
W80781,person
W22490,person
W84206,person
W55136,person
W79929,person
W34743,person
W20141,person
W84136,person
W45594,person
W45044,person
W78273,person
W27130,person
W98712,person
W51946,person
W19904,person
W44165,person
W99700,person
W88084,person
W68099,person
W85185,person
W68805,person
W24198,person
W27070,person
W39415,person
W15900,person
W45350,person
W86150,person
W86786,person
W29927,person
W27383,person
W68566,person
W32494,person
W44614,person
W96296,person
W25299,person
W58324,person
W80164,person
W27189,person
W69706,person
W50882,person
W27098,person
W87076,person
W48805,person
W67138,person
W60702,person
W91465,person
W87816,person
W77168,person
W29863,person
W79820,person
W88655,person
W32533,person
W67296,person
W27918,person
W50016,person
W78259,person
W79481,person
W75791,person
W16925,person
W85751,person
W96312,person
W45089,person
W64607,person
W41391,person
W28399,person
W83388,person
W30695,person
W95977,person
W83395,person
W84559,person
W87500,person
W60938,person
W68569,person
W31415,person
W46028,person
W85188,person
W49233,person
W52348,person
W34944,person
W84364,person
W53599,person
W96086,person
W98588,person
W40707,person
W43605,person
W47355,person
W16631,person
W65662,person
W61865,person
W75579,person
W84891,person
W64246,person
W29875,person
W48729,person
W62223,person
W60168,person
W47513,person
W48022,person
W33636,person
W72899,person
W57779,person
W68701,person
W95947,person
W83215,person
W80667,person
W20789,person
W10220,person
W43071,person
W76402,person
W58212,person
W72345,person
W86567,person
W40101,person
W96671,person
W86908,person
W58713,person
W28038,person
W24998,person
W28822,person
W44900,person
W37879,person
W77647,person
W31264,person
W51334,person
W56391,person
W78852,person
W70588,person
W98646,person
W22058,person
W92043,person
W94441,person
W94912,person
W71163,person
W95259,person
W30647,person
W12124,person
W36280,person
W24314,person
W40879,person
W75199,person
W98508,person
W87247,person
W85596,person
W62529,person
W95231,person
W28312,person
W66720,person
W32154,person
W82705,person
W10865,person
W13015,person
W53346,person
W46509,person
W56229,person
W18511,person
W76140,person
W97686,person
W27311,person
W37726,person
W56431,person
W90352,person
W98962,person
W75132,person
W60028,person
W29175,person
W93873,person
W40378,person
W44287,person
W41377,person
W36836,person
W61963,person
W65699,person
W96505,person
W42983,person
W64735,person
W22492,person
W92721,person
W51971,person
W24867,person
W97063,person
W38630,person
W64650,person
W32946,person
W95320,person
W42190,person
W17251,person
W11845,person
W74118,person
W78676,person
W38552,person
W50669,person
W67983,person
W19350,person
W96475,person
W21661,person
W62280,person
W43964,person
W25638,person
W15701,person
W95613,person
W73696,person
W15053,person
W38924,person
W87201,person
W23923,person
W98180,person
W40579,person
W29575,person
W86181,person
W98197,person
W72593,person
W84327,person
W11249,person
W72559,person
W47529,person
W20601,person
W64007,person
W56737,person
W68291,person
W54315,person
W36662,person
W80065,person
W29003,person
W99676,person
W89587,person
W62366,person
W38652,person
W80517,person
W98444,person
W38146,person
W34485,person
W83456,person
W12931,person
W69579,person
W23585,person
W86347,person
W27965,person
W78837,person
W63573,person
W47448,person
W21325,person
W18792,person
W28604,person
W19891,person
W67537,person
W47666,person
W72038,person
W80691,person
W46988,person
W78723,person
W38704,person
W83186,person
W94489,person
W95249,person
W15483,person
W73284,person
W14161,person
W50159,person
W72705,person
W41523,person
W43794,person
W48114,person
W85576,person
W71184,person
W12564,person
W86489,person
W61928,person
W63875,person
W93549,person
W46737,person
W72941,person
W92212,person
W72962,person
W64308,person
W21861,person
W95003,person
W70496,person
W93709,person
W71529,person
W37566,person
W51447,person
W33767,person
W69900,person
W56269,person
W68553,person
W57700,person
W97331,person
W82948,person
W32089,person
W38251,person
W53196,person
W62121,person
W28955,person
W41054,person
W67509,person
W16457,person
W61443,person
W83837,person
W17749,person
W77946,person
W59578,person
W20104,person
W13226,person
W71793,person
W91188,person
W37781,person
W99186,person
W84678,person
W81401,person
W10029,person
W63251,person
W66407,person
W59330,person
W85965,person
W44630,person
W44531,person
W53265,person
W64197,person
W98036,person
W86631,person
W76507,person
W82794,person
W72207,person
W47619,person
W99548,person
W55418,person
W19907,person
W82940,person
W55871,person
W72893,person
W21431,person
W81158,person
W41968,person
W83616,person
W83751,person
W96188,person
W94380,person
W74356,person
W83102,person
W13670,person
W36262,person
W91357,person
W42586,person
W13411,person
W94268,person
W27193,person
W83861,person
W37987,person
W34669,person
W26169,person
W78098,person
W45501,person
W47536,person
W72420,person
W47769,person
W48771,person
W18755,person
W24848,person
W26028,person
W97266,person
W61401,person
W27980,person
W77030,person
W48168,person
W72433,person
W61210,person
W49880,person
W58914,person
W96006,person
W69833,person
W99726,person
W25853,person
W75625,person
W78414,person
W48982,person
W49963,person
W48841,person
W23515,person
W93185,person
W59000,person
W99891,person
W98290,person
W48512,person
W27297,person
W49136,person
W55922,person
W69894,person
W55428,person
W43006,person
W32589,person
W30380,person
W65551,person
W85854,person
W25075,person
W51595,person
W11616,person
W55077,person
W69805,person
W98049,person
W32138,person
W62006,person
W78002,person
W18394,person
W27139,person
W97658,person
W31647,person
W68752,person
W77932,person
W64160,person
W21304,person
W32160,person
W20202,person
W40962,person
W22526,person
W11916,person
W71103,person
W75541,person
W67736,person
W23555,person
W28066,person
W55471,person
W51777,person
W86687,person
W51331,person
W56667,person
W33725,person
W71299,person
W30628,person
W34543,person
W73486,person
W51201,person
W27240,person
W84730,person
W13872,person
W16639,person
W63755,person
W29753,person
W71701,person
W42878,person
W18163,person
W18287,person
W57298,person
W23927,person
W21483,person
W64523,person
W56803,person
W28438,person
W14238,person
W36460,person
W53407,person
W41729,person
W39818,person
W34337,person
W85948,person
W91925,person
W61386,person
W83415,person
W67279,person
W82889,person
W44223,person
W72724,person
W54392,person
W80897,person
W80434,person
W36604,person
W16613,person
W78320,person
W84482,person
W89938,person
W85928,person
W77692,person
W78032,person
W25781,person
W17842,person
W28803,person
W75685,person
W66367,person
W36255,person
W67206,person
W84105,person
W43467,person
W95281,person
W20364,person
W55457,person
W99704,person
W77248,person
W27060,person
W78619,person
W16938,person
W66769,person
W67024,person
W18682,person
W98899,person
W62817,person
W39323,person
W92450,person
W25451,person
W15191,person
W66488,person
W93744,person
W85425,person
W89015,person
W16910,person
W80959,person
W73041,person
W14514,person
W20030,person
W50672,person
W85443,person
W23379,person
W55244,person
W13617,person
W30187,person
W11334,person
W65277,person
W32015,person
W23392,person
W18059,person
W71447,person
W54578,person
W21359,person
W57147,person
W71425,person
W27858,person
W77609,person
W48528,person
W79327,person
W72588,person
W49530,person
W70893,person
W15837,person
W29679,person
W71068,person
W40945,person
W71045,person
W84224,person
W15714,person
W97766,person
W64575,person
W29016,person
W51013,person
W14509,person
W35881,person
W29445,person
W15063,person
W93533,person
W71088,person
W13174,person
W29298,person
W63418,person
W62007,person
W54574,person
W28397,person
W58005,person
W42410,person
W36375,person
W99743,person
W41955,person
W88330,person
W39310,person
W32940,person
W17915,person
W62596,person
W65811,person
W30080,person
W86821,person
W15578,person
W95228,person
W83910,person
W69918,person
W16895,person
W73826,person
W45983,person
W31834,person
W59623,person
W70088,person
W63741,person
W14944,person
W79764,person
W64337,person
W39465,person
W32300,person
W60673,person
W73401,person
W73773,person
W84374,person
W70957,person
W76574,person
W62213,person
W11288,person
W50082,person
W26092,person
W13217,person
W36595,person
W75163,person
W30247,person
W33496,person
W23860,person
W63895,person
W60223,person
W86404,person
W42674,person
W19012,person
W67619,person
W92313,person
W37756,person
W47432,person
W97374,person
W69350,person
W94070,person
W17105,person
W81759,person
W41650,person
W66084,person
W15302,person
W35787,person
W24066,person
W31802,person
W95577,person
W67473,person
W28899,person
W87300,person
W30927,person
W19641,person
W99931,person
W66643,person
W63275,person
W40026,person
W31748,person
W24165,person
W62819,person
W48952,person
W88356,person
W51035,person
W55156,person
W56423,person
W19159,person
W18326,person
W51592,person
W21723,person
W97452,person
W27667,person
W97093,person
W42659,person
W10026,person
W13747,person
W56241,person
W84496,person
W58488,person
W73632,person
W16734,person
W33041,person
W94635,person
W96243,person
W33006,person
W24796,person
W63597,person
W61297,person
W72278,person
W84112,person
W85420,person
W96382,person
W60187,person
W72324,person
W43355,person
W89741,person
W78473,person
W69511,person
W75786,person
W70466,person
W95731,person
W23892,person
W65071,person
W43398,person
W90134,person
W35269,person
W49198,person
W44306,person
W98033,person
W48883,person
W21323,person
W34978,person
W16528,person
W63380,person
W52952,person
W13611,person
W61154,person
W92555,person
W20748,person
W81318,person
W71973,person
W11163,person
W99876,person
W94799,person
W73433,person
W83742,person
W36103,person
W91341,person
W77902,person
W11470,person
W92354,person
W84303,person
W61814,person
W97393,person
W80850,person
W66661,person
W81714,person
W86552,person
W28151,person
W16298,person
W31710,person
W95563,person
W74486,person
W88140,person
W80542,person
W22822,person
W70392,person
W47794,person
W21936,person
W89859,person
W51960,person
W48371,person
W80726,person
W34837,person
W96611,person
W17897,person
W82894,person
W71376,person
W70813,person
W34542,person
W86718,person
W64469,person
W81017,person
W75436,person
W94520,person
W56189,person
W67600,person
W10652,person
W79050,person
W54768,person
W42617,person
W26353,person
W55824,person
W67522,person
W41656,person
W20277,person
W42820,person
W88741,person
W10914,person
W35401,person
W78096,person
W83645,person
W38310,person
W64061,person
W96102,person
W73225,person
W61327,person
W15511,person
W83686,person
W17408,person
W72194,person
W56045,person
W93919,person
W63144,person
W26122,person
W40386,person
W10757,person
W32875,person
W36672,person
W37966,person
W54612,person
W93271,person
W83199,person
W66365,person
W43094,person
W15423,person
W78468,person
W63225,person
W56602,person
W15341,person
W87394,person
W22859,person
W36029,person
W79250,person
W77325,person
W52059,person
W12791,person
W89962,person
W98081,person
W49376,person
W91230,person
W14010,person
W94992,person
W32665,person
W17799,person
W50966,person
W20744,person
W49199,person
W18581,person
W52845,person
W33332,person
W59842,person
W40243,person
W92809,person
W31370,person
W50790,person
W73695,person
W11825,person
W30259,person
W19364,person
W48122,person
W54305,person
W14296,person
W83381,person
W86477,person
W33677,person
W11677,person
W83277,person
W37664,person
W66842,person
W57371,person
W61285,person
W70590,person
W91722,person
W64593,person
W97968,person
W79854,person
W60324,person
W91651,person
W62573,person
W62844,person
W52153,person
W22527,person
W47599,person
W31035,person
W80460,person
W33820,person
W16454,person
W71681,person
W84298,person
W94754,person
W28212,person
W78693,person
W37014,person
W28034,person
W79800,person
W59401,person
W45570,person
W13369,person
W42969,person
W55393,person
W86449,person
W55700,person
W52803,person
W59554,person
W83656,person
W99282,person
W92096,person
W64624,person
W48106,person
W77644,person
W24972,person
W93810,person
W21876,person
W67457,person
W32980,person
W61826,person
W23978,person
W23853,person
W54952,person
W56907,person
W87593,person
W94312,person
W10444,person
W60344,person
W34323,person
W64137,person
W73444,person
W77884,person
W36339,person
W77118,person
W73638,person
W91099,person
W35791,person
W78540,person
W22836,person
W75836,person
W47523,person
W56673,person
W52459,person
W71374,person
W19448,person
W70738,person
W68124,person
W90589,person
W23212,person
W82617,person
W35158,person
W67274,person
W39595,person
W19588,person
W62045,person
W92779,person
W36143,person
W58191,person
W60995,person
W16362,person
W23475,person
W39382,person
W80998,person
W36825,person
W25477,person
W88824,person
W86620,person
W24500,person
W45207,person
W45420,person
W49593,person
W11337,person
W72087,person
W85920,person
W31488,person
W57062,person
W18905,person
W41772,person
W49377,person
W26049,person
W63106,person
W51706,person
W22506,person
W94115,person
W36539,person
W27700,person
W35617,person
W68013,person
W47087,person
W60902,person
W21666,person
W68256,person
W62946,person
W78667,person
W99985,person
W34385,person
W87132,person
W54182,person
W55970,person
W64218,person
W15280,person
W29333,person
W96460,person
W81240,person
W54484,person
W55959,person
W51454,person
W28338,person
W48416,person
W85489,person
W81992,person
W59494,person
W69190,person
W94237,person
W70395,person
W47833,person
W39556,person
W67215,person
W80854,person
W86130,person
W48435,person
W62023,person
W21541,person
W90092,person
W48875,person
W92022,person
W83304,person
W69515,person
W91283,person
W65606,person
W64612,person
W96277,person
W73507,person
W18183,person
W15078,person
W13599,person
W76976,person
W38261,person
W90530,person
W59721,person
W97204,person
W40113,person
W28042,person
W91178,person
W10302,person
W23510,person
W20324,person
W12882,person
W48854,person
W36747,person
W97760,person
W81124,person
W58013,person
W27346,person
W96692,person
W91828,person
W53333,person
W92518,person
W94277,person
W33168,person
W86383,person
W14979,person
W30159,person
W21884,person
W89021,person
W45367,person
W73762,person
W61768,person
W88910,person
W24307,person
W77696,person
W43317,person
W48253,person
W92715,person
W13534,person
W44436,person
W86455,person
W49354,person
W20604,person
W53851,person
W93399,person
W18175,person
W25916,person
W71230,person
W73511,person
W52240,person
W39353,person
W41503,person
W16798,person
W37993,person
W23659,person
W22234,person
W92038,person
W33893,person
W63581,person
W24501,person
W26917,person
W29983,person
W19242,person
W53786,person
W90082,person
W10216,person
W80113,person
W37057,person
W67042,person
W46025,person
W32915,person
W87764,person
W12168,person
W41386,person
W98920,person
W90606,person
W89689,person
W59135,person
W64071,person
W68514,person
W48644,person
W16239,person
W68727,person
W31614,person
W21247,person
W78616,person
W33526,person
W26677,person
W24361,person
W27022,person
W15003,person
W75491,person
W85921,person
W92880,person
W58466,person
W41714,person
W51119,person
W37663,person
W23624,person
W68324,person
W59202,person
W91561,person
W79364,person
W89806,person
W20582,person
W85138,person
W40301,person
W89658,person
W10900,person
W48183,person
W85012,person
W94360,person
W18579,person
W22002,person
W98987,person
W19923,person
W92563,person
W20999,person
W81323,person
W80931,person
W27645,person
W88808,person
W35560,person
W10630,person
W65868,person
W89884,person
W70834,person
W97997,person
W95606,person
W43230,person
W99138,person
W59121,person
W45903,person
W23946,person
W86069,person
W32232,person
W18239,person
W69950,person
W46747,person
W39339,person
W62319,person
W32436,person
W12510,person
W69233,person
W24230,person
W20638,person
W83789,person
W51870,person
W29590,person
W21179,person
W40844,person
W12416,person
W81177,person
W76738,person
W48471,person
W36790,person
W24021,person
W87746,person
W16302,person
W32673,person
W15120,person
W24574,person
W40210,person
W69004,person
W43952,person
W86698,person
W67724,person
W61627,person
W81899,person
W47806,person
W94930,person
W94242,person
W21553,person
W79661,person
W40760,person
W79618,person
W22753,person
W87366,person
W74975,person
W66711,person
W51363,person
W15969,person
W35607,person
W38532,person
W20810,person
W59656,person
W15970,person
W95387,person
W17402,person
W51391,person
W59125,person
W36099,person
W16149,person
W55709,person
W69447,person
W66521,person
W60258,person
W43683,person
W64791,person
W44701,person
W18097,person
W17313,person
W22536,person
W21220,person
W14674,person
W82574,person
W32207,person
W48542,person
W58657,person
W93536,person
W83897,person
W21481,person
W63073,person
W44771,person
W74765,person
W84236,person
W19074,person
W85102,person
W89989,person
W42636,person
W61019,person
W11708,person
W75644,person
W50824,person
W58991,person
W32826,person
W56262,person
W62391,person
W86231,person
W36891,person
W82243,person
W26731,person
W82278,person
W57349,person
W88473,person
W39250,person
W12590,person
W11396,person
W86031,person
W37810,person
W85148,person
W61540,person
W63235,person
W38817,person
W83633,person
W50524,person
W43175,person
W80420,person
W55815,person
W89275,person
W95984,person
W29713,person
W75069,person
W58947,person
W53911,person
W17429,person
W11454,person
W84677,person
W67565,person
W90475,person
W10515,person
W46452,person
W48147,person
W52483,person
W70000,person
W29137,person
W91221,person
W11907,person
W93656,person
W37164,person
W87035,person
W76697,person
W82244,person
W89607,person
W63629,person
W80364,person
W10329,person
W40349,person
W76509,person
W11864,person
W58400,person
W79550,person
W55608,person
W62635,person
W23745,person
W32484,person
W36489,person
W63714,person
W90080,person
W51713,person
W85983,person
W68042,person
W57622,person
W96981,person
W46690,person
W46163,person
W45843,person
W48078,person
W28897,person
W38682,person
W34210,person
W55928,person
W39513,person
W39117,person
W52880,person
W94778,person
W39920,person
W56994,person
W25402,person
W16541,person
W46935,person
W13648,person
W91180,person
W35147,person
W54804,person
W39712,person
W31708,person
W22744,person
W99880,person
W85381,person
W89252,person
W10473,person
W98846,person
W51821,person
W12680,person
W61684,person
W31905,person
W72417,person
W23454,person
W26732,person
W30813,person
W35011,person
W66700,person
W38848,person
W88360,person
W41363,person
W29772,person
W94468,person
W29279,person
W69662,person
W65192,person
W25253,person
W20362,person
W91318,person
W95558,person
W64328,person
W17210,person
W41501,person
W95842,person
W61536,person
W44115,person
W14953,person
W80023,person
W26150,person
W89576,person
W71664,person
W49405,person
W91289,person
W62870,person
W43668,person
W17980,person
W95672,person
W52527,person
W30295,person
W54071,person
W94315,person
W59027,person
W26461,person
W53309,person
W29567,person
W55323,person
W73502,person
W59847,person
W57895,person
W87967,person
W99827,person
W60675,person
W74493,person
W32278,person
W27036,person
W43131,person
W84175,person
W50309,person
W54962,person
W22291,person
W69351,person
W54512,person
W95294,person
W22272,person
W83650,person
W40412,person
W68289,person
W54960,person
W47445,person
W32830,person
W32671,person
W27357,person
W21738,person
W64975,person
W90695,person
W60805,person
W65490,person
W25415,person
W18799,person
W75565,person
W19312,person
W46951,person
W79806,person
W80535,person
W71882,person
W31059,person
W53433,person
W48555,person
W23447,person
W44026,person
W88539,person
W19821,person
W21013,person
W48652,person
W34836,person
W42607,person
W95724,person
W30479,person
W59843,person
W62382,person
W72170,person
W27050,person
W28118,person
W97687,person
W97310,person
W23309,person
W42598,person
W30436,person
W24730,person
W80800,person
W65913,person
W42841,person
W42117,person
W27312,person
W35331,person
W93678,person
W53859,person
W40124,person
W81908,person
W65892,person
W30887,person
W64200,person
W29935,person
W34858,person
W94551,person
W21058,person
W84245,person
W64436,person
W28460,person
W66901,person
W33693,person
W51685,person
W68500,person
W52116,person
W77856,person
W97789,person
W36012,person
W60905,person
W15275,person
W13704,person
W83154,person
W90570,person
W63978,person
W58181,person
W50042,person
W49678,person
W62894,person
W68313,person
W77823,person
W97483,person
W21246,person
W29184,person
W75104,person
W49151,person
W98046,person
W25885,person
W22454,person
W33281,person
W57951,person
W37121,person
W93538,person
W60294,person
W18551,person
W89173,person
W93490,person
W47830,person
W88726,person
W69298,person
W22963,person
W16862,person
W63989,person
W17465,person
W31107,person
W86307,person
W58565,person
W28103,person
W53562,person
W45146,person
W70270,person
W13126,person
W72141,person
W76851,person
W68170,person
W43649,person
W15339,person
W81622,person
W30450,person
W86900,person
W36535,person
W69745,person
W25822,person
W42216,person
W38782,person
W41742,person
W95518,person
W84176,person
W64451,person
W42472,person
W85358,person
W64931,person
W70261,person
W85675,person
W75185,person
W69713,person
W30484,person
W28020,person
W53108,person
W88198,person
W91024,person
W51186,person
W17527,person
W76783,person
W47724,person
W16865,person
W22466,person
W25431,person
W88292,person
W16773,person
W63829,person
W90724,person
W58925,person
W42760,person
W45644,person
W65273,person
W21184,person
W74705,person
W54222,person
W56507,person
W33726,person
W65618,person
W13856,person
W47070,person
W32065,person
W86156,person
W56937,person
W15506,person
W14618,person
W12845,person
W98680,person
W56712,person
W46428,person
W60189,person
W69216,person
W48544,person
W23205,person
W66736,person
W65438,person
W79720,person
W11361,person
W45075,person
W77061,person
W30733,person
W63236,person
W18534,person
W10420,person
W34080,person
W79711,person
W85098,person
W52985,person
W23906,person
W54013,person
W99785,person
W45918,person
W45107,person
W10036,person
W74818,person
W39298,person
W56627,person
W73760,person
W17457,person
W59577,person
W90174,person
W21015,person
W87980,person
W47284,person
W80422,person
W90422,person
W82098,person
W99847,person
W20082,person
W42938,person
W75515,person
W23157,person
W53730,person
W51444,person
W39442,person
W61149,person
W12583,person
W94593,person
W80718,person
W27140,person
W59448,person
W63188,person
W75737,person
W72628,person
W90918,person
W80299,person
W78980,person
W46112,person
W40733,person
W13195,person
W17635,person
W80883,person
W14691,person
W27807,person
W59329,person
W97697,person
W55440,person
W95040,person
W17854,person
W60118,person
W22994,person
W83552,person
W39629,person
W10689,person
W77107,person
W91704,person
W46363,person
W82751,person
W39655,person
W25186,person
W60129,person
W33284,person
W16238,person
W26040,person
W67121,person
W16878,person
W15553,person
W86589,person
W85442,person
W44805,person
W28382,person
W91067,person
W16190,person
W56849,person
W44650,person
W98338,person
W98144,person
W10013,person
W46214,person
W69450,person
W14129,person
W59239,person
W68889,person
W15825,person
W71719,person
W86889,person
W16731,person
W22871,person
W53364,person
W76957,person
W85513,person
W16990,person
W41470,person
W45869,person
W22576,person
W46318,person
W63537,person
W61886,person
W94533,person
W89336,person
W54052,person
W61982,person
W88575,person
W97677,person
W96507,person
W93669,person
W74895,person
W93960,person
W40519,person
W33357,person
W19279,person
W95546,person
W81390,person
W79293,person
W66944,person
W36241,person
W11688,person
W19658,person
W47727,person
W72875,person
W73216,person
W71320,person
W68638,person
W50028,person
W64696,person
W32616,person
W32727,person
W86870,person
W27192,person
W10164,person
W41226,person
W21101,person
W22829,person
W92407,person
W29695,person
W44386,person
W84793,person
W38053,person
W76568,person
W44389,person
W82642,person
W24555,person
W93322,person
W86303,person
W14213,person
W43307,person
W16145,person
W73874,person
W70114,person
W54843,person
W58393,person
W33218,person
W62196,person
W20302,person
W35057,person
W48745,person
W81343,person
W46041,person
W95170,person
W97590,person
W42352,person
W56342,person
W22725,person
W62314,person
W62311,person
W62751,person
W92436,person
W65091,person
W67802,person
W30889,person
W61335,person
W69109,person
W76414,person
W16312,person
W33511,person
W46175,person
W21363,person
W55988,person
W70063,person
W59504,person
W40951,person
W44097,person
W35315,person
W30081,person
W86381,person
W89209,person
W92665,person
W69995,person
W41705,person
W40500,person
W31997,person
W64794,person
W66171,person
W35003,person
W45546,person
W47096,person
W93534,person
W65766,person
W64991,person
W35553,person
W71888,person
W20257,person
W14438,person
W38554,person
W48498,person
W71563,person
W47961,person
W19093,person
W55818,person
W86486,person
W43000,person
W75563,person
W76325,person
W57354,person
W94398,person
W13474,person
W53887,person
W31819,person
W41057,person
W53389,person
W84529,person
W36204,person
W24206,person
W85192,person
W21446,person
W14248,person
W59375,person
W37672,person
W25693,person
W31176,person
W75057,person
W83617,person
W37369,person
W78998,person
W18469,person
W24823,person
W32975,person
W73281,person
W66672,person
W26281,person
W75161,person
W14680,person
W79781,person
W78866,person
W27151,person
W55902,person
W68691,person
W82130,person
W59520,person
W45875,person
W48851,person
W80741,person
W22850,person
W36559,person
W14652,person
W61039,person
W83073,person
W38409,person
W67339,person
W87668,person
W83598,person
W40289,person
W59592,person
W42235,person
W50333,person
W82725,person
W66912,person
W93456,person
W96646,person
W38237,person
W16052,person
W70054,person
W55900,person
W32519,person
W47289,person
W30449,person
W57732,person
W57080,person
W15951,person
W21118,person
W31298,person
W67314,person
W15204,person
W35461,person
W70109,person
W37933,person
W49021,person
W78362,person
W91568,person
W69787,person
W26782,person
W32770,person
W93257,person
W75653,person
W86571,person
W49157,person
W38662,person
W84485,person
W98565,person
W22465,person
W43838,person
W97989,person
W87019,person
W11378,person
W21151,person
W79463,person
W18086,person
W37096,person
W86883,person
W53279,person
W62753,person
W81582,person
W24530,person
W58290,person
W56454,person
W11647,person
W71935,person
W40084,person
W26812,person
W99106,person
W38063,person
W83266,person
W42772,person
W19661,person
W48449,person
W51291,person
W90084,person
W95350,person
W68852,person
W18920,person
W33591,person
W47012,person
W36960,person
W48953,person
W15595,person
W57991,person
W46830,person
W56351,person
W20259,person
W88896,person
W82099,person
W74518,person
W95455,person
W34263,person
W24755,person
W77129,person
W15558,person
W46909,person
W53945,person
W25757,person
W91620,person
W59077,person
W81196,person
W45286,person
W70575,person
W59536,person
W34768,person
W39599,person
W33355,person
W23012,person
W79686,person
W27392,person
W16034,person
W63428,person
W93658,person
W70821,person
W51219,person
W98758,person
W63594,person
W28828,person
W24615,person
W49803,person
W51833,person
W59395,person
W41618,person
W78854,person
W57174,person
W96974,person
W36015,person
W82661,person
W64609,person
W55734,person
W75799,person
W28372,person
W92838,person
W53965,person
W51964,person
W41215,person
W91111,person
W48008,person
W70445,person
W96474,person
W42954,person
W85357,person
W28818,person
W17574,person
W31975,person
W36161,person
W53125,person
W15476,person
W58590,person
W59328,person
W84961,person
W12580,person
W28301,person
W90168,person
W68166,person
W72952,person
W48807,person
W92674,person
W14423,person
W79628,person
W31487,person
W28261,person
W31175,person
W20801,person
W38311,person
W55210,person
W63051,person
W68945,person
W56154,person
W70194,person
W19487,person
W73250,person
W80072,person
W84800,person
W53744,person
W84831,person
W44215,person
W22232,person
W82133,person
W32937,person
W31895,person
W31222,person
W66532,person
W14314,person
W65465,person
W79438,person
W10205,person
W81730,person
W69040,person
W43821,person
W77545,person
W39093,person
W64775,person
W51629,person
W91322,person
W67203,person
W90743,person
W23402,person
W51023,person
W34354,person
W41398,person
W15961,person
W26000,person
W54639,person
W73766,person
W71416,person
W24050,person
W17252,person
W91165,person
W37992,person
W55809,person
W82968,person
W87243,person
W52534,person
W31746,person
W88423,person
W75730,person
W98595,person
W61832,person
W19915,person
W46627,person
W71536,person
W11077,person
W18995,person
W85467,person
W44278,person
W53446,person
W91807,person
W13368,person
W55045,person
W78261,person
W98934,person
W57300,person
W52741,person
W90545,person
W86604,person
W84837,person
W92898,person
W34603,person
W10562,person
W38241,person
W49264,person
W75660,person
W36456,person
W43661,person
W97542,person
W15267,person
W79555,person
W72168,person
W12641,person
W73338,person
W11548,person
W40179,person
W90130,person
W53949,person
W28925,person
W28864,person
W77101,person
W36021,person
W53329,person
W24843,person
W92479,person
W31177,person
W48076,person
W16832,person
W75173,person
W46609,person
W10778,person
W34801,person
W23689,person
W55579,person
W94769,person
W23781,person
W50503,person
W88026,person
W11890,person
W95439,person
W21255,person
W87191,person
W19137,person
W43145,person
W13875,person
W93326,person
W49605,person
W62357,person
W75954,person
W47060,person
W66902,person
W61114,person
W35187,person
W67309,person
W82198,person
W11597,person
W20351,person
W22083,person
W61936,person
W24535,person
W58059,person
W56720,person
W25288,person
W58607,person
W68368,person
W61610,person
W64250,person
W65698,person
W37308,person
W65375,person
W65509,person
W11841,person
W58349,person
W87892,person
W92596,person
W96863,person
W67103,person
W96553,person
W22965,person
W58203,person
W54288,person
W59049,person
W81902,person
W68924,person
W33972,person
W74946,person
W22303,person
W15878,person
W66478,person
W51272,person
W74628,person
W31642,person
W80910,person
W60648,person
W69504,person
W75391,person
W91336,person
W97170,person
W12648,person
W28613,person
W10475,person
W99170,person
W46003,person
W60634,person
W20022,person
W39530,person
W72463,person
W70225,person
W46700,person
W67908,person
W58481,person
W84142,person
W93219,person
W73031,person
W69988,person
W14966,person
W61913,person
W99999,person
W18075,person
W51894,person
W29664,person
W32776,person
W19750,person
W82192,person
W69729,person
W62616,person
W69330,person
W16372,person
W39686,person
W62640,person
W34227,person
W94101,person
W74668,person
W34111,person
W99769,person
W75965,person
W55020,person
W41739,person
W97106,person
W39915,person
W43247,person
W22704,person
W12957,person
W92971,person
W90929,person
W49661,person
W66202,person
W45252,person
W76319,person
W76310,person
W87592,person
W52677,person
W81446,person
W81748,person
W31696,person
W66782,person
W62903,person
W98193,person
W40984,person
W64301,person
W69326,person
W69435,person
W25830,person
W53511,person
W59167,person
W15222,person
W77114,person
W10662,person
W71233,person
W89050,person
W15995,person
W59097,person
W82204,person
W63729,person
W50794,person
W90497,person
W71999,person
W36386,person
W58363,person
W77771,person
W18346,person
W41688,person
W81752,person
W27208,person
W13844,person
W78722,person
W43079,person
W82176,person
W65292,person
W98335,person
W91003,person
W63593,person
W72313,person
W10099,person
W13981,person
W55638,person
W85106,person
W30760,person
W30966,person
W93356,person
W59641,person
W21018,person
W10716,person
W98423,person
W96260,person
W31084,person
W29572,person
W35389,person
W14858,person
W53041,person
W17018,person
W20800,person
W59600,person
W22772,person
W43625,person
W95870,person
W88448,person
W41206,person
W98696,person
W94280,person
W65974,person
W56755,person
W99129,person
W83558,person
W47326,person
W73314,person
W90943,person
W52590,person
W60082,person
W27935,person
W68076,person
W59461,person
W28570,person
W28172,person
W25093,person
W26795,person
W23474,person
W53685,person
W64287,person
W82441,person
W62990,person
W43240,person
W11568,person
W33845,person
W20677,person
W90438,person
W61185,person
W63485,person
W23703,person
W35583,person
W14874,person
W55985,person
W33512,person
W46504,person
W47136,person
W23844,person
W82178,person
W64461,person
W35425,person
W30545,person
W36038,person
W95069,person
W47703,person
W74215,person
W68608,person
W93051,person
W43808,person
W66331,person
W51093,person
W37461,person
W53080,person
W96824,person
W23995,person
W23096,person
W69406,person
W51083,person
W75983,person
W88299,person
W11358,person
W81313,person
W72084,person
W73787,person
W86629,person
W97143,person
W50138,person
W35487,person
W35453,person
W37954,person
W41197,person
W27222,person
W34586,person
W15276,person
W66452,person
W82379,person
W63520,person
W41017,person
W54896,person
W52857,person
W89775,person
W71875,person
W71162,person
W36842,person
W93187,person
W47940,person
W19956,person
W19955,person
W73813,person
W44608,person
W58814,person
W70336,person
W28663,person
W48741,person
W31127,person
W49091,person
W58933,person
W10531,person
W44381,person
W77266,person
W42294,person
W95783,person
W17260,person
W35193,person
W74265,person
W62385,person
W58240,person
W78138,person
W23293,person
W50445,person
W44830,person
W15255,person
W27987,person
W39291,person
W89409,person
W69192,person
W65180,person
W47479,person
W83898,person
W87921,person
W63185,person
W13311,person
W46147,person
W88069,person
W94272,person
W77904,person
W33957,person
W81569,person
W67357,person
W56253,person
W98267,person
W59177,person
W94150,person
W28519,person
W90179,person
W18173,person
W92384,person
W95001,person
W31029,person
W87244,person
W55894,person
W36616,person
W85711,person
W11216,person
W87620,person
W44663,person
W33154,person
W65623,person
W44042,person
W56005,person
W54840,person
W75407,person
W92580,person
W95519,person
W63676,person
W49683,person
W38589,person
W94693,person
W22684,person
W73812,person
W93841,person
W63041,person
W60053,person
W24401,person
W87751,person
W28834,person
W92054,person
W77226,person
W97461,person
W37187,person
W61675,person
W56166,person
W48102,person
W10497,person
W35937,person
W16802,person
W15630,person
W57918,person
W76767,person
W89310,person
W44360,person
W30969,person
W68743,person
W88082,person
W60435,person
W31340,person
W42336,person
W28350,person
W88149,person
W26140,person
W63565,person
W88087,person
W30251,person
W51781,person
W87192,person
W48131,person
W24793,person
W28028,person
W16455,person
W89393,person
W51143,person
W28643,person
W20961,person
W53634,person
W23262,person
W17761,person
W45615,person
W64277,person
W14373,person
W80913,person
W84051,person
W92336,person
W38274,person
W28705,person
W66373,person
W10605,person
W39812,person
W41348,person
W60918,person
W73643,person
W99373,person
W50562,person
W90607,person
W94472,person
W45781,person
W17497,person
W79729,person
W53679,person
W10830,person
W48003,person
W75559,person
W87671,person
W44522,person
W22718,person
W88073,person
W85329,person
W77733,person
W97185,person
W30054,person
W89554,person
W14753,person
W32311,person
W89871,person
W28088,person
W88077,person
W25799,person
W97676,person
W57457,person
W75152,person
W15982,person
W12326,person
W84252,person
W17498,person
W49094,person
W55276,person
W70417,person
W28689,person
W66157,person
W39813,person
W84383,person
W47915,person
W71848,person
W13501,person
W43366,person
W24603,person
W96485,person
W61055,person
W50050,person
W66388,person
W81091,person
W46533,person
W51002,person
W47297,person
W23138,person
W17959,person
W42609,person
W37686,person
W28826,person
W23563,person
W71564,person
W54687,person
W71186,person
W82564,person
W73071,person
W13086,person
W99368,person
W69650,person
W18281,person
W20966,person
W68661,person
W44737,person
W87175,person
W92807,person
W18975,person
W56025,person
W94580,person
W85110,person
W41588,person
W46348,person
W97656,person
W66136,person
W78316,person
W10612,person
W71939,person
W50660,person
W28535,person
W57053,person
W57460,person
W65328,person
W62600,person
W14761,person
W83881,person
W37243,person
W92105,person
W14742,person
W10878,person
W82584,person
W43408,person
W39764,person
W30911,person
W73366,person
W14665,person
W65549,person
W83054,person
W61062,person
W45762,person
W91718,person
W48023,person
W72506,person
W56117,person
W64331,person
W32497,person
W24855,person
W65617,person
W63952,person
W97181,person
W18960,person
W24625,person
W48299,person
W59300,person
W41230,person
W51020,person
W49547,person
W57355,person
W83253,person
W72394,person
W14611,person
W26044,person
W17161,person
W53085,person
W50349,person
W19583,person
W30841,person
W30951,person
W63913,person
W42765,person
W46723,person
W49287,person
W90006,person
W23114,person
W90122,person
W90009,person
W58520,person
W39383,person
W46544,person
W52473,person
W21427,person
W75652,person
W81649,person
W24010,person
W48855,person
W33074,person
W28670,person
W81684,person
W24368,person
W66813,person
W90448,person
W39517,person
W34147,person
W79665,person
W52481,person
W82854,person
W47689,person
W56384,person
W17080,person
W61504,person
W26527,person
W90897,person
W84918,person
W18194,person
W43082,person
W82033,person
W71607,person
W23542,person
W10910,person
W80820,person
W66953,person
W93994,person
W41535,person
W53550,person
W10445,person
W16498,person
W65880,person
W89301,person
W60526,person
W34491,person
W44001,person
W10516,person
W42792,person
W20340,person
W11062,person
W47909,person
W30626,person
W27922,person
W96714,person
W39463,person
W96627,person
W37683,person
W65799,person
W52158,person
W45267,person
W32345,person
W49797,person
W74743,person
W40705,person
W29388,person
W92292,person
W33851,person
W30030,person
W52002,person
W13817,person
W92990,person
W78607,person
W38055,person
W63019,person
W64188,person
W19737,person
W10103,person
W93359,person
W62205,person
W28366,person
W70416,person
W98285,person
W43406,person
W28009,person
W46894,person
W36185,person
W83249,person
W17575,person
W93015,person
W88314,person
W70695,person
W40437,person
W23528,person
W54131,person
W98694,person
W61048,person
W74614,person
W97804,person
W12796,person
W20044,person
W28910,person
W97539,person
W33356,person
W80584,person
W86738,person
W79363,person
W16981,person
W76435,person
W47466,person
W16769,person
W72188,person
W21461,person
W26688,person
W45445,person
W82246,person
W61086,person
W21844,person
W30429,person
W41689,person
W34783,person
W51217,person
W15149,person
W96771,person
W91664,person
W98055,person
W44302,person
W27132,person
W67777,person
W39242,person
W12492,person
W64095,person
W34042,person
W33713,person
W65502,person
W96973,person
W41751,person
W30052,person
W45049,person
W96868,person
W78174,person
W55215,person
W84473,person
W50699,person
W60238,person
W59531,person
W97574,person
W90858,person
W24561,person
W60029,person
W86154,person
W80829,person
W19420,person
W61719,person
W54270,person
W81758,person
W89260,person
W80830,person
W60346,person
W95588,person
W78514,person
W41022,person
W66505,person
W65571,person
W68314,person
W38865,person
W78182,person
W29050,person
W93146,person
W17386,person
W96157,person
W76972,person
W85934,person
W34443,person
W33160,person
W81415,person
W28419,person
W76212,person
W59579,person
W90269,person
W99574,person
W83853,person
W29545,person
W59546,person
W82397,person
W53369,person
W27353,person
W20673,person
W93875,person
W67890,person
W31563,person
W87335,person
W92509,person
W70234,person
W58214,person
W40910,person
W50965,person
W89291,person
W90823,person
W70398,person
W24018,person
W81143,person
W41204,person
W31002,person
W93340,person
W36367,person
W11881,person
W50336,person
W14905,person
W62493,person
W10081,person
W41781,person
W85107,person
W42585,person
W14762,person
W53729,person
W44312,person
W14275,person
W71595,person
W15833,person
W67346,person
W40587,person
W74542,person
W95437,person
W61084,person
W43281,person
W33097,person
W80134,person
W48608,person
W59005,person
W73675,person
W30396,person
W65104,person
W28911,person
W65204,person
W86063,person
W73608,person
W48742,person
W19673,person
W50265,person
W12430,person
W32713,person
W24624,person
W30775,person
W50230,person
W35830,person
W97003,person
W28996,person
W72131,person
W53573,person
W75720,person
W62614,person
W30696,person
W21237,person
W74473,person
W22479,person
W46372,person
W23400,person
W53026,person
W58190,person
W63082,person
W13047,person
W18781,person
W18768,person
W77952,person
W42278,person
W18029,person
W79334,person
W52672,person
W53750,person
W53459,person
W30225,person
W42492,person
W89952,person
W21484,person
W59725,person
W79614,person
W42683,person
W46893,person
W55242,person
W52669,person
W79639,person
W49982,person
W30424,person
W99073,person
W17781,person
W42729,person
W99804,person
W96660,person
W68249,person
W55257,person
W61153,person
W91970,person
W43753,person
W34951,person
W42084,person
W55273,person
W29895,person
W42051,person
W16621,person
W53274,person
W69531,person
W69521,person
W87554,person
W40980,person
W78486,person
W24951,person
W10990,person
W56103,person
W95426,person
W48880,person
W69017,person
W49737,person
W64817,person
W40501,person
W72414,person
W67524,person
W73677,person
W25820,person
W61213,person
W11980,person
W85449,person
W83772,person
W55374,person
W74612,person
W71936,person
W60498,person
W20949,person
W17144,person
W87885,person
W84278,person
W88151,person
W85498,person
W89867,person
W32891,person
W36296,person
W29373,person
W25759,person
W72282,person
W70253,person
W81477,person
W43445,person
W55946,person
W37948,person
W57038,person
W64628,person
W20214,person
W76501,person
W23326,person
W31931,person
W99144,person
W89563,person
W59338,person
W42037,person
W90522,person
W61884,person
W10985,person
W22625,person
W98845,person
W65055,person
W42485,person
W95452,person
W27301,person
W54853,person
W77116,person
W83719,person
W53812,person
W65458,person
W60414,person
W84087,person
W95987,person
W98974,person
W66709,person
W95177,person
W97831,person
W86056,person
W28975,person
W73056,person
W22571,person
W87596,person
W92471,person
W43120,person
W38582,person
W36737,person
W63459,person
W97721,person
W72350,person
W47504,person
W54725,person
W27128,person
W26858,person
W88007,person
W74562,person
W81087,person
W15546,person
W76542,person
W55995,person
W17338,person
W89119,person
W91721,person
W26881,person
W15416,person
W83834,person
W23025,person
W62135,person
W14392,person
W51106,person
W32973,person
W22426,person
W49841,person
W97297,person
W15436,person
W27760,person
W50740,person
W78294,person
W52233,person
W38654,person
W55405,person
W99773,person
W84203,person
W18703,person
W90040,person
W27211,person
W32813,person
W65440,person
W54266,person
W23492,person
W20676,person
W73055,person
W35587,person
W56993,person
W41675,person
W24971,person
W80815,person
W96869,person
W83048,person
W23109,person
W97928,person
W74285,person
W19142,person
W61217,person
W39754,person
W91245,person
W17590,person
W75216,person
W11103,person
W60456,person
W22357,person
W90568,person
W87763,person
W66803,person
W40874,person
W84209,person
W47713,person
W73776,person
W86223,person
W83020,person
W19233,person
W27696,person
W65748,person
W44525,person
W81879,person
W54407,person
W29189,person
W59306,person
W39167,person
W93126,person
W52163,person
W14804,person
W75187,person
W58216,person
W39137,person
W37305,person
W25768,person
W25407,person
W56328,person
W60503,person
W25199,person
W36638,person
W76856,person
W42378,person
W77174,person
W56135,person
W20753,person
W26280,person
W17361,person
W75510,person
W59567,person
W37019,person
W86088,person
W39927,person
W27110,person
W96220,person
W12036,person
W62379,person
W36606,person
W28403,person
W97443,person
W81928,person
W96838,person
W44507,person
W50953,person
W91894,person
W41698,person
W68284,person
W56889,person
W20697,person
W11291,person
W90478,person
W60811,person
W31062,person
W47696,person
W39277,person
W75575,person
W49937,person
W37832,person
W24221,person
W81541,person
W35792,person
W24689,person
W38505,person
W58237,person
W37905,person
W46954,person
W78832,person
W18268,person
W66139,person
W49958,person
W53672,person
W98673,person
W29704,person
W27560,person
W54658,person
W96300,person
W44483,person
W92002,person
W32728,person
W93834,person
W58210,person
W95449,person
W22404,person
W49584,person
W43550,person
W67686,person
W21986,person
W96200,person
W89779,person
W86009,person
W91281,person
W57803,person
W62830,person
W59219,person
W79276,person
W48050,person
W27523,person
W54723,person
W71070,person
W88163,person
W61924,person
W52361,person
W44457,person
W59698,person
W38381,person
W17148,person
W55679,person
W25361,person
W63467,person
W93467,person
W66740,person
W36739,person
W66545,person
W70058,person
W54905,person
W81529,person
W68844,person
W76115,person
W98445,person
W18352,person
W49991,person
W21478,person
W37428,person
W61052,person
W30610,person
W26739,person
W84434,person
W61642,person
W14570,person
W35049,person
W34023,person
W82269,person
W87718,person
W21978,person
W67369,person
W53661,person
W62782,person
W87783,person
W71783,person
W31903,person
W31814,person
W65175,person
W25127,person
W86497,person
W98675,person
W43573,person
W35279,person
W33462,person
W42940,person
W99179,person
W60845,person
W41603,person
W80786,person
W76858,person
W81287,person
W70552,person
W30622,person
W53106,person
W37005,person
W20247,person
W16035,person
W30467,person
W65008,person
W90077,person
W33133,person
W56348,person
W81212,person
W19491,person
W28405,person
W81317,person
W93551,person
W36098,person
W60368,person
W83461,person
W77607,person
W75738,person
W96339,person
W16195,person
W33386,person
W18573,person
W71672,person
W26891,person
W70041,person
W11595,person
W93795,person
W34377,person
W88137,person
W17501,person
W12485,person
W45725,person
W43911,person
W55191,person
W28733,person
W72959,person
W19914,person
W29079,person
W69513,person
W21852,person
W45806,person
W46276,person
W58957,person
W25909,person
W85147,person
W55148,person
W20461,person
W70156,person
W27035,person
W38581,person
W23945,person
W84160,person
W92992,person
W54250,person
W66107,person
W53367,person
W42925,person
W74469,person
W57201,person
W88745,person
W99484,person
W41939,person
W52874,person
W77185,person
W66120,person
W56711,person
W81771,person
W96564,person
W97112,person
W59862,person
W78971,person
W33907,person
W21381,person
W22225,person
W33953,person
W36125,person
W73267,person
W74736,person
W16518,person
W27791,person
W97510,person
W45970,person
W53972,person
W79636,person
W98463,person
W12939,person
W32676,person
W76297,person
W32176,person
W98291,person
W93328,person
W87866,person
W19446,person
W54645,person
W97424,person
W30713,person
W19672,person
W77697,person
W72477,person
W46401,person
W59433,person
W47403,person
W34957,person
W73969,person
W72637,person
W25851,person
W71262,person
W66128,person
W33887,person
W44281,person
W13984,person
W72982,person
W15785,person
W76246,person
W63798,person
W84022,person
W29229,person
W72690,person
W70295,person
W98583,person
W38252,person
W37579,person
W12821,person
W29329,person
W77047,person
W78330,person
W41150,person
W50670,person
W27701,person
W29299,person
W26635,person
W41498,person
W32455,person
W93026,person
W59242,person
W66704,person
W80799,person
W31399,person
W68329,person
W40159,person
W95968,person
W45684,person
W46815,person
W63215,person
W71548,person
W52392,person
W62572,person
W41326,person
W40576,person
W54171,person
W47578,person
W56415,person
W34116,person
W36464,person
W84566,person
W42305,person
W61159,person
W64692,person
W10998,person
W34454,person
W35002,person
W38277,person
W52066,person
W75640,person
W82042,person
W50428,person
W90247,person
W21618,person
W88249,person
W93772,person
W90514,person
W12382,person
W82633,person
W39736,person
W19206,person
W93961,person
W90808,person
W71867,person
W80501,person
W46997,person
W98644,person
W32845,person
W84926,person
W47921,person
W37442,person
W72017,person
W80398,person
W68288,person
W58918,person
W12718,person
W34195,person
W72233,person
W72699,person
W52853,person
W94199,person
W78314,person
W83865,person
W13000,person
W45477,person
W13095,person
W38935,person
W11705,person
W50079,person
W86039,person
W80629,person
W48621,person
W52029,person
W61834,person
W38130,person
W42811,person
W62207,person
W88146,person
W41967,person
W16585,person
W43874,person
W37502,person
W91971,person
W53060,person
W89987,person
W29203,person
W28787,person
W75058,person
W48571,person
W23600,person
W45523,person
W98337,person
W60296,person
W99295,person
W42045,person
W57411,person
W70032,person
W29627,person
W24467,person
W76247,person
W99858,person
W19171,person
W24209,person
W22762,person
W95499,person
W86774,person
W71350,person
W45343,person
W28230,person
W19720,person
W84763,person
W38896,person
W31854,person
W56514,person
W78397,person
W74066,person
W88219,person
W97592,person
W64453,person
W64517,person
W26966,person
W34910,person
W95912,person
W79071,person
W71169,person
W42435,person
W21425,person
W14312,person
W75523,person
W25167,person
W18356,person
W89912,person
W94592,person
W32016,person
W10808,person
W20211,person
W80146,person
W31651,person
W19883,person
W57635,person
W41430,person
W42217,person
W98691,person
W51660,person
W17198,person
W45988,person
W46295,person
W66513,person
W99602,person
W73917,person
W89088,person
W10793,person
W34698,person
W10796,person
W10661,person
W18215,person
W92075,person
W47254,person
W95916,person
W11709,person
W32803,person
W30938,person
W87567,person
W54166,person
W65584,person
W72234,person
W42818,person
W84947,person
W63408,person
W28050,person
W89801,person
W42165,person
W11306,person
W45711,person
W21569,person
W96024,person
W43869,person
W63197,person
W91525,person
W29793,person
W57600,person
W63327,person
W71203,person
W11414,person
W53815,person
W40453,person
W61932,person
W93684,person
W88877,person
W87684,person
W18756,person
W56579,person
W81858,person
W17181,person
W61671,person
W77618,person
W98172,person
W28164,person
W41859,person
W89598,person
W92728,person
W68720,person
W78813,person
W82151,person
W54587,person
W17029,person
W69675,person
W59181,person
W20663,person
W31709,person
W65671,person
W58515,person
W68491,person
W49003,person
W73301,person
W40696,person
W82783,person
W54642,person
W66087,person
W20409,person
W91772,person
W74334,person
W34401,person
W83143,person
W26510,person
W90679,person
W22741,person
W23140,person
W35574,person
W51609,person
W92137,person
W77967,person
W73387,person
W73049,person
W54333,person
W75001,person
W63837,person
W68602,person
W65919,person
W45191,person
W96604,person
W69913,person
W48137,person
W59851,person
W25140,person
W29052,person
W92050,person
W44890,person
W18710,person
W83821,person
W94582,person
W90377,person
W65140,person
W40965,person
W53285,person
W36673,person
W80192,person
W50339,person
W15505,person
W48024,person
W24840,person
W99111,person
W33739,person
W78436,person
W70236,person
W22645,person
W96435,person
W13442,person
W71174,person
W49695,person
W40439,person
W37457,person
W56719,person
W84879,person
W96233,person
W87559,person
W70300,person
W57499,person
W56063,person
W20833,person
W26987,person
W46259,person
W74781,person
W23006,person
W28553,person
W90288,person
W13002,person
W98038,person
W73014,person
W14071,person
W91315,person
W43092,person
W87305,person
W63973,person
W75235,person
W75867,person
W32867,person
W95966,person
W34525,person
W98862,person
W81389,person
W49382,person
W49206,person
W39290,person
W43618,person
W13093,person
W17475,person
W99263,person
W75582,person
W49309,person
W24382,person
W27339,person
W47379,person
W73681,person
W16146,person
W31126,person
W85846,person
W70890,person
W82251,person
W32023,person
W25876,person
W58856,person
W82177,person
W48218,person
W88538,person
W43493,person
W51682,person
W11506,person
W99109,person
W57424,person
W92372,person
W59246,person
W65437,person
W71484,person
W73833,person
W62716,person
W31393,person
W94446,person
W27444,person
W92194,person
W10788,person
W13384,person
W56595,person
W39608,person
W79201,person
W64441,person
W89690,person
W48984,person
W70176,person
W48653,person
W22046,person
W63442,person
W59276,person
W48189,person
W59266,person
W49273,person
W57669,person
W86213,person
W20987,person
W69793,person
W53936,person
W40470,person
W29541,person
W98755,person
W16723,person
W63222,person
W26851,person
W83177,person
W99347,person
W86040,person
W57836,person
W86094,person
W58929,person
W38930,person
W16531,person
W32026,person
W26431,person
W85534,person
W43512,person
W25210,person
W46860,person
W87732,person
W81079,person
W15529,person
W52331,person
W65839,person
W44388,person
W98852,person
W22440,person
W33573,person
W89401,person
W72807,person
W11405,person
W59837,person
W67120,person
W87055,person
W24290,person
W69082,person
W28974,person
W55256,person
W63283,person
W89374,person
W65756,person
W43761,person
W19056,person
W10298,person
W73307,person
W97202,person
W34955,person
W23072,person
W82376,person
W69137,person
W82069,person
W73346,person
W85626,person
W34000,person
W31795,person
W94363,person
W15470,person
W72238,person
W77754,person
W40637,person
W95676,person
W58292,person
W84944,person
W63919,person
W56844,person
W95026,person
W32897,person
W66682,person
W43962,person
W56732,person
W16730,person
W62994,person
W76296,person
W66947,person
W17122,person
W17291,person
W15353,person
W87062,person
W91461,person
W69969,person
W67941,person
W29434,person
W14431,person
W48486,person
W33063,person
W26448,person
W98654,person
W48922,person
W34582,person
W79498,person
W66560,person
W88658,person
W75197,person
W94434,person
W16464,person
W92538,person
W46703,person
W48731,person
W96649,person
W84613,person
W93944,person
W51026,person
W72894,person
W24789,person
W53636,person
W75309,person
W95153,person
W66496,person
W57515,person
W22611,person
W44415,person
W58133,person
W50399,person
W42279,person
W99142,person
W93120,person
W53457,person
W46349,person
W52630,person
W42462,person
W87913,person
W61680,person
W81680,person
W76405,person
W74129,person
W80280,person
W98658,person
W31978,person
W92682,person
W62925,person
W60568,person
W11434,person
W61872,person
W27012,person
W84850,person
W69305,person
W28628,person
W78156,person
W41978,person
W24773,person
W22481,person
W99367,person
W53793,person
W33246,person
W67278,person
W70667,person
W71635,person
W22916,person
W78928,person
W55582,person
W61382,person
W27360,person
W24980,person
W55629,person
W41015,person
W47685,person
W67787,person
W92190,person
W81504,person
W57328,person
W14478,person
W98330,person
W69958,person
W18160,person
W70793,person
W57099,person
W46808,person
W74987,person
W94864,person
W56125,person
W77144,person
W21001,person
W19003,person
W91903,person
W78035,person
W33865,person
W94607,person
W34396,person
W74092,person
W97836,person
W93776,person
W84106,person
W88556,person
W93228,person
W67101,person
W48014,person
W44674,person
W33873,person
W42187,person
W22200,person
W35423,person
W19819,person
W56072,person
W60286,person
W85091,person
W70843,person
W44648,person
W75521,person
W57983,person
W53435,person
W88909,person
W86185,person
W73154,person
W81170,person
W77516,person
W41402,person
W20843,person
W68157,person
W56138,person
W67905,person
W87000,person
W90199,person
W57947,person
W56266,person
W27475,person
W74377,person
W26013,person
W31561,person
W79271,person
W79133,person
W82532,person
W39810,person
W43845,person
W60347,person
W76087,person
W36439,person
W22875,person
W68074,person
W62017,person
W29767,person
W23763,person
W64959,person
W38444,person
W90917,person
W48223,person
W78398,person
W83607,person
W57583,person
W15024,person
W83092,person
W64669,person
W92174,person
W97429,person
W71168,person
W10019,person
W78665,person
W46674,person
W44549,person
W71815,person
W31279,person
W14597,person
W63229,person
W93902,person
W90784,person
W61343,person
W15374,person
W95432,person
W10159,person
W73589,person
W38815,person
W16128,person
W90432,person
W59984,person
W39688,person
W82126,person
W65095,person
W62549,person
W71432,person
W95703,person
W84915,person
W65760,person
W38472,person
W89564,person
W38513,person
W17602,person
W72551,person
W60482,person
W22331,person
W76481,person
W83965,person
W35497,person
W23470,person
W74953,person
W24947,person
W94164,person
W22520,person
W12078,person
W65423,person
W64532,person
W76818,person
W53105,person
W24771,person
W33567,person
W55466,person
W37865,person
W45961,person
W99038,person
W14940,person
W34625,person
W96413,person
W70941,person
W60712,person
W71192,person
W19525,person
W96785,person
W38882,person
W42464,person
W21287,person
W79439,person
W34718,person
W45572,person
W88965,person
W90841,person
W48773,person
W37407,person
W84029,person
W74433,person
W87565,person
W54903,person
W16104,person
W85825,person
W92987,person
W27712,person
W32131,person
W66456,person
W19676,person
W92162,person
W99118,person
W32650,person
W58155,person
W40352,person
W93975,person
W19002,person
W93458,person
W27436,person
W72014,person
W31088,person
W42787,person
W64590,person
W58790,person
W58178,person
W33085,person
W30843,person
W78395,person
W39295,person
W37622,person
W36784,person
W74394,person
W43378,person
W52049,person
W82730,person
W46885,person
W51100,person
W57103,person
W57764,person
W63491,person
W70073,person
W33811,person
W82263,person
W55211,person
W82911,person
W35242,person
W76686,person
W17374,person
W83859,person
W23276,person
W18456,person
W16055,person
W91123,person
W89922,person
W70680,person
W71316,person
W46327,person
W80611,person
W34467,person
W44628,person
W65365,person
W33809,person
W67404,person
W31286,person
W56069,person
W84674,person
W74944,person
W75213,person
W37387,person
W92876,person
W75284,person
W43842,person
W63212,person
W96498,person
W99423,person
W18430,person
W36107,person
W37821,person
W47457,person
W88695,person
W38608,person
W49620,person
W54558,person
W75271,person
W90218,person
W10278,person
W95919,person
W71623,person
W75679,person
W56997,person
W81023,person
W84449,person
W39344,person
W28141,person
W74583,person
W69355,person
W53097,person
W72462,person
W83042,person
W70503,person
W57352,person
W50262,person
W54423,person
W10143,person
W63567,person
W16901,person
W84386,person
W51335,person
W49545,person
W97576,person
W49970,person
W99938,person
W69801,person
W57638,person
W50998,person
W40499,person
W88855,person
W76305,person
W78910,person
W77699,person
W53889,person
W76786,person
W67362,person
W22417,person
W75359,person
W82355,person
W66053,person
W80084,person
W10065,person
W77577,person
W19334,person
W79436,person
W76093,person
W49334,person
W42675,person
W49464,person
W48046,person
W25975,person
W63653,person
W51593,person
W80693,person
W88636,person
W19707,person
W21312,person
W63942,person
W85826,person
W61360,person
W43103,person
W78951,person
W88102,person
W75818,person
W16591,person
W72733,person
W59281,person
W61529,person
W24577,person
W79065,person
W91334,person
W66118,person
W68656,person
W95714,person
W56552,person
W35483,person
W65774,person
W15257,person
W39986,person
W79034,person
W78392,person
W98592,person
W36721,person
W97672,person
W64353,person
W15612,person
W28969,person
W68680,person
W84580,person
W66292,person
W33595,person
W91610,person
W94118,person
W11892,person
W21475,person
W59165,person
W41948,person
W21832,person
W41900,person
W89295,person
W97455,person
W48169,person
W91723,person
W98215,person
W73574,person
W26272,person
W48149,person
W81550,person
W18074,person
W65743,person
W24250,person
W98389,person
W30862,person
W34667,person
W91343,person
W25829,person
W57152,person
W36517,person
W90730,person
W29608,person
W72987,person
W68549,person
W91197,person
W34051,person
W50203,person
W91676,person
W44658,person
W12568,person
W12918,person
W77259,person
W25858,person
W73504,person
W60643,person
W29668,person
W50652,person
W32744,person
W19202,person
W87526,person
W51147,person
W32884,person
W35319,person
W65358,person
W45434,person
W20327,person
W75158,person
W49263,person
W49192,person
W27176,person
W67670,person
W88276,person
W40639,person
W37368,person
W58261,person
W82229,person
W65401,person
W28267,person
W30410,person
W37563,person
W90811,person
W62458,person
W89001,person
W44276,person
W27058,person
W62812,person
W15122,person
W60620,person
W66297,person
W74678,person
W68436,person
W62239,person
W29258,person
W56816,person
W28417,person
W77959,person
W52244,person
W77141,person
W57747,person
W75879,person
W48365,person
W52850,person
W60552,person
W67739,person
W41420,person
W89785,person
W15575,person
W30515,person
W97642,person
W87862,person
W49310,person
W76221,person
W96488,person
W96870,person
W85501,person
W48933,person
W39574,person
W35853,person
W33574,person
W54167,person
W60381,person
W36982,person
W28856,person
W12281,person
W23245,person
W52703,person
W47815,person
W45338,person
W78252,person
W84849,person
W99764,person
W78541,person
W90189,person
W12880,person
W96960,person
W27794,person
W74264,person
W36617,person
W27478,person
W71469,person
W29629,person
W38258,person
W12860,person
W74017,person
W36560,person
W74454,person
W83595,person
W45369,person
W78311,person
W18946,person
W28921,person
W41275,person
W69473,person
W90139,person
W99150,person
W30662,person
W40575,person
W98940,person
W55600,person
W33415,person
W45863,person
W71366,person
W18149,person
W51563,person
W95475,person
W24113,person
W97137,person
W94879,person
W27769,person
W79358,person
W33928,person
W64579,person
W31424,person
W15340,person
W39186,person
W37714,person
W89861,person
W82163,person
W79921,person
W32058,person
W41740,person
W59812,person
W78974,person
W52134,person
W93905,person
W52078,person
W83903,person
W34526,person
W33688,person
W48039,person
W59586,person
W88684,person
W13493,person
W38414,person
W26232,person
W58300,person
W49585,person
W42523,person
W52824,person
W75848,person
W31749,person
W84590,person
W52962,person
W37807,person
W88515,person
W98496,person
W75610,person
W26237,person
W67790,person
W78241,person
W63469,person
W51657,person
W91324,person
W92752,person
W21991,person
W24726,person
W60112,person
W20037,person
W63284,person
W45028,person
W87968,person
W36849,person
W31573,person
W16300,person
W69211,person
W60079,person
W89605,person
W96588,person
W91284,person
W77762,person
W43726,person
W93636,person
W61774,person
W66288,person
W43115,person
W72376,person
W12291,person
W65537,person
W69703,person
W77393,person
W35896,person
W72391,person
W35092,person
W48935,person
W69944,person
W60651,person
W10181,person
W72297,person
W13119,person
W81753,person
W50311,person
W40678,person
W70544,person
W80418,person
W66781,person
W31257,person
W10201,person
W20238,person
W25375,person
W28778,person
W14324,person
W16857,person
W31785,person
W66641,person
W63505,person
W73297,person
W28256,person
W69819,person
W49195,person
W81991,person
W80129,person
W19814,person
W50299,person
W37040,person
W37448,person
W96570,person
W26442,person
W15883,person
W49118,person
W73407,person
W87923,person
W10219,person
W60970,person
W69614,person
W94987,person
W86125,person
W66028,person
W91892,person
W33682,person
W82153,person
W76005,person
W75688,person
W36806,person
W90875,person
W58082,person
W34964,person
W63561,person
W23679,person
W12397,person
W53731,person
W40272,person
W23618,person
W51097,person
W60719,person
W50792,person
W10094,person
W14089,person
W79744,person
W36395,person
W53660,person
W99903,person
W28374,person
W80503,person
W48165,person
W17862,person
W89300,person
W28715,person
W75137,person
W91078,person
W75175,person
W24337,person
W11218,person
W36588,person
W24267,person
W93065,person
W29306,person
W36800,person
W54194,person
W91933,person
W36297,person
W59654,person
W75186,person
W33509,person
W43765,person
W47740,person
W35391,person
W53324,person
W61188,person
W40112,person
W68494,person
W66411,person
W33740,person
W36026,person
W36700,person
W62165,person
W12392,person
W38964,person
W96761,person
W69047,person
W35494,person
W25413,person
W26800,person
W63789,person
W41423,person
W17447,person
W94949,person
W39010,person
W12682,person
W20883,person
W66042,person
W74096,person
W28225,person
W10539,person
W50813,person
W18674,person
W80789,person
W53155,person
W42293,person
W48603,person
W21973,person
W60907,person
W13360,person
W76236,person
W67285,person
W91995,person
W29862,person
W16185,person
W75578,person
W79602,person
W93813,person
W33708,person
W15224,person
W30385,person
W24243,person
W31306,person
W51683,person
W69611,person
W41862,person
W25062,person
W43376,person
W20935,person
W30756,person
W93938,person
W28440,person
W70228,person
W27759,person
W29856,person
W60921,person
W91286,person
W86713,person
W23015,person
W22551,person
W21804,person
W52498,person
W12801,person
W80410,person
W57188,person
W17471,person
W28949,person
W53488,person
W89735,person
W60271,person
W54095,person
W92684,person
W66144,person
W22831,person
W52477,person
W96047,person
W46795,person
W73167,person
W40841,person
W10167,person
W79674,person
W13446,person
W27758,person
W17319,person
W50292,person
W99884,person
W18244,person
W10076,person
W70532,person
W76944,person
W71531,person
W60179,person
W64075,person
W62754,person
W88999,person
W98685,person
W30658,person
W26818,person
W98954,person
W51649,person
W87017,person
W85455,person
W35669,person
W70515,person
W33867,person
W74431,person
W42803,person
W87158,person
W29786,person
W67594,person
W31490,person
W84465,person
W67772,person
W63465,person
W18991,person
W34159,person
W50921,person
W26960,person
W24616,person
W41497,person
W97985,person
W51302,person
W87129,person
W71546,person
W62504,person
W41233,person
W92389,person
W41001,person
W99022,person
W41027,person
W75365,person
W99894,person
W70209,person
W26320,person
W81673,person
W71394,person
W84387,person
W16888,person
W89413,person
W55879,person
W92058,person
W12233,person
W34942,person
W44793,person
W88431,person
W21000,person
W53727,person
W98106,person
W81512,person
W86117,person
W99266,person
W40814,person
W87453,person
W34457,person
W17733,person
W80355,person
W57331,person
W33317,person
W80619,person
W96993,person
W53585,person
W39196,person
W59838,person
W92101,person
W23943,person
W50901,person
W27347,person
W43285,person
W98651,person
W45801,person
W61483,person
W13334,person
W49410,person
W53718,person
W52594,person
W39805,person
W85673,person
W27419,person
W51059,person
W12486,person
W31806,person
W62955,person
W74556,person
W65653,person
W92973,person
W80796,person
W10871,person
W17379,person
W12863,person
W77190,person
W91688,person
W53347,person
W89216,person
W87768,person
W52838,person
W58016,person
W84787,person
W61155,person
W10679,person
W38134,person
W95434,person
W63190,person
W58000,person
W90992,person
W84631,person
W39588,person
W75088,person
W17268,person
W23758,person
W22561,person
W22789,person
W66796,person
W40302,person
W47781,person
W25408,person
W83120,person
W42714,person
W58549,person
W63640,person
W47972,person
W71453,person
W85814,person
W74522,person
W46608,person
W57283,person
W81523,person
W71982,person
W45897,person
W77714,person
W19966,person
W18526,person
W41048,person
W91071,person
W29086,person
W50062,person
W89681,person
W48142,person
W94611,person
W21653,person
W62289,person
W53236,person
W45908,person
W76123,person
W44927,person
W24340,person
W67618,person
W45796,person
W34312,person
W48318,person
W49580,person
W53004,person
W69340,person
W11348,person
W27395,person
W41944,person
W31760,person
W19102,person
W96012,person
W69059,person
W42407,person
W39172,person
W67175,person
W88580,person
W63536,person
W63456,person
W87638,person
W82395,person
W38742,person
W87130,person
W91915,person
W18957,person
W19910,person
W82528,person
W23782,person
W12173,person
W59573,person
W55342,person
W60984,person
W17917,person
W37650,person
W85268,person
W60262,person
W45697,person
W60339,person
W33528,person
W33976,person
W69942,person
W51915,person
W52863,person
W52897,person
W98767,person
W13985,person
W40139,person
W97853,person
W31827,person
W60048,person
W86537,person
W66726,person
W50730,person
W32998,person
W28639,person
W62037,person
W43508,person
W24103,person
W12973,person
W24381,person
W42527,person
W71596,person
W16056,person
W83951,person
W24312,person
W58720,person
W16259,person
W30710,person
W44265,person
W24465,person
W64914,person
W49519,person
W80247,person
W32929,person
W89396,person
W85341,person
W30671,person
W70157,person
W40595,person
W51046,person
W73809,person
W10290,person
W89548,person
W36200,person
W36445,person
W39054,person
W92341,person
W26967,person
W82906,person
W19405,person
W62713,person
W61303,person
W19185,person
W29483,person
W84413,person
W75167,person
W66068,person
W78839,person
W45728,person
W51911,person
W45557,person
W20108,person
W83166,person
W55781,person
W83220,person
W31414,person
W66248,person
W38690,person
W69690,person
W15629,person
W14965,person
W74673,person
W66658,person
W52772,person
W61409,person
W82215,person
W74036,person
W10054,person
W32818,person
W55448,person
W32247,person
W91405,person
W90407,person
W25499,person
W20435,person
W99194,person
W18071,person
W51914,person
W11952,person
W54498,person
W14015,person
W97225,person
W38805,person
W67625,person
W86319,person
W43652,person
W39636,person
W69506,person
W98893,person
W41891,person
W33777,person
W80818,person
W38400,person
W68020,person
W88643,person
W10254,person
W57020,person
W20353,person
W80864,person
W75141,person
W15299,person
W67355,person
W36858,person
W38471,person
W67725,person
W32364,person
W33504,person
W35731,person
W95675,person
W81314,person
W31204,person
W38753,person
W86258,person
W10937,person
W89647,person
W48328,person
W54495,person
W89910,person
W46713,person
W15478,person
W39979,person
W25510,person
W53995,person
W96214,person
W29733,person
W69802,person
W22849,person
W80085,person
W17906,person
W93783,person
W40390,person
W71766,person
W32606,person
W57566,person
W57161,person
W36037,person
W52732,person
W32617,person
W64099,person
W56335,person
W52844,person
W61943,person
W53395,person
W51979,person
W69884,person
W35257,person
W54079,person
W62470,person
W99589,person
W67793,person
W57124,person
W82349,person
W21859,person
W87541,person
W28227,person
W38200,person
W68185,person
W87291,person
W79738,person
W57725,person
W83416,person
W26264,person
W63457,person
W30265,person
W54364,person
W77383,person
W81103,person
W29881,person
W29530,person
W65800,person
W95568,person
W54332,person
W68489,person
W14536,person
W93129,person
W38628,person
W95537,person
W21957,person
W22453,person
W88048,person
W66255,person
W22488,person
W28422,person
W20918,person
W30937,person
W45379,person
W97851,person
W82187,person
W84833,person
W91285,person
W38240,person
W60746,person
W44100,person
W62730,person
W84185,person
W86171,person
W70628,person
W59564,person
W43525,person
W38266,person
W52504,person
W15935,person
W78753,person
W67133,person
W48960,person
W70084,person
W56265,person
W32390,person
W22706,person
W95950,person
W73729,person
W19251,person
W30805,person
W18341,person
W55312,person
W27686,person
W35107,person
W79109,person
W29066,person
W52516,person
W20054,person
W60501,person
W33790,person
W81665,person
W68136,person
W26723,person
W13801,person
W74543,person
W28520,person
W80464,person
W24456,person
W38688,person
W74813,person
W97813,person
W47310,person
W30188,person
W68438,person
W23583,person
W55572,person
W60537,person
W78198,person
W52400,person
W74109,person
W63163,person
W76369,person
W27365,person
W62418,person
W19823,person
W90782,person
W77597,person
W69815,person
W80968,person
W64230,person
W19758,person
W47225,person
W99946,person
W85830,person
W98279,person
W61079,person
W71042,person
W47746,person
W27678,person
W41674,person
W76482,person
W61330,person
W75626,person
W31519,person
W72714,person
W28961,person
W15354,person
W57031,person
W15381,person
W68522,person
W64988,person
W39014,person
W21899,person
W91733,person
W47616,person
W68908,person
W35539,person
W13021,person
W98995,person
W20561,person
W72649,person
W22063,person
W99105,person
W40432,person
W48042,person
W33451,person
W93188,person
W60075,person
W80076,person
W23173,person
W87851,person
W61372,person
W39305,person
W98045,person
W66023,person
W99851,person
W46067,person
W58910,person
W95236,person
W18468,person
W39262,person
W49993,person
W23426,person
W46001,person
W46253,person
W49731,person
W52464,person
W58995,person
W65718,person
W42743,person
W88216,person
W42420,person
W96345,person
W50251,person
W30502,person
W48283,person
W76659,person
W28747,person
W77827,person
W83827,person
W99384,person
W32551,person
W24419,person
W75989,person
W29915,person
W83004,person
W41063,person
W53522,person
W64371,person
W68316,person
W10194,person
W50974,person
W73386,person
W71650,person
W37071,person
W50235,person
W46868,person
W35439,person
W50648,person
W20769,person
W94290,person
W10777,person
W12319,person
W34386,person
W99688,person
W71284,person
W98844,person
W85159,person
W60092,person
W38370,person
W53170,person
W60971,person
W30168,person
W49190,person
W93539,person
W95464,person
W73868,person
W90204,person
W20085,person
W49744,person
W34090,person
W20674,person
W55006,person
W72353,person
W38468,person
W18734,person
W48338,person
W71858,person
W87655,person
W23576,person
W24494,person
W50542,person
W40685,person
W38333,person
W19996,person
W50522,person
W41960,person
W37534,person
W65580,person
W58160,person
W99890,person
W69635,person
W50222,person
W50775,person
W53929,person
W86508,person
W76534,person
W10100,person
W55597,person
W52123,person
W47387,person
W71264,person
W13814,person
W33033,person
W77045,person
W59946,person
W47004,person
W88210,person
W62898,person
W56015,person
W58104,person
W59743,person
W32068,person
W59589,person
W89111,person
W14136,person
W47829,person
W41322,person
W98665,person
W82651,person
W38979,person
W72612,person
W14148,person
W71308,person
W40239,person
W17957,person
W36132,person
W23299,person
W15453,person
W89754,person
W84219,person
W48657,person
W48782,person
W97076,person
W19571,person
W17180,person
W41056,person
W57773,person
W89957,person
W80904,person
W25806,person
W69279,person
W19623,person
W11409,person
W78891,person
W94838,person
W12003,person
W24756,person
W12716,person
W29984,person
W81952,person
W31228,person
W18959,person
W16968,person
W37081,person
W76804,person
W57042,person
W17678,person
W96170,person
W25637,person
W41439,person
W36151,person
W91242,person
W49851,person
W52469,person
W65942,person
W85446,person
W24020,person
W24517,person
W96337,person
W94309,person
W59961,person
W73769,person
W72229,person
W87508,person
W12092,person
W70341,person
W87169,person
W13694,person
W32156,person
W46470,person
W51805,person
W19457,person
W93008,person
W52637,person
W30474,person
W91863,person
W10458,person
W52117,person
W38161,person
W50180,person
W87225,person
W98058,person
W60295,person
W85860,person
W77408,person
W10921,person
W28447,person
W77135,person
W72710,person
W67464,person
W19657,person
W36380,person
W30315,person
W17006,person
W63689,person
W82837,person
W81009,person
W77330,person
W62864,person
W48167,person
W15293,person
W95992,person
W55351,person
W25086,person
W94117,person
W37955,person
W30200,person
W87642,person
W78328,person
W27051,person
W69777,person
W90013,person
W53759,person
W34815,person
W13974,person
W11611,person
W67788,person
W23491,person
W67863,person
W29308,person
W95692,person
W95157,person
W83265,person
W81664,person
W98026,person
W11987,person
W86030,person
W28394,person
W79330,person
W68863,person
W53966,person
W94766,person
W95480,person
W83232,person
W25302,person
W28775,person
W57694,person
W33694,person
W94492,person
W20511,person
W74226,person
W82975,person
W79369,person
W87024,person
W48921,person
W48011,person
W88953,person
W51673,person
W47035,person
W42709,person
W33066,person
W77292,person
W48889,person
W52252,person
W60175,person
W97496,person
W94958,person
W59368,person
W55459,person
W82802,person
W18593,person
W95098,person
W47856,person
W27029,person
W94215,person
W92346,person
W23366,person
W61243,person
W39603,person
W83100,person
W52689,person
W63643,person
W28795,person
W23858,person
W85719,person
W68857,person
W17158,person
W62415,person
W83276,person
W62241,person
W23550,person
W26080,person
W49712,person
W20522,person
W28076,person
W69968,person
W43048,person
W12407,person
W96186,person
W17050,person
W39585,person
W52076,person
W33288,person
W30624,person
W24629,person
W84745,person
W47309,person
W42509,person
W88795,person
W41744,person
W75159,person
W92491,person
W65052,person
W11224,person
W18231,person
W99823,person
W13333,person
W61740,person
W77245,person
W25446,person
W89174,person
W59695,person
W11656,person
W92864,person
W10116,person
W44964,person
W93002,person
W62168,person
W10339,person
W15077,person
W11853,person
W73528,person
W18507,person
W33141,person
W43564,person
W27739,person
W32019,person
W95115,person
W79351,person
W11308,person
W55349,person
W58807,person
W45588,person
W39152,person
W26634,person
W46297,person
W13007,person
W82641,person
W69574,person
W78060,person
W54682,person
W10948,person
W46429,person
W23227,person
W88657,person
W30708,person
W94107,person
W96014,person
W93301,person
W92567,person
W25382,person
W73901,person
W31840,person
W95331,person
W69265,person
W97494,person
W86588,person
W12143,person
W48292,person
W97814,person
W77526,person
W25850,person
W67850,person
W61964,person
W68200,person
W36347,person
W31939,person
W21568,person
W83975,person
W90342,person
W15032,person
W75358,person
W52538,person
W59369,person
W33864,person
W88297,person
W72068,person
W68069,person
W44503,person
W72334,person
W89746,person
W36192,person
W39020,person
W52581,person
W95262,person
W44262,person
W14712,person
W52946,person
W23772,person
W33077,person
W45866,person
W45067,person
W66716,person
W47164,person
W60494,person
W41278,person
W95390,person
W86131,person
W97486,person
W73192,person
W50977,person
W38342,person
W71577,person
W28590,person
W22969,person
W77530,person
W46168,person
W42089,person
W65843,person
W16397,person
W65023,person
W38655,person
W70076,person
W67584,person
W84282,person
W42264,person
W56176,person
W82571,person
W69129,person
W55491,person
W78554,person
W41409,person
W11235,person
W24222,person
W15621,person
W96120,person
W76728,person
W61281,person
W18636,person
W79337,person
W26915,person
W65625,person
W37343,person
W93607,person
W63751,person
W20981,person
W46510,person
W75217,person
W74767,person
W34507,person
W55619,person
W40671,person
W69358,person
W13656,person
W85686,person
W66812,person
W56952,person
W13397,person
W27809,person
W62883,person
W75112,person
W27927,person
W81823,person
W81331,person
W37704,person
W47410,person
W82711,person
W29861,person
W20641,person
W35043,person
W78624,person
W39406,person
W80491,person
W86013,person
W21631,person
W71345,person
W44766,person
W22122,person
W78118,person
W78574,person
W72148,person
W52339,person
W97980,person
W85440,person
W65298,person
W89437,person
W26181,person
W50459,person
W13169,person
W36913,person
W24057,person
W48232,person
W99925,person
W42656,person
W27433,person
W26842,person
W89212,person
W17005,person
W98431,person
W50540,person
W27875,person
W56498,person
W88900,person
W45110,person
W20411,person
W94267,person
W14054,person
W66983,person
W26445,person
W67398,person
W77652,person
W62276,person
W92739,person
W80200,person
W38365,person
W97931,person
W48182,person
W63401,person
W21671,person
W67414,person
W47474,person
W66193,person
W48370,person
W99677,person
W39062,person
W76024,person
W68380,person
W28455,person
W94659,person
W52753,person
W36660,person
W99408,person
W41464,person
W66871,person
W92138,person
W55049,person
W43935,person
W27821,person
W80852,person
W79225,person
W22580,person
W75244,person
W39272,person
W83770,person
W76455,person
W59158,person
W93115,person
W87434,person
W12339,person
W58585,person
W93324,person
W62865,person
W75328,person
W72310,person
W87703,person
W32289,person
W96886,person
W54627,person
W46930,person
W69874,person
W48588,person
W67097,person
W31026,person
W23910,person
W92835,person
W72344,person
W84885,person
W29823,person
W84488,person
W50895,person
W51547,person
W52786,person
W94893,person
W94857,person
W22717,person
W16969,person
W68279,person
W20669,person
W58841,person
W21113,person
W27550,person
W51177,person
W91558,person
W88259,person
W77729,person
W23357,person
W91798,person
W85197,person
W24911,person
W50567,person
W96790,person
W85336,person
W32479,person
W57228,person
W90597,person
W87945,person
W55581,person
W72539,person
W39555,person
W91960,person
W24564,person
W86457,person
W96341,person
W24208,person
W22736,person
W12064,person
W40265,person
W13570,person
W72438,person
W66424,person
W83540,person
W84786,person
W56562,person
W59349,person
W66528,person
W88632,person
W52263,person
W55422,person
W37102,person
W93417,person
W55715,person
W99927,person
W21615,person
W85128,person
W62920,person
W58834,person
W84351,person
W66652,person
W11761,person
W73527,person
W21604,person
W93713,person
W97668,person
W90845,person
W83172,person
W61714,person
W60195,person
W63526,person
W84196,person
W32102,person
W22595,person
W26859,person
W38856,person
W94777,person
W40430,person
W15372,person
W25215,person
W30699,person
W79018,person
W63055,person
W89087,person
W87939,person
W17264,person
W33501,person
W50291,person
W88853,person
W86417,person
W54488,person
W78565,person
W29048,person
W62676,person
W85368,person
W14135,person
W69074,person
W63409,person
W66870,person
W80081,person
W18699,person
W51438,person
W52643,person
W69159,person
W43675,person
W86037,person
W82868,person
W62355,person
W53074,person
W18470,person
W64162,person
W85824,person
W45306,person
W38557,person
W51625,person
W46718,person
W29832,person
W25311,person
W80837,person
W19708,person
W84019,person
W31621,person
W54278,person
W30224,person
W10813,person
W25420,person
W62526,person
W59894,person
W86781,person
W96318,person
W32932,person
W93241,person
W94096,person
W19743,person
W46065,person
W13187,person
W14263,person
W28363,person
W37101,person
W82580,person
W95930,person
W99156,person
W65784,person
W10357,person
W85956,person
W52559,person
W17680,person
W35045,person
W89054,person
W58272,person
W49347,person
W16917,person
W68947,person
W86017,person
W89010,person
W15775,person
W36412,person
W16964,person
W13567,person
W48421,person
W51938,person
W81660,person
W75343,person
W82308,person
W69456,person
W42249,person
W50526,person
W69559,person
W90635,person
W93429,person
W41053,person
W33519,person
W62727,person
W85863,person
W58402,person
W78942,person
W51702,person
W72689,person
W70451,person
W69822,person
W95822,person
W48196,person
W81433,person
W22093,person
W31122,person
W94440,person
W81580,person
W58106,person
W80034,person
W32334,person
W92989,person
W47443,person
W42845,person
W65034,person
W67953,person
W30457,person
W34852,person
W68043,person
W30412,person
W91060,person
W45861,person
W54251,person
W52612,person
W95384,person
W97855,person
W58278,person
W71646,person
W18784,person
W46180,person
W59938,person
W36139,person
W98599,person
W21309,person
W71525,person
W57052,person
W95943,person
W96623,person
W99034,person
W82015,person
W18495,person
W30689,person
W79417,person
W25533,person
W37486,person
W31537,person
W87837,person
W99751,person
W72778,person
W25777,person
W45968,person
W74168,person
W95412,person
W11552,person
W70666,person
W47053,person
W57624,person
W76892,person
W30746,person
W80894,person
W83673,person
W66755,person
W28593,person
W28454,person
W98855,person
W38012,person
W17875,person
W51606,person
W24521,person
W61278,person
W61357,person
W79335,person
W83769,person
W86210,person
W74124,person
W66892,person
W54317,person
W17829,person
W82943,person
W15881,person
W93030,person
W22316,person
W98885,person
W61856,person
W40551,person
W76619,person
W79349,person
W13842,person
W54486,person
W13111,person
W78967,person
W90049,person
W15213,person
W51325,person
W53602,person
W22689,person
W20125,person
W76398,person
W30917,person
W96527,person
W73356,person
W24118,person
W43699,person
W34585,person
W11655,person
W23221,person
W94661,person
W67816,person
W35078,person
W57682,person
W54403,person
W66416,person
W49057,person
W40989,person
W17200,person
W55794,person
W69955,person
W22148,person
W89227,person
W87462,person
W27054,person
W43983,person
W78886,person
W72366,person
W55545,person
W81014,person
W20132,person
W89118,person
W19662,person
W69463,person
W13616,person
W88425,person
W54029,person
W40488,person
W57861,person
W20164,person
W33685,person
W37284,person
W48527,person
W82161,person
W79206,person
W55359,person
W88850,person
W96891,person
W93626,person
W80835,person
W85003,person
W55735,person
W92887,person
W80979,person
W76013,person
W65376,person
W41907,person
W87209,person
W21525,person
W50154,person
W19532,person
W59423,person
W73544,person
W86568,person
W93734,person
W42427,person
W44517,person
W53368,person
W47428,person
W65608,person
W69462,person
W17443,person
W83022,person
W70412,person
W40203,person
W11532,person
W64933,person
W87771,person
W75274,person
W27121,person
W10691,person
W93335,person
W40402,person
W98236,person
W50859,person
W21725,person
W63888,person
W89113,person
W41725,person
W20802,person
W31847,person
W87260,person
W68843,person
W38621,person
W84977,person
W84012,person
W28311,person
W23079,person
W80898,person
W92933,person
W32125,person
W28412,person
W41756,person
W82493,person
W24172,person
W27009,person
W58119,person
W98119,person
W26608,person
W97262,person
W76874,person
W57608,person
W51801,person
W16309,person
W89918,person
W15907,person
W76550,person
W23790,person
W73606,person
W97247,person
W11640,person
W14046,person
W73325,person
W69665,person
W90022,person
W80212,person
W38362,person
W13395,person
W46487,person
W76354,person
W14765,person
W22129,person
W52014,person
W39508,person
W31209,person
W84630,person
W53941,person
W42309,person
W58552,person
W76930,person
W83151,person
W76429,person
W44995,person
W75111,person
W30344,person
W67348,person
W44639,person
W97098,person
W43799,person
W73145,person
W40000,person
W72809,person
W37002,person
W59118,person
W77677,person
W25804,person
W51148,person
W76252,person
W47346,person
W11181,person
W92275,person
W39233,person
W96319,person
W38973,person
W35520,person
W99505,person
W49109,person
W86878,person
W83169,person
W90404,person
W62941,person
W60362,person
W56728,person
W88015,person
W60646,person
W82282,person
W80313,person
W86164,person
W89843,person
W83601,person
W41286,person
W62811,person
W83278,person
W58601,person
W66754,person
W33766,person
W66721,person
W18780,person
W66480,person
W26598,person
W49409,person
W12677,person
W12248,person
W96353,person
W75987,person
W56731,person
W63443,person
W82570,person
W75000,person
W13892,person
W94314,person
W56064,person
W52805,person
W47893,person
W76986,person
W92888,person
W71930,person
W52070,person
W75647,person
W76669,person
W20393,person
W22381,person
W67939,person
W41526,person
W86021,person
W87041,person
W87368,person
W27217,person
W63945,person
W32478,person
W45601,person
W59290,person
W46588,person
W34060,person
W54468,person
W77851,person
W90575,person
W11301,person
W97425,person
W47064,person
W87894,person
W95272,person
W70204,person
W74310,person
W60683,person
W45295,person
W99279,person
W20992,person
W71857,person
W37269,person
W70213,person
W58043,person
W95106,person
W99898,person
W96088,person
W51200,person
W37193,person
W60364,person
W80528,person
W24093,person
W70776,person
W56810,person
W52274,person
W25456,person
W91588,person
W95183,person
W58219,person
W51779,person
W59335,person
W83171,person
W36699,person
W96438,person
W11780,person
W51655,person
W34706,person
W14708,person
W69629,person
W57212,person
W35422,person
W53454,person
W17572,person
W11220,person
W78027,person
W32735,person
W69306,person
W77730,person
W75821,person
W71980,person
W20623,person
W86874,person
W70778,person
W62002,person
W44576,person
W44865,person
W98804,person
W20818,person
W70227,person
W98594,person
W47803,person
W65851,person
W93881,person
W18530,person
W94346,person
W67776,person
W70710,person
W37320,person
W50113,person
W19288,person
W86897,person
W23606,person
W96113,person
W67665,person
W21296,person
W89944,person
W64038,person
W98876,person
W54313,person
W29888,person
W58707,person
W90222,person
W76282,person
W91288,person
W79485,person
W47130,person
W22827,person
W72534,person
W59770,person
W78885,person
W65769,person
W41237,person
W35730,person
W73344,person
W18290,person
W61253,person
W90710,person
W70494,person
W34511,person
W53698,person
W78155,person
W92899,person
W67843,person
W49462,person
W26814,person
W79776,person
W82650,person
W62987,person
W37239,person
W89850,person
W13124,person
W57930,person
W72332,person
W87744,person
W56785,person
W42005,person
W59426,person
W75240,person
W39558,person
W95192,person
W83836,person
W27259,person
W13469,person
W18704,person
W83450,person
W64258,person
W40632,person
W67837,person
W25013,person
W55383,person
W91835,person
W42993,person
W90748,person
W96418,person
W65007,person
W84935,person
W82945,person
W49105,person
W65575,person
W94508,person
W75225,person
W14250,person
W91580,person
W16967,person
W24345,person
W34989,person
W99513,person
W23766,person
W38005,person
W56077,person
W43768,person
W71720,person
W41429,person
W61611,person
W96453,person
W97756,person
W38575,person
W65542,person
W77277,person
W86773,person
W69532,person
W88770,person
W58892,person
W56009,person
W82490,person
W82123,person
W86964,person
W57146,person
W99724,person
W85129,person
W71933,person
W66290,person
W92226,person
W90090,person
W62443,person
W19870,person
W23216,person
W37851,person
W73447,person
W88248,person
W25651,person
W17215,person
W51752,person
W87327,person
W73919,person
W60966,person
W70169,person
W40827,person
W54670,person
W12287,person
W38778,person
W70627,person
W32824,person
W43947,person
W52922,person
W25498,person
W71301,person
W47602,person
W71958,person
W59877,person
W40065,person
W27615,person
W89803,person
W52393,person
W71368,person
W92088,person
W88049,person
W14371,person
W23026,person
W44188,person
W71901,person
W71722,person
W15499,person
W98912,person
W49353,person
W43510,person
W11771,person
W73479,person
W61602,person
W53411,person
W39494,person
W26831,person
W19214,person
W79980,person
W10806,person
W93472,person
W32698,person
W27281,person
W63103,person
W55355,person
W11477,person
W47392,person
W17351,person
W92738,person
W61361,person
W62150,person
W64597,person
W39496,person
W32848,person
W38507,person
W93385,person
W49839,person
W42840,person
W49495,person
W20450,person
W58853,person
W95187,person
W81521,person
W95682,person
W57342,person
W92477,person
W54913,person
W90183,person
W79214,person
W67597,person
W47414,person
W67498,person
W63373,person
W22186,person
W57115,person
W49974,person
W78211,person
W48693,person
W47688,person
W49834,person
W86090,person
W23707,person
W57532,person
W70048,person
W23213,person
W64117,person
W72900,person
W44248,person
W24849,person
W40110,person
W44584,person
W36221,person
W45582,person
W53773,person
W76615,person
W40053,person
W36203,person
W87517,person
W90083,person
W64682,person
W28373,person
W51618,person
W34792,person
W12495,person
W64978,person
W44068,person
W88887,person
W49629,person
W89499,person
W55935,person
W71076,person
W74468,person
W21269,person
W27397,person
W32344,person
W79128,person
W90451,person
W74780,person
W66905,person
W97261,person
W49240,person
W58840,person
W37206,person
W54884,person
W76829,person
W92759,person
W68980,person
W67949,person
W57935,person
W65845,person
W63770,person
W75918,person
W27977,person
W83768,person
W71207,person
W22264,person
W33626,person
W97328,person
W26856,person
W72450,person
W93426,person
W17827,person
W42648,person
W84964,person
W75728,person
W79885,person
W48446,person
W39333,person
W40127,person
W29958,person
W90195,person
W71786,person
W11972,person
W54776,person
W51627,person
W76731,person
W15229,person
W88358,person
W14005,person
W70840,person
W89496,person
W42516,person
W94745,person
W89435,person
W25285,person
W76292,person
W26534,person
W22228,person
W85050,person
W31383,person
W30851,person
W34972,person
W97209,person
W51453,person
W38585,person
W27333,person
W64482,person
W99348,person
W22891,person
W51326,person
W58458,person
W72494,person
W51893,person
W88625,person
W51470,person
W65826,person
W20021,person
W98674,person
W87460,person
W27000,person
W42276,person
W47635,person
W64442,person
W72795,person
W46482,person
W13638,person
W15773,person
W65317,person
W54014,person
W25963,person
W18563,person
W10942,person
W45301,person
W48385,person
W37991,person
W47134,person
W50691,person
W98567,person
W92578,person
W74817,person
W47015,person
W80929,person
W97275,person
W92375,person
W32445,person
W70509,person
W47827,person
W62192,person
W86576,person
W86581,person
W10924,person
W17727,person
W30009,person
W64533,person
W18604,person
W69735,person
W50436,person
W15118,person
W78466,person
W54756,person
W34610,person
W42125,person
W27114,person
W88789,person
W33779,person
W35510,person
W60077,person
W82469,person
W75992,person
W70166,person
W68535,person
W69008,person
W90000,person
W99112,person
W53005,person
W33455,person
W21734,person
W78562,person
W93085,person
W79102,person
W94527,person
W53148,person
W27417,person
W55993,person
W94230,person
W27608,person
W73850,person
W35077,person
W60734,person
W30222,person
W25632,person
W33182,person
W15043,person
W55926,person
W65924,person
W99795,person
W19615,person
W68775,person
W91092,person
W91287,person
W23776,person
W29440,person
W79324,person
W97168,person
W22060,person
W41734,person
W59365,person
W43598,person
W42368,person
W72636,person
W39103,person
W48612,person
W91153,person
W73863,person
W43988,person
W89933,person
W45219,person
W23888,person
W78337,person
W78403,person
W91254,person
W28123,person
W86676,person
W24466,person
W91459,person
W74038,person
W30811,person
W32470,person
W13010,person
W80984,person
W56030,person
W58356,person
W17535,person
W37055,person
W71129,person
W33529,person
W48191,person
W61926,person
W59194,person
W39630,person
W37809,person
W94646,person
W90706,person
W48911,person
W59948,person
W90498,person
W87256,person
W80636,person
W53018,person
W60157,person
W82779,person
W69099,person
W21007,person
W44817,person
W38854,person
W10749,person
W11210,person
W34078,person
W97031,person
W95670,person
W83380,person
W91646,person
W13020,person
W23344,person
W25301,person
W85957,person
W26986,person
W21556,person
W19425,person
W79708,person
W43506,person
W94065,person
W35722,person
W74146,person
W37159,person
W21637,person
W60523,person
W62954,person
W37657,person
W22061,person
W33449,person
W84050,person
W56109,person
W24182,person
W23481,person
W41807,person
W34017,person
W64231,person
W25748,person
W69487,person
W16435,person
W50605,person
W47750,person
W13350,person
W43153,person
W89880,person
W64134,person
W89626,person
W20207,person
W98098,person
W24166,person
W79449,person
W59691,person
W78725,person
W22516,person
W45877,person
W68120,person
W91016,person
W44709,person
W39162,person
W50077,person
W24292,person
W85588,person
W10187,person
W17027,person
W56969,person
W55330,person
W23076,person
W73620,person
W81933,person
W74348,person
W11388,person
W99586,person
W95380,person
W82876,person
W79966,person
W66976,person
W61656,person
W21524,person
W23418,person
W68721,person
W41867,person
W41607,person
W87193,person
W68050,person
W28703,person
W77654,person
W62252,person
W72180,person
W84144,person
W48948,person
W62350,person
W31357,person
W26105,person
W59320,person
W67284,person
W68990,person
W86881,person
W61493,person
W26277,person
W86652,person
W48787,person
W91291,person
W97178,person
W64032,person
W98503,person
W45363,person
W18171,person
W93476,person
W61851,person
W15455,person
W47205,person
W88893,person
W13500,person
W17156,person
W89354,person
W15918,person
W57464,person
W67966,person
W68779,person
W54510,person
W49889,person
W40718,person
W10969,person
W11913,person
W40568,person
W16166,person
W81115,person
W60322,person
W44569,person
W20700,person
W12930,person
W50531,person
W82388,person
W93431,person
W43991,person
W48813,person
W43199,person
W42855,person
W90852,person
W80454,person
W66135,person
W53008,person
W79514,person
W43696,person
W83227,person
W29105,person
W77660,person
W39315,person
W94071,person
W56735,person
W50641,person
W71283,person
W92566,person
W52043,person
W96626,person
W14731,person
W45123,person
W43077,person
W31043,person
W70384,person
W39059,person
W20065,person
W19786,person
W12689,person
W60871,person
W56170,person
W62937,person
W75913,person
W25159,person
W60944,person
W51037,person
W18011,person
W48646,person
W75273,person
W17765,person
W79311,person
W94033,person
W12549,person
W33645,person
W13870,person
W57039,person
W98790,person
W69359,person
W34415,person
W87332,person
W27882,person
W72305,person
W73711,person
W23329,person
W81044,person
W86635,person
W20408,person
W97732,person
W80452,person
W58562,person
W78811,person
W27068,person
W42620,person
W97299,person
W49631,person
W49984,person
W16517,person
W82518,person
W57369,person
W72706,person
W88667,person
W50170,person
W18432,person
W19440,person
W11471,person
W25338,person
W37070,person
W45935,person
W15798,person
W49643,person
W26535,person
W68272,person
W99830,person
W20831,person
W29342,person
W60522,person
W34682,person
W61221,person
W27754,person
W14636,person
W73402,person
W69342,person
W39486,person
W84939,person
W88119,person
W13710,person
W75921,person
W63894,person
W63192,person
W70956,person
W49261,person
W34458,person
W19774,person
W58844,person
W42854,person
W17984,person
W90776,person
W51243,person
W21817,person
W35904,person
W33954,person
W23915,person
W63248,person
W36385,person
W11000,person
W96486,person
W36437,person
W99954,person
W15030,person
W87431,person
W66737,person
W95598,person
W74586,person
W83399,person
W27232,person
W81892,person
W65870,person
W45019,person
W34468,person
W93099,person
W61809,person
W87199,person
W32895,person
W44465,person
W57766,person
W79647,person
W34809,person
W41110,person
W16722,person
W83984,person
W23881,person
W76469,person
W12279,person
W71591,person
W12221,person
W72673,person
W64387,person
W71055,person
W39994,person
W32961,person
W90692,person
W54501,person
W38046,person
W11536,person
W34932,person
W48624,person
W82731,person
W92033,person
W44756,person
W41041,person
W22920,person
W19511,person
W88890,person
W25071,person
W36270,person
W70761,person
W96578,person
W60709,person
W83486,person
W44458,person
W91796,person
W88227,person
W81653,person
W45173,person
W97462,person
W55111,person
W34138,person
W66790,person
W85518,person
W75693,person
W22378,person
W50994,person
W92161,person
W74538,person
W28722,person
W25622,person
W19566,person
W40185,person
W61351,person
W96793,person
W76909,person
W40422,person
W17174,person
W31792,person
W55314,person
W17666,person
W22212,person
W27984,person
W55850,person
W74540,person
W88533,person
W85250,person
W88116,person
W91488,person
W28477,person
W81802,person
W39362,person
W29365,person
W22575,person
W19387,person
W66315,person
W73558,person
W74896,person
W62856,person
W38949,person
W76286,person
W41478,person
W17951,person
W55782,person
W18927,person
W56153,person
W78636,person
W71353,person
W87361,person
W79215,person
W73028,person
W65168,person
W97119,person
W18627,person
W41421,person
W97527,person
W90829,person
W28185,person
W11312,person
W15519,person
W68254,person
W37141,person
W32195,person
W21268,person
W92386,person
W75204,person
W14320,person
W40358,person
W26302,person
W89243,person
W99663,person
W69316,person
W86704,person
W68737,person
W93740,person
W40199,person
W23363,person
W83648,person
W48103,person
W47545,person
W90714,person
W52739,person
W99955,person
W89037,person
W23409,person
W11615,person
W82483,person
W15419,person
W17051,person
W70038,person
W66356,person
W50245,person
W72808,person
W86725,person
W95089,person
W85764,person
W53476,person
W18514,person
W96204,person
W21035,person
W63608,person
W48558,person
W24213,person
W23684,person
W53497,person
W90205,person
W36831,person
W94526,person
W26748,person
W92965,person
W74734,person
W94266,person
W29293,person
W32223,person
W20309,person
W29880,person
W64717,person
W93378,person
W33068,person
W83136,person
W24642,person
W41450,person
W11540,person
W93854,person
W35247,person
W59853,person
W88086,person
W79941,person
W92423,person
W14271,person
W98473,person
W45332,person
W95973,person
W18188,person
W62769,person
W75997,person
W84696,person
W41232,person
W34990,person
W99810,person
W20896,person
W22598,person
W24565,person
W76955,person
W68228,person
W51823,person
W39399,person
W10025,person
W66059,person
W81517,person
W68551,person
W53608,person
W14810,person
W81300,person
W94806,person
W86291,person
W96487,person
W43631,person
W47219,person
W32237,person
W76374,person
W17097,person
W81057,person
W97796,person
W12352,person
W84357,person
W29158,person
W11326,person
W75686,person
W50754,person
W81763,person
W92511,person
W15125,person
W13929,person
W18515,person
W96904,person
W12565,person
W74991,person
W68859,person
W94854,person
W65041,person
W47783,person
W84517,person
W74669,person
W28239,person
W34332,person
W17270,person
W47371,person
W24627,person
W88095,person
W42126,person
W25928,person
W96930,person
W40887,person
W82202,person
W88154,person
W48699,person
W13430,person
W47832,person
W93945,person
W22339,person
W89982,person
W34016,person
W61374,person
W74046,person
W35495,person
W97964,person
W37869,person
W82416,person
W24746,person
W91383,person
W68337,person
W69782,person
W47367,person
W97131,person
W22293,person
W16986,person
W86808,person
W25008,person
W84053,person
W87165,person
W15146,person
W59727,person
W56004,person
W51320,person
W70982,person
W69090,person
W15839,person
W11623,person
W49099,person
W37818,person
W25385,person
W12922,person
W84893,person
W61494,person
W92818,person
W70454,person
W93572,person
W80173,person
W91899,person
W37202,person
W31960,person
W93040,person
W88629,person
W43758,person
W12406,person
W45172,person
W52194,person
W11519,person
W16627,person
W99004,person
W17593,person
W55800,person
W11385,person
W37919,person
W48269,person
W86547,person
W53645,person
W19072,person
W14806,person
W33657,person
W60497,person
W33640,person
W48420,person
W89229,person
W15622,person
W16159,person
W98795,person
W33071,person
W37743,person
W44875,person
W46624,person
W33090,person
W28337,person
W63024,person
W16262,person
W15162,person
W73788,person
W71822,person
W53012,person
W22693,person
W23822,person
W39436,person
W36940,person
W73767,person
W86123,person
W89795,person
W68822,person
W13263,person
W64901,person
W67124,person
W85249,person
W44462,person
W75676,person
W43896,person
W26202,person
W15107,person
W40119,person
W58633,person
W18858,person
W37583,person
W61289,person
W96898,person
W37565,person
W47643,person
W21121,person
W74871,person
W22022,person
W82478,person
W75174,person
W31675,person
W63715,person
W76849,person
W46273,person
W86428,person
W14465,person
W21736,person
W87544,person
W80482,person
W37964,person
W18291,person
W24119,person
W61512,person
W14706,person
W46751,person
W97263,person
W15361,person
W37017,person
W92949,person
W14203,person
W96533,person
W53259,person
W68376,person
W59925,person
W71406,person
W50703,person
W92289,person
W36423,person
W51861,person
W54998,person
W92202,person
W41357,person
W19981,person
W71490,person
W42065,person
W75537,person
W25054,person
W83520,person
W21454,person
W80419,person
W45543,person
W96620,person
W74343,person
W54053,person
W34871,person
W99650,person
W55477,person
W90025,person
W76135,person
W48569,person
W74802,person
W37799,person
W18737,person
W18210,person
W93638,person
W48492,person
W70327,person
W10144,person
W84483,person
W44776,person
W69560,person
W58147,person
W50301,person
W80006,person
W69338,person
W91958,person
W67277,person
W31723,person
W43775,person
W14490,person
W82588,person
W67860,person
W44434,person
W76539,person
W80484,person
W51922,person
W81543,person
W73656,person
W50529,person
W69019,person
W67253,person
W58955,person
W52679,person
W39975,person
W15237,person
W69290,person
W81873,person
W24795,person
W30828,person
W37430,person
W31153,person
W52205,person
W94981,person
W19287,person
W59223,person
W25305,person
W64244,person
W87522,person
W20321,person
W73043,person
W25707,person
W14659,person
W62561,person
W59972,person
W69274,person
W24862,person
W62494,person
W32656,person
W94940,person
W41121,person
W57829,person
W19504,person
W60535,person
W82481,person
W12946,person
W27272,person
W22384,person
W62060,person
W27293,person
W61731,person
W36526,person
W29868,person
W96845,person
W39761,person
W50604,person
W74661,person
W50915,person
W65979,person
W55589,person
W52881,person
W38454,person
W64858,person
W84040,person
W74622,person
W73671,person
W98385,person
W87714,person
W46513,person
W56972,person
W61604,person
W48989,person
W33471,person
W41255,person
W43515,person
W38683,person
W91766,person
W11386,person
W73095,person
W47580,person
W38697,person
W60543,person
W54946,person
W45152,person
W38162,person
W86880,person
W93788,person
W69908,person
W55931,person
W90736,person
W21382,person
W25933,person
W13292,person
W56484,person
W68239,person
W80446,person
W49950,person
W34181,person
W16954,person
W57821,person
W28557,person
W48732,person
W30598,person
W28010,person
W25641,person
W43806,person
W30998,person
W83270,person
W51000,person
W21388,person
W82931,person
W30755,person
W13389,person
W14341,person
W12455,person
W64105,person
W72946,person
W92577,person
W46055,person
W85943,person
W40774,person
W33552,person
W29223,person
W42707,person
W10231,person
W61101,person
W82800,person
W37207,person
W83530,person
W61107,person
W78452,person
W64311,person
W32203,person
W89141,person
W51233,person
W37632,person
W82456,person
W70391,person
W70564,person
W57563,person
W72144,person
W59419,person
W42624,person
W17470,person
W95975,person
W10583,person
W64140,person
W18770,person
W36732,person
W82958,person
W69277,person
W51611,person
W26696,person
W35576,person
W52653,person
W94980,person
W77080,person
W34336,person
W41573,person
W21739,person
W41694,person
W23193,person
W45147,person
W55485,person
W96236,person
W65753,person
W22924,person
W11891,person
W78749,person
W95368,person
W61454,person
W67090,person
W17552,person
W60338,person
W62436,person
W83652,person
W74745,person
W54066,person
W99418,person
W77092,person
W72664,person
W69888,person
W16029,person
W68712,person
W69755,person
W37054,person
W35794,person
W41273,person
W23495,person
W74316,person
W27864,person
W30071,person
W25869,person
W14539,person
W93698,person
W25803,person
W39730,person
W20670,person
W82196,person
W88415,person
W56146,person
W50378,person
W61339,person
W45826,person
W87098,person
W23123,person
W92263,person
W54933,person
W55550,person
W24650,person
W53429,person
W64155,person
W99951,person
W56502,person
W65914,person
W13170,person
W77927,person
W30027,person
W10746,person
W14855,person
W56920,person
W54191,person
W92746,person
W84326,person
W65259,person
W11164,person
W62029,person
W17784,person
W42550,person
W85909,person
W29725,person
W27352,person
W36510,person
W52665,person
W42400,person
W47962,person
W54505,person
W26615,person
W57514,person
W92475,person
W82734,person
W67385,person
W55396,person
W25178,person
W26116,person
W62462,person
W40114,person
W20444,person
W19166,person
W72338,person
W32482,person
W65396,person
W20967,person
W20768,person
W33732,person
W57072,person
W36580,person
W17878,person
W32807,person
W69572,person
W75538,person
W75473,person
W51603,person
W15456,person
W57737,person
W72421,person
W74677,person
W56739,person
W18317,person
W35010,person
W30753,person
W40955,person
W49341,person
W55103,person
W89189,person
W81095,person
W63099,person
W25437,person
W58968,person
W18150,person
W71224,person
W52057,person
W70510,person
W56973,person
W52237,person
W68398,person
W21342,person
W61269,person
W52120,person
W20537,person
W20389,person
W74475,person
W91061,person
W80660,person
W92512,person
W56290,person
W77934,person
W94447,person
W55067,person
W98617,person
W23838,person
W15625,person
W91957,person
W66564,person
W46946,person
W31120,person
W79947,person
W18775,person
W98910,person
W59988,person
W71670,person
W97377,person
W19252,person
W12306,person
W37690,person
W31957,person
W17042,person
W40075,person
W56718,person
W22097,person
W73013,person
W25575,person
W25042,person
W13303,person
W17609,person
W58625,person
W71636,person
W92937,person
W69416,person
W25563,person
W33172,person
W76602,person
W72846,person
W56577,person
W17998,person
W77233,person
W40785,person
W40610,person
W90553,person
W34455,person
W52390,person
W21791,person
W23617,person
W31380,person
W63143,person
W24053,person
W40227,person
W92968,person
W34556,person
W98998,person
W31152,person
W26820,person
W59396,person
W13825,person
W70282,person
W70540,person
W26469,person
W49493,person
W13345,person
W13988,person
W87834,person
W28353,person
W35351,person
W59645,person
W47510,person
W96721,person
W35628,person
W34509,person
W96095,person
W82870,person
W24245,person
W96850,person
W43235,person
W16339,person
W45678,person
W79469,person
W40424,person
W91966,person
W78931,person
W56966,person
W16294,person
W83581,person
W69975,person
W57475,person
W41346,person
W38706,person
W93962,person
W29392,person
W70976,person
W69539,person
W74847,person
W88975,person
W40736,person
W37777,person
W30444,person
W65664,person
W16851,person
W27594,person
W61736,person
W17886,person
W87709,person
W63205,person
W14107,person
W32756,person
W95382,person
W31115,person
W37304,person
W91034,person
W56534,person
W84733,person
W21417,person
W90704,person
W36453,person
W86005,person
W10434,person
W53139,person
W21819,person
W10050,person
W68169,person
W66745,person
W30527,person
W56417,person
W78847,person
W11134,person
W43105,person
W23335,person
W77202,person
W61134,person
W29600,person
W24279,person
W32512,person
W32362,person
W45718,person
W19764,person
W14458,person
W50854,person
W80232,person
W79938,person
W40623,person
W76478,person
W90175,person
W85256,person
W65590,person
W47532,person
W72582,person
W63488,person
W86230,person
W77419,person
W87547,person
W91776,person
W65279,person
W96189,person
W93781,person
W52286,person
W13092,person
W71430,person
W55033,person
W52442,person
W60879,person
W82500,person
W13465,person
W32246,person
W10361,person
W76048,person
W17823,person
W20689,person
W40158,person
W69226,person
W22726,person
W33321,person
W30391,person
W43443,person
W67048,person
W87436,person
W62206,person
W65188,person
W10586,person
W89023,person
W47499,person
W20714,person
W44813,person
W94085,person
W92041,person
W65857,person
W35716,person
W99822,person
W31925,person
W53226,person
W84320,person
W28719,person
W36002,person
W56650,person
W77885,person
W27214,person
W35070,person
W92111,person
W99745,person
W22149,person
W66406,person
W59133,person
W79573,person
W49203,person
W67676,person
W59751,person
W47847,person
W52107,person
W95273,person
W97645,person
W80447,person
W77537,person
W69275,person
W43207,person
W36847,person
W88158,person
W15997,person
W40279,person
W31138,person
W72203,person
W23403,person
W45226,person
W14616,person
W82228,person
W57272,person
W71239,person
W32989,person
W48623,person
W92927,person
W90391,person
W48828,person
W32798,person
W60755,person
W76658,person
W40612,person
W86146,person
W25421,person
W96503,person
W93304,person
W48411,person
W47674,person
W20679,person
W34619,person
W97050,person
W11440,person
W82352,person
W12605,person
W42507,person
W50886,person
W24354,person
W52164,person
W35112,person
W92481,person
W60090,person
W78843,person
W28274,person
W38637,person
W16792,person
W24453,person
W24090,person
W82643,person
W77407,person
W24814,person
W88680,person
W65498,person
W16349,person
W83564,person
W29092,person
W81035,person
W28898,person
W96543,person
W80865,person
W15061,person
W18381,person
W46266,person
W18916,person
W29075,person
W61766,person
W46689,person
W78015,person
W46233,person
W34004,person
W10296,person
W63602,person
W43462,person
W12588,person
W92180,person
W15978,person
W18360,person
W66954,person
W78748,person
W42306,person
W61434,person
W73473,person
W86666,person
W78445,person
W85944,person
W34602,person
W79370,person
W94264,person
W56547,person
W17655,person
W33174,person
W52273,person
W23701,person
W64217,person
W66067,person
W40381,person
W23171,person
W52309,person
W23507,person
W87419,person
W69945,person
W98518,person
W44970,person
W17943,person
W36579,person
W44048,person
W86082,person
W29998,person
W50286,person
W94062,person
W67873,person
W45489,person
W13064,person
W73749,person
W99531,person
W30417,person
W71401,person
W57396,person
W32442,person
W52131,person
W80290,person
W26059,person
W71914,person
W25123,person
W42924,person
W97379,person
W87054,person
W98422,person
W15561,person
W15297,person
W48399,person
W64272,person
W75593,person
W91528,person
W25344,person
W16063,person
W84076,person
W89715,person
W84306,person
W98351,person
W14947,person
W90663,person
W82977,person
W51820,person
W54382,person
W51522,person
W97767,person
W30676,person
W94512,person
W74819,person
W57792,person
W96947,person
W79599,person
W69599,person
W98742,person
W55002,person
W90624,person
W73585,person
W63518,person
W67160,person
W92812,person
W48797,person
W32527,person
W21248,person
W83565,person
W36641,person
W34034,person
W59346,person
W38174,person
W48361,person
W72215,person
W98875,person
W75351,person
W68355,person
W93931,person
W23155,person
W30462,person
W93531,person
W60208,person
W44768,person
W24139,person
W35143,person
W36329,person
W54771,person
W53595,person
W23277,person
W95191,person
W94842,person
W23570,person
W15523,person
W84308,person
W26691,person
W40129,person
W11083,person
W65862,person
W19549,person
W97637,person
W64947,person
W25886,person
W79456,person
W73176,person
W80260,person
W74857,person
W53345,person
W19077,person
W79221,person
W24026,person
W19353,person
W79726,person
W17048,person
W76843,person
W51227,person
W50786,person
W72311,person
W26756,person
W98411,person
W27491,person
W26073,person
W89878,person
W73631,person
W69411,person
W13746,person
W34545,person
W22692,person
W52530,person
W23319,person
W53330,person
W70600,person
W98429,person
W67540,person
W84172,person
W69516,person
W58588,person
W31643,person
W92281,person
W77773,person
W74992,person
W98781,person
W89440,person
W89199,person
W16999,person
W24122,person
W25424,person
W29256,person
W40263,person
W25198,person
W93718,person
W61509,person
W89222,person
W82146,person
W79461,person
W83613,person
W43756,person
W20166,person
W99405,person
W31969,person
W93843,person
W73177,person
W31725,person
W69392,person
W50857,person
W17426,person
W48316,person
W57848,person
W90486,person
W77664,person
W11248,person
W97029,person
W26311,person
W44065,person
W46655,person
W34919,person
W66956,person
W16446,person
W28378,person
W13944,person
W26248,person
W55899,person
W62167,person
W17179,person
W60717,person
W80616,person
W49566,person
W30609,person
W73923,person
W30002,person
W22194,person
W11034,person
W15628,person
W72682,person
W53735,person
W90959,person
W96417,person
W30642,person
W89471,person
W21335,person
W62978,person
W17110,person
W64746,person
W57891,person
W19295,person
W78128,person
W84395,person
W87451,person
W62257,person
W97937,person
W14911,person
W19845,person
W60987,person
W64507,person
W88863,person
W58187,person
W98073,person
W49077,person
W48659,person
W59922,person
W22650,person
W43068,person
W26627,person
W60894,person
W26352,person
W58494,person
W31609,person
W95396,person
W86095,person
W73186,person
W60511,person
W29171,person
W37447,person
W26600,person
W19832,person
W89756,person
W88959,person
W28277,person
W72274,person
W95020,person
W78964,person
W14751,person
W48323,person
W53724,person
W57932,person
W39685,person
W22017,person
W64646,person
W10365,person
W71084,person
W57721,person
W61871,person
W89608,person
W91628,person
W49394,person
W50588,person
W26908,person
W10197,person
W48236,person
W47047,person
W92232,person
W32969,person
W26103,person
W84954,person
W58978,person
W99937,person
W97707,person
W87924,person
W80880,person
W44605,person
W83234,person
W83088,person
W48378,person
W94974,person
W43272,person
W43434,person
W31309,person
W15865,person
W36030,person
W65874,person
W42631,person
W94337,person
W80124,person
W16791,person
W21897,person
W27564,person
W43779,person
W60064,person
W46633,person
W14053,person
W20048,person
W65503,person
W66218,person
W52227,person
W41077,person
W92762,person
W72030,person
W90627,person
W20717,person
W64634,person
W53378,person
W93995,person
W12446,person
W10644,person
W76006,person
W14809,person
W24917,person
W56938,person
W67505,person
W36493,person
W95874,person
W57761,person
W97913,person
W33564,person
W62279,person
W89648,person
W15385,person
W17244,person
W28669,person
W34993,person
W34558,person
W97126,person
W45050,person
W14877,person
W48480,person
W32602,person
W19463,person
W44765,person
W47188,person
W38247,person
W98633,person
W54647,person
W79981,person
W86203,person
W47668,person
W39202,person
W84664,person
W76089,person
W95458,person
W59734,person
W55875,person
W48946,person
W53933,person
W14455,person
W38483,person
W58629,person
W82362,person
W88114,person
W55052,person
W88767,person
W25609,person
W58600,person
W37780,person
W58174,person
W80394,person
W36615,person
W89256,person
W67177,person
W36558,person
W84174,person
W88374,person
W92312,person
W56584,person
W99666,person
W91073,person
W17325,person
W50334,person
W75886,person
W84471,person
W87616,person
W86466,person
W88727,person
W98800,person
W96156,person
W96909,person
W19245,person
W70226,person
W88187,person
W73885,person
W20334,person
W34127,person
W70555,person
W94599,person
W20937,person
W40878,person
W54934,person
W41176,person
W51271,person
W60143,person
W27306,person
W98064,person
W58135,person
W12305,person
W33413,person
W65768,person
W71306,person
W45255,person
W73327,person
W42092,person
W73660,person
W71247,person
W50402,person
W61569,person
W16754,person
W16881,person
W73008,person
W75691,person
W67652,person
W70079,person
W24399,person
W33377,person
W53701,person
W96520,person
W61704,person
W41957,person
W43509,person
W10608,person
W40004,person
W92592,person
W93410,person
W95166,person
W85772,person
W25452,person
W54825,person
W52259,person
W14502,person
W17780,person
W46590,person
W86668,person
W38213,person
W70367,person
W76142,person
W64629,person
W26775,person
W78028,person
W59263,person
W65238,person
W47902,person
W23588,person
W50800,person
W54063,person
W39270,person
W11340,person
W40703,person
W92540,person
W59466,person
W30428,person
W25940,person
W74402,person
W87471,person
W11067,person
W66675,person
W85731,person
W64850,person
W72281,person
W44720,person
W92078,person
W44492,person
W24120,person
W75030,person
W73136,person
W33594,person
W21073,person
W64509,person
W96541,person
W80209,person
W70198,person
W48065,person
W36546,person
W58703,person
W48461,person
W16616,person
W72586,person
W36207,person
W26684,person
W34528,person
W78521,person
W69821,person
W91213,person
W12758,person
W75239,person
W86135,person
W25496,person
W17625,person
W70026,person
W44816,person
W11601,person
W95469,person
W94636,person
W44808,person
W56960,person
W61320,person
W22792,person
W99277,person
W39105,person
W20876,person
W55519,person
W97927,person
W92829,person
W54752,person
W25190,person
W97175,person
W81353,person
W94935,person
W37238,person
W99229,person
W21579,person
W37730,person
W39987,person
W43053,person
W32407,person
W28965,person
W65785,person
W50721,person
W59087,person
W83049,person
W22343,person
W34174,person
W19129,person
W27487,person
W96228,person
W44422,person
W98362,person
W48660,person
W57626,person
W31086,person
W90144,person
W74015,person
W82117,person
W95006,person
W37825,person
W30605,person
W25050,person
W47156,person
W73226,person
W33706,person
W62360,person
W16884,person
W93559,person
W92813,person
W15002,person
W60667,person
W46102,person
W16451,person
W16050,person
W87829,person
W99117,person
W79058,person
W75404,person
W46781,person
W12997,person
W70598,person
W70202,person
W25083,person
W42099,person
W96836,person
W99356,person
W98041,person
W10391,person
W56654,person
W86399,person
W46450,person
W17793,person
W40389,person
W12883,person
W67840,person
W88354,person
W34213,person
W59875,person
W90654,person
W39753,person
W89115,person
W79000,person
W81265,person
W60881,person
W24389,person
W17981,person
W45944,person
W35524,person
W90308,person
W71095,person
W40812,person
W78827,person
W83665,person
W12606,person
W48955,person
W37515,person
W80751,person
W87251,person
W57859,person
W60173,person
W72869,person
W37724,person
W36698,person
W38529,person
W53101,person
W83424,person
W79946,person
W96975,person
W40978,person
W48289,person
W13871,person
W35119,person
W77923,person
W39601,person
W69860,person
W81453,person
W97501,person
W21517,person
W55436,person
W53501,person
W60280,person
W30847,person
W73371,person
W49650,person
W77933,person
W40063,person
W69503,person
W66507,person
W32114,person
W96577,person
W55954,person
W70868,person
W77976,person
W41972,person
W95093,person
W39138,person
W23616,person
W80712,person
W73750,person
W28335,person
W58313,person
W52858,person
W88214,person
W35912,person
W23233,person
W86543,person
W94810,person
W41845,person
W32208,person
W64300,person
W51598,person
W95079,person
W34024,person
W21522,person
W74346,person
W29386,person
W53950,person
W26728,person
W78779,person
W35511,person
W76559,person
W42221,person
W92426,person
W29370,person
W36711,person
W32188,person
W90844,person
W22138,person
W43751,person
W20314,person
W20391,person
W12165,person
W63161,person
W49365,person
W67390,person
W89546,person
W77908,person
W81841,person
W53553,person
W58395,person
W30389,person
W81431,person
W59694,person
W20442,person
W56174,person
W46371,person
W57126,person
W72803,person
W66542,person
W76171,person
W19950,person
W18730,person
W59915,person
W20078,person
W56511,person
W86415,person
W98586,person
W48615,person
W42417,person
W80476,person
W24882,person
W85297,person
W37181,person
W11363,person
W18079,person
W58405,person
W12871,person
W59264,person
W17652,person
W79004,person
W89257,person
W97254,person
W87287,person
W39864,person
W75814,person
W35795,person
W68552,person
W47273,person
W82845,person
W35146,person
W81740,person
W14787,person
W15164,person
W50372,person
W84297,person
W37597,person
W98887,person
W68663,person
W67258,person
W18072,person
W38715,person
W40856,person
W93477,person
W80562,person
W45221,person
W22278,person
W38084,person
W97384,person
W74430,person
W85665,person
W59710,person
W38385,person
W69064,person
W81842,person
W27653,person
W43362,person
W70502,person
W39972,person
W91893,person
W29889,person
W95627,person
W20910,person
W71812,person
W73771,person
W60459,person
W80402,person
W78336,person
W57692,person
W58669,person
W32476,person
W11166,person
W41893,person
W56725,person
W40567,person
W59879,person
W80304,person
W60517,person
W14829,person
W33613,person
W20893,person
W30630,person
W29064,person
W10665,person
W74941,person
W71994,person
W58374,person
W60413,person
W78239,person
W39684,person
W57588,person
W82277,person
W63845,person
W99732,person
W92204,person
W89824,person
W40589,person
W66247,person
W67010,person
W79909,person
W75264,person
W83223,person
W22517,person
W17797,person
W99912,person
W14096,person
W24548,person
W96476,person
W12308,person
W71733,person
W76853,person
W31717,person
W92392,person
W34199,person
W49857,person
W20986,person
W23655,person
W95580,person
W46472,person
W64003,person
W14408,person
W19517,person
W66195,person
W39930,person
W97788,person
W11232,person
W80548,person
W96173,person
W20960,person
W79670,person
W49181,person
W57981,person
W33315,person
W88502,person
W32816,person
W29790,person
W18156,person
W27775,person
W92521,person
W52304,person
W19619,person
W85205,person
W74205,person
W73158,person
W46921,person
W90582,person
W65040,person
W60354,person
W59731,person
W49307,person
W53532,person
W57135,person
W59621,person
W81084,person
W28339,person
W23453,person
W24489,person
W45617,person
W31170,person
W93314,person
W60089,person
W11833,person
W59193,person
W91485,person
W48847,person
W98824,person
W55733,person
W18543,person
W58769,person
W37943,person
W51875,person
W79748,person
W74646,person
W57656,person
W48176,person
W44836,person
W82780,person
W87312,person
W36879,person
W64357,person
W94903,person
W54614,person
W95121,person
W28077,person
W22056,person
W88763,person
W76978,person
W91816,person
W41225,person
W77837,person
W88090,person
W76177,person
W28064,person
W57688,person
W70475,person
W87056,person
W37930,person
W67536,person
W81515,person
W74729,person
W48054,person
W79814,person
W47017,person
W45562,person
W78249,person
W81387,person
W23041,person
W69989,person
W47086,person
W35728,person
W59989,person
W99102,person
W93575,person
W14319,person
W81972,person
W22309,person
W15098,person
W78993,person
W49550,person
W51343,person
W35931,person
W88462,person
W53577,person
W46919,person
W47103,person
W58003,person
W28959,person
W16065,person
W40355,person
W89391,person
W28501,person
W97674,person
W35103,person
W33432,person
W39752,person
W49300,person
W29642,person
W15221,person
W42096,person
W20482,person
W82530,person
W18827,person
W55388,person
W67196,person
W14429,person
W35864,person
W10074,person
W16634,person
W68338,person
W93851,person
W60277,person
W50983,person
W20879,person
W37658,person
W92221,person
W57726,person
W69689,person
W79832,person
W80809,person
W10817,person
W60270,person
W18796,person
W99108,person
W65761,person
W49842,person
W38447,person
W14685,person
W26519,person
W10210,person
W30801,person
W13689,person
W61733,person
W19030,person
W85234,person
W61867,person
W60777,person
W18032,person
W37271,person
W13621,person
W99852,person
W77070,person
W43069,person
W61053,person
W14292,person
W21649,person
W32230,person
W22059,person
W38730,person
W52817,person
W24860,person
W74632,person
W64381,person
W49660,person
W61755,person
W11795,person
W47149,person
W51594,person
W65825,person
W48495,person
W48235,person
W60491,person
W59109,person
W53436,person
W81738,person
W85417,person
W51639,person
W38592,person
W82455,person
W10136,person
W65701,person
W53506,person
W54940,person
W59919,person
W90760,person
W78586,person
W54536,person
W55665,person
W73405,person
W52373,person
W24458,person
W37008,person
W78231,person
W46950,person
W48379,person
W60097,person
W79205,person
W81961,person
W45249,person
W10058,person
W17455,person
W56284,person
W76453,person
W45904,person
W41442,person
W62915,person
W51080,person
W36052,person
W20483,person
W81751,person
W62170,person
W80324,person
W38914,person
W89896,person
W54202,person
W70764,person
W92542,person
W61799,person
W41975,person
W44567,person
W19602,person
W94342,person
W65263,person
W44482,person
W13405,person
W86219,person
W13366,person
W29882,person
W32398,person
W91768,person
W81200,person
W51455,person
W88996,person
W71542,person
W62021,person
W50985,person
W32509,person
W36584,person
W81916,person
W86927,person
W34019,person
W87521,person
W92827,person
W92185,person
W43112,person
W64825,person
W12599,person
W12736,person
W63310,person
W83443,person
W32361,person
W36243,person
W10881,person
W39765,person
W65556,person
W10251,person
W70203,person
W93749,person
W85649,person
W20633,person
W31288,person
W93230,person
W24651,person
W69337,person
W59924,person
W73384,person
W55898,person
W43127,person
W91839,person
W44354,person
W67237,person
W90740,person
W69953,person
W81906,person
W21443,person
W98623,person
W61265,person
W27948,person
W30494,person
W48501,person
W87976,person
W52179,person
W47313,person
W66727,person
W67577,person
W69668,person
W86083,person
W37688,person
W35115,person
W35357,person
W32109,person
W29957,person
W50274,person
W34680,person
W72656,person
W11922,person
W68957,person
W22023,person
W72147,person
W42750,person
W74816,person
W25512,person
W64215,person
W65220,person
W55083,person
W98600,person
W88543,person
W28617,person
W48248,person
W17266,person
W94685,person
W67297,person
W49658,person
W88066,person
W98327,person
W11011,person
W38997,person
W57431,person
W94004,person
W59979,person
W74420,person
W31773,person
W99397,person
W93990,person
W54798,person
W44810,person
W76198,person
W53947,person
W16860,person
W45427,person
W36381,person
W99805,person
W74657,person
W23132,person
W92420,person
W99818,person
W77246,person
W70070,person
W52363,person
W15855,person
W97301,person
W44443,person
W60890,person
W62500,person
W77703,person
W18034,person
W86822,person
W53673,person
W63226,person
W19836,person
W64951,person
W41306,person
W92244,person
W47320,person
W35751,person
W21927,person
W95862,person
W44164,person
W81854,person
W26515,person
W56433,person
W98787,person
W32880,person
W17492,person
W56768,person
W74480,person
W41400,person
W33220,person
W86627,person
W44707,person
W11993,person
W73350,person
W38927,person
W59995,person
W14827,person
W38614,person
W70013,person
W23590,person
W45351,person
W25999,person
W98679,person
W90719,person
W60799,person
W76357,person
W73648,person
W73662,person
W62389,person
W98761,person
W68086,person
W99960,person
W98054,person
W19088,person
W15891,person
W45912,person
W16779,person
W72791,person
W23634,person
W68317,person
W87677,person
W93053,person
W42188,person
W69851,person
W24732,person
W25695,person
W98465,person
W58353,person
W22175,person
W64359,person
W23160,person
W89194,person
W51415,person
W41463,person
W60325,person
W45467,person
W85658,person
W81825,person
W88183,person
W19376,person
W18678,person
W16565,person
W64841,person
W15362,person
W79412,person
W92962,person
W20119,person
W41374,person
W35627,person
W45841,person
W83312,person
W52449,person
W16237,person
W41289,person
W73895,person
W89742,person
W29997,person
W36256,person
W82406,person
W99523,person
W65432,person
W62020,person
W79715,person
W71575,person
W82497,person
W62329,person
W63118,person
W61973,person
W30514,person
W27854,person
W56527,person
W71820,person
W80604,person
W99806,person
W77707,person
W35433,person
W36257,person
W86206,person
W43405,person
W96783,person
W66163,person
W59680,person
W56542,person
W46205,person
W25003,person
W49265,person
W14073,person
W40821,person
W52755,person
W21132,person
W81380,person
W65961,person
W53366,person
W79009,person
W77131,person
W29965,person
W75800,person
W88147,person
W86442,person
W95942,person
W95634,person
W85078,person
W23464,person
W83307,person
W69266,person
W62468,person
W88331,person
W50381,person
W96786,person
W99451,person
W62627,person
W47181,person
W10003,person
W44937,person
W13128,person
W12150,person
W81885,person
W29347,person
W10009,person
W75547,person
W45834,person
W26854,person
W79694,person
W43916,person
W59117,person
W94993,person
W74453,person
W78390,person
W92234,person
W56096,person
W45309,person
W59547,person
W51516,person
W46421,person
W43470,person
W84755,person
W67867,person
W28006,person
W48059,person
W92005,person
W13810,person
W94513,person
W74350,person
W78745,person
W11200,person
W68632,person
W31774,person
W60951,person
W29540,person
W14541,person
W81630,person
W90539,person
W17294,person
W55630,person
W21347,person
W31106,person
W33721,person
W22322,person
W37619,person
W11049,person
W94407,person
W21919,person
W43973,person
W21211,person
W98794,person
W63858,person
W18747,person
W88180,person
W37182,person
W86006,person
W92499,person
W20732,person
W74152,person
W37085,person
W19927,person
W55194,person
W29614,person
W18572,person
W86147,person
W40676,person
W88772,person
W30341,person
W84997,person
W88588,person
W94501,person
W70918,person
W43489,person
W85624,person
W15861,person
W92742,person
W92565,person
W79613,person
W86765,person
W72236,person
W31890,person
W40681,person
W82847,person
W25481,person
W42991,person
W72848,person
W49275,person
W36174,person
W70275,person
W20079,person
W86724,person
W23032,person
W49415,person
W88926,person
W54862,person
W47368,person
W96427,person
W96231,person
W94852,person
W50148,person
W95901,person
W55641,person
W40385,person
W34449,person
W17649,person
W36115,person
W69785,person
W21051,person
W73203,person
W95750,person
W19844,person
W17934,person
W44049,person
W90001,person
W48360,person
W23944,person
W40786,person
W85305,person
W53905,person
W61083,person
W29648,person
W36225,person
W96379,person
W33647,person
W45666,person
W22422,person
W96287,person
W76575,person
W76558,person
W65349,person
W65744,person
W64502,person
W55481,person
W90364,person
W85018,person
W92119,person
W80970,person
W83979,person
W74838,person
W48277,person
W15770,person
W22680,person
W64923,person
W23890,person
W97987,person
W54518,person
W17891,person
W36582,person
W38029,person
W72648,person
W56155,person
W72244,person
W59122,person
W78177,person
W27999,person
W22906,person
W73426,person
W78379,person
W99429,person
W66550,person
W95622,person
W12130,person
W29257,person
W93800,person
W19940,person
W63885,person
W56819,person
W36154,person
W81395,person
W37516,person
W40055,person
W31369,person
W54914,person
W55041,person
W46050,person
W79822,person
W58319,person
W75369,person
W37292,person
W25350,person
W71850,person
W95403,person
W52531,person
W35658,person
W88091,person
W16603,person
W34947,person
W21407,person
W73351,person
W29360,person
W58755,person
W42452,person
W20866,person
W19042,person
W50404,person
W24193,person
W18845,person
W92523,person
W88979,person
W99986,person
W32644,person
W65842,person
W15343,person
W21166,person
W53549,person
W26579,person
W40994,person
W78242,person
W95239,person
W39971,person
W92110,person
W78757,person
W76433,person
W51748,person
W44275,person
W65436,person
W41758,person
W36613,person
W72601,person
W60554,person
W90121,person
W10468,person
W74181,person
W87757,person
W39078,person
W13598,person
W54463,person
W59779,person
W83735,person
W28762,person
W77025,person
W56558,person
W91037,person
W10674,person
W22804,person
W35885,person
W36217,person
W50365,person
W46132,person
W94517,person
W18586,person
W52372,person
W66516,person
W48496,person
W91389,person
W65781,person
W56661,person
W73155,person
W21257,person
W53498,person
W45671,person
W82654,person
W76826,person
W87326,person
W91949,person
W33701,person
W33941,person
W99218,person
W13774,person
W22835,person
W71246,person
W16809,person
W42228,person
W30674,person
W65267,person
W56110,person
W46536,person
W55678,person
W98563,person
W12361,person
W75950,person
W94871,person
W89758,person
W80458,person
W67295,person
W51880,person
W96618,person
W45910,person
W63626,person
W63568,person
W83139,person
W70477,person
W76961,person
W66449,person
W97285,person
W43608,person
W86972,person
W76673,person
W16304,person
W27973,person
W56535,person
W33624,person
W45939,person
W38133,person
W43524,person
W24159,person
W77467,person
W29739,person
W70453,person
W66207,person
W13876,person
W23622,person
W87966,person
W91010,person
W36140,person
W75200,person
W94125,person
W33762,person
W78525,person
W15934,person
W69930,person
W38855,person
W14185,person
W99643,person
W18347,person
W72424,person
W78425,person
W51589,person
W28978,person
W74955,person
W78879,person
W29784,person
W44619,person
W74107,person
W63336,person
W43374,person
W81675,person
W10647,person
W88476,person
W93222,person
W15554,person
W84170,person
W89395,person
W55056,person
W87022,person
W19842,person
W52271,person
W62602,person
W22665,person
W95835,person
W94770,person
W50883,person
W70207,person
W26904,person
W94092,person
W74028,person
W93220,person
W75052,person
W13356,person
W11599,person
W82470,person
W79792,person
W16081,person
W26644,person
W88927,person
W51088,person
W30613,person
W16714,person
W36943,person
W88334,person
W75394,person
W23601,person
W60539,person
W95554,person
W37938,person
W90889,person
W11912,person
W81438,person
W39498,person
W58974,person
W73005,person
W39255,person
W18947,person
W31319,person
W14571,person
W62577,person
W84238,person
W87037,person
W64714,person
W79320,person
W65177,person
W48520,person
W76655,person
W36897,person
W52668,person
W51630,person
W17213,person
W54949,person
W78873,person
W28056,person
W42296,person
W49840,person
W99032,person
W93653,person
W79906,person
W90637,person
W24832,person
W16311,person
W25839,person
W82118,person
W93602,person
W22241,person
W34053,person
W72069,person
W67557,person
W89540,person
W11113,person
W17529,person
W85265,person
W78210,person
W85766,person
W74184,person
W23951,person
W15760,person
W50958,person
W33993,person
W11668,person
W51718,person
W54654,person
W87793,person
W95296,person
W95538,person
W61696,person
W91665,person
W56243,person
W61260,person
W64062,person
W44205,person
W87935,person
W51829,person
W35835,person
W88817,person
W83972,person
W56373,person
W92235,person
W80000,person
W14533,person
W88869,person
W60728,person
W25931,person
W22091,person
W34770,person
W18570,person
W89704,person
W64803,person
W41261,person
W84657,person
W89836,person
W92783,person
W99490,person
W67043,person
W45129,person
W75598,person
W53258,person
W84161,person
W30835,person
W31291,person
W88059,person
W55338,person
W89552,person
W98342,person
W30797,person
W10111,person
W57150,person
W93752,person
W25118,person
W58663,person
W11464,person
W48225,person
W40457,person
W28859,person
W14048,person
W83622,person
W14139,person
W17707,person
W86783,person
W73232,person
W58913,person
W76802,person
W68806,person
W77176,person
W76621,person
W94301,person
W63598,person
W33956,person
W49919,person
W90371,person
W12296,person
W75304,person
W74842,person
W83476,person
W22437,person
W24526,person
W88805,person
W32833,person
W26932,person
W56501,person
W85630,person
W48181,person
W80077,person
W37257,person
W53468,person
W90684,person
W41444,person
W15422,person
W45169,person
W68165,person
W62290,person
W63223,person
W33781,person
W72033,person
W62924,person
W93852,person
W34787,person
W41356,person
W99815,person
W87597,person
W25037,person
W87698,person
W10636,person
W26456,person
W32463,person
W30972,person
W49624,person
W95652,person
W22845,person
W44296,person
W13793,person
W16919,person
W19909,person
W54737,person
W40377,person
W96464,person
W74938,person
W77258,person
W14946,person
W62964,person
W29781,person
W13862,person
W50729,person
W35006,person
W93883,person
W37082,person
W19111,person
W55646,person
W30672,person
W87283,person
W95112,person
W19984,person
W22448,person
W22277,person
W11996,person
W13564,person
W90369,person
W16704,person
W58689,person
W42133,person
W70200,person
W37758,person
W53885,person
W57253,person
W69357,person
W82384,person
W11849,person
W23291,person
W42482,person
W63788,person
W79036,person
W16934,person
W87883,person
W56183,person
W87903,person
W99525,person
W18535,person
W83925,person
W70809,person
W65296,person
W26459,person
W29252,person
W96187,person
W77726,person
W79936,person
W91390,person
W17558,person
W71925,person
W90562,person
W68965,person
W53572,person
W49906,person
W51784,person
W21529,person
W86794,person
W38738,person
W34894,person
W22147,person
W52517,person
W39964,person
W80365,person
W18035,person
W63054,person
W39324,person
W77316,person
W35312,person
W32750,person
W22567,person
W72585,person
W61650,person
W55654,person
W81167,person
W20777,person
W99280,person
W24529,person
W57950,person
W43372,person
W52923,person
W80325,person
W12162,person
W22253,person
W63616,person
W15429,person
W37077,person
W52405,person
W45381,person
W51403,person
W94984,person
W49666,person
W96952,person
W40476,person
W12005,person
W33361,person
W65889,person
W45821,person
W71585,person
W21754,person
W43139,person
W71837,person
W74157,person
W11352,person
W63273,person
W97096,person
W22914,person
W75294,person
W32314,person
W94712,person
W69051,person
W94609,person
W91455,person
W37662,person
W63613,person
W29830,person
W84207,person
W76120,person
W17400,person
W94287,person
W36449,person
W40292,person
W36289,person
W56540,person
W67545,person
W53341,person
W63206,person
W45867,person
W13770,person
W78671,person
W22815,person
W88378,person
W89780,person
W43452,person
W69616,person
W88329,person
W50389,person
W77768,person
W25905,person
W89908,person
W83801,person
W53193,person
W79231,person
W97785,person
W90188,person
W43304,person
W35405,person
W41355,person
W24437,person
W55121,person
W41881,person
W88278,person
W94553,person
W24943,person
W77548,person
W41813,person
W96788,person
W11404,person
W56615,person
W94744,person
W55983,person
W81038,person
W63934,person
W88892,person
W33768,person
W53877,person
W84581,person
W59367,person
W77642,person
W63117,person
W70232,person
W89479,person
W13106,person
W65361,person
W86073,person
W93801,person
W84216,person
W34255,person
W58068,person
W21520,person
W84067,person
W54572,person
W77331,person
W16952,person
W98283,person
W37301,person
W56834,person
W87782,person
W54012,person
W59723,person
W23054,person
W26038,person
W23097,person
W90495,person
W12839,person
W76601,person
W83426,person
W46975,person
W61827,person
W86414,person
W65984,person
W51734,person
W46437,person
W18865,person
W86586,person
W81591,person
W13597,person
W43986,person
W33971,person
W54025,person
W65214,person
W23217,person
W29271,person
W48692,person
W89320,person
W73185,person
W94883,person
W19136,person
W27633,person
W46435,person
W89472,person
W14507,person
W80948,person
W65724,person
W99971,person
W36184,person
W65015,person
W73678,person
W61248,person
W48085,person
W79969,person
W59759,person
W71303,person
W56710,person
W87672,person
W79999,person
W88839,person
W97564,person
W94137,person
W13004,person
W76676,person
W62958,person
W44963,person
W66863,person
W94851,person
W64224,person
W83247,person
W34756,person
W53895,person
W87463,person
W16718,person
W49177,person
W53967,person
W38933,person
W96983,person
W53256,person
W55153,person
W87430,person
W75454,person
W34372,person
W29040,person
W38196,person
W45833,person
W37371,person
W58228,person
W26110,person
W53802,person
W78007,person
W61583,person
W61071,person
W57356,person
W65971,person
W89776,person
W34478,person
W98083,person
W72404,person
W36883,person
W14473,person
W61791,person
W54842,person
W73422,person
W20341,person
W43736,person
W95319,person
W21226,person
W68851,person
W25588,person
W55758,person
W53171,person
W25066,person
W31323,person
W52388,person
W76289,person
W66400,person
W75519,person
W84637,person
W47593,person
W73141,person
W21977,person
W17663,person
W49637,person
W58215,person
W66048,person
W98329,person
W62179,person
W68840,person
W27620,person
W99357,person
W23828,person
W46619,person
W55885,person
W85613,person
W51701,person
W62349,person
W81080,person
W22185,person
W79382,person
W72590,person
W99448,person
W25982,person
W46933,person
W32715,person
W21321,person
W73520,person
W48329,person
W20453,person
W34156,person
W64948,person
W20279,person
W94633,person
W10037,person
W92928,person
W49194,person
W15091,person
W65628,person
W19783,person
W18840,person
W90378,person
W38467,person
W65508,person
W50019,person
W71257,person
W70810,person
W29683,person
W32328,person
W49467,person
W77388,person
W44678,person
W28486,person
W36581,person
W91833,person
W60637,person
W51027,person
W28534,person
W30967,person
W88759,person
W76159,person
W89048,person
W38152,person
W86616,person
W81948,person
W88484,person
W59403,person
W77227,person
W67244,person
W86192,person
W98548,person
W95908,person
W45037,person
W76018,person
W19043,person
W80605,person
W69714,person
W56963,person
W61626,person
W93176,person
W28595,person
W58025,person
W92231,person
W40152,person
W91541,person
W16176,person
W40140,person
W50008,person
W66299,person
W97490,person
W47482,person
W35346,person
W70143,person
W78582,person
W35785,person
W27402,person
W28993,person
W86338,person
W80939,person
W16094,person
W57275,person
W19325,person
W21297,person
W74091,person
W86951,person
W36521,person
W27925,person
W35210,person
W55814,person
W43010,person
W45989,person
W84583,person
W49614,person
W68599,person
W15636,person
W15756,person
W64108,person
W34098,person
W96132,person
W25903,person
W90225,person
W19071,person
W39618,person
W37350,person
W81236,person
W93606,person
W67868,person
W53990,person
W32270,person
W51652,person
W63309,person
W71286,person
W31688,person
W98950,person
W61835,person
W66025,person
W50393,person
W93174,person
W45771,person
W70534,person
W79069,person
W37692,person
W64961,person
W11915,person
W40171,person
W45388,person
W21605,person
W25798,person
W42799,person
W94716,person
W72476,person
W82613,person
W33335,person
W30698,person
W43584,person
W23609,person
W43090,person
W34038,person
W58381,person
W20390,person
W93478,person
W69283,person
W94319,person
W88280,person
W14352,person
W68263,person
W59200,person
W17314,person
W72984,person
W41774,person
W87850,person
W33433,person
W99923,person
W51648,person
W65582,person
W17566,person
W23174,person
W85423,person
W98811,person
W66922,person
W90712,person
W59456,person
W77505,person
W96941,person
W15168,person
W59066,person
W15789,person
W43530,person
W60031,person
W62826,person
W85985,person
W55695,person
W26786,person
W56224,person
W23191,person
W53332,person
W19455,person
W48231,person
W32689,person
W80927,person
W97566,person
W42204,person
W74230,person
W86684,person
W21200,person
W78850,person
W73794,person
W66062,person
W79183,person
W83906,person
W42741,person
W10198,person
W33104,person
W31331,person
W81147,person
W67281,person
W26468,person
W29025,person
W36436,person
W33367,person
W45091,person
W56481,person
W27219,person
W22661,person
W89733,person
W27856,person
W39759,person
W96115,person
W25259,person
W56899,person
W33687,person
W56580,person
W71265,person
W86036,person
W12844,person
W68909,person
W14019,person
W70645,person
W39651,person
W54864,person
W25175,person
W78376,person
W50881,person
W74803,person
W35771,person
W55731,person
W43268,person
W33319,person
W11758,person
W19010,person
W38369,person
W86057,person
W11347,person
W45308,person
W18380,person
W58389,person
W59829,person
W55618,person
W60752,person
W53545,person
W88427,person
W80202,person
W68755,person
W25802,person
W42197,person
W34474,person
W44832,person
W36729,person
W16658,person
W82241,person
W57582,person
W61845,person
W89281,person
W36966,person
W37433,person
W63391,person
W81871,person
W58294,person
W93904,person
W62266,person
W10336,person
W48719,person
W38002,person
W51736,person
W22203,person
W75981,person
W18825,person
W57537,person
W61898,person
W85125,person
W30881,person
W35506,person
W73294,person
W46512,person
W78428,person
W50920,person
W54271,person
W62337,person
W13572,person
W93054,person
W83259,person
W63886,person
W25753,person
W89258,person
W96781,person
W24306,person
W83667,person
W50902,person
W68425,person
W53709,person
W46887,person
W25258,person
W97304,person
W14952,person
W75591,person
W85707,person
W22166,person
W92821,person
W26989,person
W49831,person
W26085,person
W77922,person
W89266,person
W44491,person
W35715,person
W44854,person
W76462,person
W11013,person
W40231,person
W82754,person
W82401,person
W18706,person
W63081,person
W24609,person
W35963,person
W69308,person
W10906,person
W25250,person
W70008,person
W80301,person
W14201,person
W12849,person
W84596,person
W38149,person
W95998,person
W53888,person
W30468,person
W48689,person
W85982,person
W38651,person
W22679,person
W90721,person
W66138,person
W75560,person
W81031,person
W40354,person
W69547,person
W22174,person
W44981,person
W63162,person
W19690,person
W70971,person
W31954,person
W73370,person
W27899,person
W31422,person
W73952,person
W51677,person
W27976,person
W25239,person
W11317,person
W41861,person
W68778,person
W99233,person
W84443,person
W99012,person
W16843,person
W49038,person
W40007,person
W82180,person
W66791,person
W97900,person
W73076,person
W78545,person
W20476,person
W61249,person
W11298,person
W16719,person
W43191,person
W83197,person
W12992,person
W30913,person
W28871,person
W27320,person
W39721,person
W49060,person
W33034,person
W83880,person
W32577,person
W65243,person
W72704,person
W25721,person
W40852,person
W76880,person
W88702,person
W93552,person
W12269,person
W32596,person
W80187,person
W28597,person
W43324,person
W31143,person
W82158,person
W13755,person
W37265,person
W98378,person
W55066,person
W91385,person
W83559,person
W65567,person
W98497,person
W39877,person
W51172,person
W40286,person
W56868,person
W23430,person
W75749,person
W18834,person
W48607,person
W85760,person
W23725,person
W92103,person
W46719,person
W54892,person
W75924,person
W43568,person
W35650,person
W33731,person
W79061,person
W37490,person
W70587,person
W53849,person
W57339,person
W73489,person
W54204,person
W21960,person
W40200,person
W55677,person
W93882,person
W11322,person
W81727,person
W77166,person
W58447,person
W11774,person
W37887,person
W83230,person
W47649,person
W62036,person
W71218,person
W87269,person
W61014,person
W50237,person
W48579,person
W26313,person
W89921,person
W14914,person
W11527,person
W18779,person
W20169,person
W21195,person
W43834,person
W29851,person
W60604,person
W57405,person
W60248,person
W46753,person
W24929,person
W24294,person
W20472,person
W28302,person
W15046,person
W73039,person
W48625,person
W56752,person
W86962,person
W49973,person
W16348,person
W19798,person
W15726,person
W41996,person
W80237,person
W44935,person
W43971,person
W71876,person
W80576,person
W51653,person
W50453,person
W50716,person
W51913,person
W67308,person
W45257,person
W66418,person
W28314,person
W22890,person
W24672,person
W91728,person
W66833,person
W92214,person
W85400,person
W39299,person
W43638,person
W75464,person
W57845,person
W90543,person
W46926,person
W74502,person
W43854,person
W11691,person
W34281,person
W39311,person
W74690,person
W19554,person
W15598,person
W83305,person
W21065,person
W38908,person
W22430,person
W83696,person
W52495,person
W80996,person
W99002,person
W98199,person
W93501,person
W86683,person
W83284,person
W75428,person
W34570,person
W20854,person
W86906,person
W98700,person
W32245,person
W64358,person
W72974,person
W37451,person
W40305,person
W73616,person
W29151,person
W12552,person
W91311,person
W57488,person
W98997,person
W40997,person
W59886,person
W17405,person
W27946,person
W30994,person
W61997,person
W70651,person
W53569,person
W81225,person
W73194,person
W54085,person
W83823,person
W38197,person
W12238,person
W51176,person
W42161,person
W87958,person
W49988,person
W81518,person
W31052,person
W55476,person
W26617,person
W67327,person
W93041,person
W62316,person
W90152,person
W99917,person
W50504,person
W18547,person
W54638,person
W22171,person
W94018,person
W17516,person
W43633,person
W28894,person
W49787,person
W98097,person
W64043,person
W53834,person
W18343,person
W73629,person
W32680,person
W74724,person
W38470,person
W92921,person
W48465,person
W61914,person
W21512,person
W87186,person
W80315,person
W29840,person
W71069,person
W20887,person
W62733,person
W68386,person
W94845,person
W97936,person
W60386,person
W62545,person
W46659,person
W92415,person
W16920,person
W71714,person
W13181,person
W91840,person
W36040,person
W86848,person
W14554,person
W51962,person
W20848,person
W79447,person
W19246,person
W93494,person
W12423,person
W65265,person
W44633,person
W49128,person
W60394,person
W88266,person
W36095,person
W55869,person
W14274,person
W24827,person
W14716,person
W46446,person
W73967,person
W21634,person
W30541,person
W24324,person
W33447,person
W53246,person
W25726,person
W61722,person
W90802,person
W25170,person
W21843,person
W30861,person
W66112,person
W32677,person
W71777,person
W68437,person
W43807,person
W51256,person
W87257,person
W55829,person
W97821,person
W69758,person
W54788,person
W56098,person
W49667,person
W41529,person
W73094,person
W12080,person
W97692,person
W24636,person
W46806,person
W52084,person
W12203,person
W73842,person
W62441,person
W11002,person
W43823,person
W73551,person
W53749,person
W37907,person
W70006,person
W94129,person
W20901,person
W17043,person
W24443,person
W83224,person
W95972,person
W45278,person
W11273,person
W78319,person
W77909,person
W14301,person
W51632,person
W78185,person
W78734,person
W92698,person
W50847,person
W45426,person
W77207,person
W61407,person
W54767,person
W34763,person
W54543,person
W38309,person
W27779,person
W55840,person
W68756,person
W75067,person
W70499,person
W97020,person
W21922,person
W49386,person
W42139,person
W79099,person
W82713,person
W31064,person
W82978,person
W26475,person
W88582,person
W83713,person
W96215,person
W88312,person
W18614,person
W25723,person
W70805,person
W52267,person
W90430,person
W41777,person
W35700,person
W23843,person
W69789,person
W20941,person
W95967,person
W48519,person
W25428,person
W94554,person
W96384,person
W92644,person
W64036,person
W94038,person
W47226,person
W47515,person
W61223,person
W61668,person
W37367,person
W95865,person
W45740,person
W74936,person
W75878,person
W69889,person
W19188,person
W55177,person
W35618,person
W11931,person
W68275,person
W72817,person
W85836,person
W19558,person
W17275,person
W99216,person
W45985,person
W87347,person
W99210,person
W57055,person
W51612,person
W17115,person
W68497,person
W11446,person
W59108,person
W56740,person
W29939,person
W22935,person
W85647,person
W53434,person
W75441,person
W17791,person
W78504,person
W78518,person
W22729,person
W28916,person
W32856,person
W86755,person
W38857,person
W86550,person
W55019,person
W17809,person
W45000,person
W38707,person
W11524,person
W33233,person
W41886,person
W49965,person
W38317,person
W11681,person
W29426,person
W75742,person
W18305,person
W58472,person
W78939,person
W65338,person
W53290,person
W76470,person
W15557,person
W51553,person
W75113,person
W68559,person
W89225,person
W78573,person
W31549,person
W57063,person
W68402,person
W56859,person
W44321,person
W19417,person
W19038,person
W48511,person
W59063,person
W88238,person
W26224,person
W20728,person
W54882,person
W29738,person
W72644,person
W64613,person
W26386,person
W16693,person
W76038,person
W69239,person
W39708,person
W83747,person
W79977,person
W54424,person
W28320,person
W76868,person
W74144,person
W77366,person
W76912,person
W90403,person
W58809,person
W62735,person
W59358,person
W25201,person
W99017,person
W79265,person
W56200,person
W55805,person
W94511,person
W81923,person
W10327,person
W82690,person
W90274,person
W24667,person
W59563,person
W84338,person
W40317,person
W22152,person
W72713,person
W66668,person
W34279,person
W75899,person
W15746,person
W27425,person
W84205,person
W25534,person
W87294,person
W14162,person
W77905,person
W91380,person
W42337,person
W51024,person
W87166,person
W74605,person
W80756,person
W99336,person
W22353,person
W84957,person
W16963,person
W12031,person
W33987,person
W59091,person
W49583,person
W72782,person
W17410,person
W74951,person
W44840,person
W77310,person
W40474,person
W29652,person
W55892,person
W73485,person
W87013,person
W50188,person
W91625,person
W99565,person
W23794,person
W63792,person
W18600,person
W89977,person
W97399,person
W24928,person
W26376,person
W77211,person
W12555,person
W27839,person
W11274,person
W47308,person
W62538,person
W79426,person
W39185,person
W82793,person
W13204,person
W67210,person
W41407,person
W85735,person
W16369,person
W90237,person
W94303,person
W50444,person
W29560,person
W20926,person
W40619,person
W22872,person
W63407,person
W90713,person
W73926,person
W79096,person
W61780,person
W62268,person
W91244,person
W73636,person
W91407,person
W20024,person
W58189,person
W82684,person
W20254,person
W46303,person
W39741,person
W23832,person
W37349,person
W55986,person
W28098,person
W12956,person
W76445,person
W84275,person
W13120,person
W88288,person
W92018,person
W10666,person
W39380,person
W36895,person
W28396,person
W98019,person
W23644,person
W14697,person
W21139,person
W59558,person
W37414,person
W10593,person
W75049,person
W97679,person
W95883,person
W88995,person
W72449,person
W38049,person
W19272,person
W86826,person
W86134,person
W49788,person
W70492,person
W36762,person
W49979,person
W97655,person
W38076,person
W36254,person
W33516,person
W40918,person
W93384,person
W38246,person
W52502,person
W99462,person
W27198,person
W27064,person
W28027,person
W84720,person
W86118,person
W97899,person
W13276,person
W95457,person
W47302,person
W20578,person
W72081,person
W29756,person
W67299,person
W29502,person
W98843,person
W91836,person
W27883,person
W86986,person
W53875,person
W12539,person
W56823,person
W81866,person
W54837,person
W50499,person
W10294,person
W84676,person
W69764,person
W75773,person
W72443,person
W40641,person
W18259,person
W68936,person
W74582,person
W21838,person
W20194,person
W75489,person
W31300,person
W61212,person
W62146,person
W75347,person
W84886,person
W99997,person
W76839,person
W96310,person
W20603,person
W50609,person
W64292,person
W15484,person
W71673,person
W79121,person
W88951,person
W47879,person
W30925,person
W14548,person
W77865,person
W77613,person
W89589,person
W71573,person
W94776,person
W31587,person
W27988,person
W94151,person
W81724,person
W42484,person
W20954,person
W36754,person
W72857,person
W42392,person
W53794,person
W37388,person
W94604,person
W36690,person
W73545,person
W72957,person
W50041,person
W16717,person
W73373,person
W50114,person
W99958,person
W69454,person
W10999,person
W59392,person
W16906,person
W98208,person
W92536,person
W58533,person
W58425,person
W59025,person
W75376,person
W99568,person
W43160,person
W91724,person
W45871,person
W57798,person
W77572,person
W68631,person
W24047,person
W28793,person
W88764,person
W90336,person
W54635,person
W23937,person
W95710,person
W73979,person
W27908,person
W47150,person
W74723,person
W27719,person
W39824,person
W95325,person
W79085,person
W59951,person
W36608,person
W77453,person
W75865,person
W58039,person
W38335,person
W16749,person
W10573,person
W83841,person
W70297,person
W48403,person
W66719,person
W88509,person
W48930,person
W84869,person
W26407,person
W30694,person
W44119,person
W34068,person
W49076,person
W15787,person
W25796,person
W21232,person
W87481,person
W90234,person
W29919,person
W89706,person
W17993,person
W53663,person
W80239,person
W52670,person
W12846,person
W64998,person
W86527,person
W65307,person
W40817,person
W69607,person
W46111,person
W69062,person
W97879,person
W19447,person
W86779,person
W88735,person
W40169,person
W44580,person
W47494,person
W83798,person
W38623,person
W22939,person
W12999,person
W11085,person
W47851,person
W43901,person
W21173,person
W61797,person
W79913,person
W26744,person
W80935,person
W31500,person
W74258,person
W44834,person
W16296,person
W75682,person
W18810,person
W88849,person
W26030,person
W89757,person
W99474,person
W84359,person
W93016,person
W92593,person
W83146,person
W60405,person
W78862,person
W17636,person
W34988,person
W51299,person
W92999,person
W10163,person
W23902,person
W23343,person
W29413,person
W12546,person
W43956,person
W88990,person
W81905,person
W83968,person
W18584,person
W81886,person
W71467,person
W68416,person
W74067,person
W21935,person
W38699,person
W38221,person
W81155,person
W75851,person
W70996,person
W60410,person
W52095,person
W75323,person
W88488,person
W41003,person
W58889,person
W47227,person
W47339,person
W82637,person
W25445,person
W35838,person
W11351,person
W76750,person
W12323,person
W38747,person
W23833,person
W50808,person
W10114,person
W30270,person
W12756,person
W79262,person
W43001,person
W84255,person
W88006,person
W98627,person
W90797,person
W31981,person
W74499,person
W81015,person
W39157,person
W77626,person
W10423,person
W80071,person
W94190,person
W21583,person
W64465,person
W78908,person
W46249,person
W51479,person
W40181,person
W44520,person
W79626,person
W31653,person
W69121,person
W98481,person
W52918,person
W72003,person
W28900,person
W32558,person
W12487,person
W21292,person
W17651,person
W25241,person
W59761,person
W97743,person
W34998,person
W32304,person
W63211,person
W82431,person
W26799,person
W27321,person
W35481,person
W45466,person
W20730,person
W16413,person
W84333,person
W51086,person
W92401,person
W68842,person
W19954,person
W43924,person
W17247,person
W57586,person
W71178,person
W58473,person
W66392,person
W32882,person
W52148,person
W25444,person
W37603,person
W85807,person
W26206,person
W48233,person
W72566,person
W25355,person
W50592,person
W88685,person
W77128,person
W21842,person
W54371,person
W90725,person
W55901,person
W94558,person
W92260,person
W36152,person
W29313,person
W37600,person
W41938,person
W25946,person
W79372,person
W79771,person
W47684,person
W25926,person
W45698,person
W66733,person
W30105,person
W43361,person
W78490,person
W10913,person
W85666,person
W79152,person
W16592,person
W89230,person
W24413,person
W86079,person
W34979,person
W21726,person
W78234,person
W91986,person
W50252,person
W43892,person
W31874,person
W16321,person
W13967,person
W80001,person
W58624,person
W24751,person
W29056,person
W75475,person
W23953,person
W84506,person
W89653,person
W96005,person
W54858,person
W91922,person
W16095,person
W19594,person
W47677,person
W26404,person
W58130,person
W78085,person
W34646,person
W57996,person
W96996,person
W30119,person
W85100,person
W72806,person
W14500,person
W43965,person
W91897,person
W78235,person
W64081,person
W36797,person
W59720,person
W42599,person
W90643,person
W70691,person
W26972,person
W66374,person
W66515,person
W73612,person
W82120,person
W59378,person
W12120,person
W65884,person
W15377,person
W11469,person
W44906,person
W37745,person
W92967,person
W40574,person
W52485,person
W43822,person
W61933,person
W66731,person
W23324,person
W21872,person
W30779,person
W93704,person
W12951,person
W95330,person
W68917,person
W98695,person
W97979,person
W74162,person
W88344,person
W25056,person
W81997,person
W32699,person
W86033,person
W37778,person
W15562,person
W76386,person
W25873,person
W71580,person
W20957,person
W34055,person
W35212,person
W84591,person
W73132,person
W34031,person
W96057,person
W97151,person
W33052,person
W67268,person
W86337,person
W74000,person
W91052,person
W94870,person
W86758,person
W19628,person
W22456,person
W96451,person
W11158,person
W40342,person
W90468,person
W13403,person
W11093,person
W98957,person
W49635,person
W40946,person
W96247,person
W62757,person
W94705,person
W37034,person
W30870,person
W59548,person
W73663,person
W92892,person
W40450,person
W46157,person
W82203,person
W14272,person
W88717,person
W20858,person
W40594,person
W17307,person
W26954,person
W29912,person
W99553,person
W15459,person
W31571,person
W42541,person
W47294,person
W85634,person
W27810,person
W28827,person
W14058,person
W70897,person
W18148,person
W82260,person
W23207,person
W54350,person
W37094,person
W27498,person
W90344,person
W35335,person
W65894,person
W83161,person
W56387,person
W33802,person
W36868,person
W90338,person
W68373,person
W86051,person
W67841,person
W20392,person
W82526,person
W26328,person
W15316,person
W42002,person
W51699,person
W74898,person
W97507,person
W87449,person
W73854,person
W16374,person
W41991,person
W42843,person
W63191,person
W53776,person
W79912,person
W82366,person
W62563,person
W74654,person
W12783,person
W41812,person
W64432,person
W83668,person
W86578,person
W22157,person
W50074,person
W83044,person
W22564,person
W69848,person
W48859,person
W70123,person
W41810,person
W60093,person
W75209,person
W34358,person
W23736,person
W14286,person
W51411,person
W89634,person
W14460,person
W91826,person
W13687,person
W52203,person
W22374,person
W42168,person
W79609,person
W96431,person
W56880,person
W37729,person
W62386,person
W71268,person
W66325,person
W35928,person
W45902,person
W93172,person
W77111,person
W90603,person
W36564,person
W94362,person
W62544,person
W61625,person
W78075,person
W12187,person
W40330,person
W47085,person
W77327,person
W60014,person
W47406,person
W38103,person
W69146,person
W92683,person
W90775,person
W49284,person
W14948,person
W73814,person
W25442,person
W42039,person
W58638,person
W91264,person
W46820,person
W66632,person
W14191,person
W45812,person
W54370,person
W49314,person
W15893,person
W71193,person
W49676,person
W23952,person
W86953,person
W23621,person
W34414,person
W13176,person
W78814,person
W32861,person
W91374,person
W14561,person
W83547,person
W33306,person
W42800,person
W54564,person
W34447,person
W16753,person
W21915,person
W96096,person
W97702,person
W62408,person
W10861,person
W48633,person
W93823,person
W89673,person
W30946,person
W57046,person
W14605,person
W38423,person
W61465,person
W21230,person
W11646,person
W97267,person
W63070,person
W94480,person
W92714,person
W72773,person
W57209,person
W25579,person
W48590,person
W47373,person
W50104,person
W39725,person
W45585,person
W67767,person
W92215,person
W27582,person
W44378,person
W23750,person
W60385,person
W31388,person
W40392,person
W26082,person
W83385,person
W92564,person
W51539,person
W12224,person
W24104,person
W53249,person
W88711,person
W60677,person
W98579,person
W11779,person
W12578,person
W97316,person
W93717,person
W61833,person
W49140,person
W99135,person
W42899,person
W73818,person
W61548,person
W68953,person
W51440,person
W98791,person
W14247,person
W63807,person
W84476,person
W80581,person
W77315,person
W49330,person
W74424,person
W16667,person
W83578,person
W45652,person
W75868,person
W15633,person
W28192,person
W44274,person
W80623,person
W83246,person
W52341,person
W61224,person
W73613,person
W76118,person
W57097,person
W98221,person
W20270,person
W82396,person
W52926,person
W91177,person
W37628,person
W10380,person
W45214,person
W88941,person
W87955,person
W10675,person
W56638,person
W60142,person
W31680,person
W12273,person
W29789,person
W30040,person
W63893,person
W40274,person
W49992,person
W66588,person
W84084,person
W55910,person
W84116,person
W39707,person
W69746,person
W45600,person
W96694,person
W17729,person
W14214,person
W50772,person
W32118,person
W41992,person
W95597,person
W96576,person
W94416,person
W71666,person
W51126,person
W53250,person
W99850,person
W54023,person
W71038,person
W99301,person
W13299,person
W32406,person
W91054,person
W97469,person
W29893,person
W71688,person
W34158,person
W31617,person
W46360,person
W32580,person
W52766,person
W28113,person
W68128,person
W92203,person
W73137,person
W21801,person
W70230,person
W15268,person
W70596,person
W30421,person
W33654,person
W43891,person
W33901,person
W88555,person
W49622,person
W38039,person
W78876,person
W83830,person
W21178,person
W30157,person
W12809,person
W84713,person
W54193,person
W58134,person
W62647,person
W74485,person
W28365,person
W33305,person
W26384,person
W18002,person
W76536,person
W84775,person
W27118,person
W33978,person
W14543,person
W98793,person
W86772,person
W94254,person
W57958,person
W57823,person
W29140,person
W85725,person
W53613,person
W83321,person
W32206,person
W42923,person
W50565,person
W35412,person
W97325,person
W14808,person
W52743,person
W42774,person
W47151,person
W15233,person
W66184,person
W14900,person
W96945,person
W95127,person
W59176,person
W44541,person
W62598,person
W72853,person
W89056,person
W90041,person
W32965,person
W41050,person
W85779,person
W58084,person
W85715,person
W94364,person
W38495,person
W26531,person
W20406,person
W92839,person
W52877,person
W79787,person
W17721,person
W41327,person
W86884,person
W88884,person
W46845,person
W24194,person
W22354,person
W78656,person
W22074,person
W19358,person
W51501,person
W59477,person
W37458,person
W12617,person
W74341,person
W86103,person
W16147,person
W14781,person
W38275,person
W71817,person
W81757,person
W87367,person
W56874,person
W61587,person
W63702,person
W78911,person
W38686,person
W46129,person
W42191,person
W16681,person
W19753,person
W98146,person
W25248,person
W93425,person
W68197,person
W73193,person
W22242,person
W33237,person
W64734,person
W62053,person
W20223,person
W66058,person
W85492,person
W11584,person
W77497,person
W37437,person
W29424,person
W20791,person
W81881,person
W27704,person
W98868,person
W48109,person
W88053,person
W82248,person
W20731,person
W12950,person
W71130,person
W72015,person
W35145,person
W59749,person
W40079,person
W42500,person
W43435,person
W40209,person
W44007,person
W19225,person
W85360,person
W89701,person
W13563,person
W28126,person
W11245,person
W35243,person
W83766,person
W60555,person
W35580,person
W39639,person
W34410,person
W45416,person
W83349,person
W52639,person
W76051,person
W79939,person
W15152,person
W92483,person
W35202,person
W61131,person
W51430,person
W90446,person
W63969,person
W54376,person
W81361,person
W95935,person
W52350,person
W31360,person
W38281,person
W41447,person
W80012,person
W97751,person
W25124,person
W83997,person
W80977,person
W52816,person
W10645,person
W50060,person
W19161,person
W25731,person
W42801,person
W86191,person
W18567,person
W51311,person
W21322,person
W22078,person
W48325,person
W22366,person
W60612,person
W11571,person
W74366,person
W90293,person
W30608,person
W40399,person
W30912,person
W12402,person
W49917,person
W17317,person
W82440,person
W35214,person
W14547,person
W41568,person
W33059,person
W81479,person
W49515,person
W53527,person
W98730,person
W47999,person
W32666,person
W55966,person
W51360,person
W72567,person
W21448,person
W40773,person
W45461,person
W25880,person
W44612,person
W34703,person
W28263,person
W51275,person
W33442,person
W11856,person
W85475,person
W73922,person
W41301,person
W47570,person
W22107,person
W54672,person
W71509,person
W27975,person
W42052,person
W92636,person
W71745,person
W92045,person
W34727,person
W63920,person
W50332,person
W76854,person
W81186,person
W35953,person
W70313,person
W82930,person
W80515,person
W31356,person
W19633,person
W17840,person
W33878,person
W71405,person
W49874,person
W34340,person
W28751,person
W34167,person
W74887,person
W56777,person
W17817,person
W22271,person
W66352,person
W14160,person
W66014,person
W38045,person
W10492,person
W57522,person
W77338,person
W70408,person
W64209,person
W79375,person
W14002,person
W65633,person
W72950,person
W28758,person
W21732,person
W82276,person
W36141,person
W38403,person
W40591,person
W61651,person
W60395,person
W63487,person
W87856,person
W96070,person
W92135,person
W17316,person
W27204,person
W32417,person
W40971,person
W33727,person
W53138,person
W53546,person
W43519,person
W91237,person
W82760,person
W13139,person
W69145,person
W89211,person
W95347,person
W20968,person
W15492,person
W77206,person
W55128,person
W23912,person
W67456,person
W40213,person
W27520,person
W88683,person
W25467,person
W64708,person
W51978,person
W83061,person
W88536,person
W40834,person
W85283,person
W87015,person
W66566,person
W80632,person
W50446,person
W69621,person
W24962,person
W54511,person
W90056,person
W35295,person
W71963,person
W29721,person
W31484,person
W82522,person
W26213,person
W24763,person
W11946,person
W76965,person
W58031,person
W82671,person
W76586,person
W61301,person
W29765,person
W70250,person
W59018,person
W91941,person
W97478,person
W77841,person
W77925,person
W62691,person
W86208,person
W36708,person
W23855,person
W46973,person
W79882,person
W79524,person
W35496,person
W80435,person
W57687,person
W99254,person
W11545,person
W97849,person
W72498,person
W73673,person
W14091,person
W98783,person
W82862,person
W26430,person
W50823,person
W16026,person
W26022,person
W63596,person
W10519,person
W58125,person
W49990,person
W13218,person
W71481,person
W33853,person
W84510,person
W82021,person
W13175,person
W58345,person
W76328,person
W11850,person
W69032,person
W29346,person
W19183,person
W47163,person
W51061,person
W77709,person
W20696,person
W73641,person
W43492,person
W24357,person
W94327,person
W52151,person
W64809,person
W42382,person
W39825,shop
W90581,shop
W65649,shop
W41762,shop
W63867,shop
W74097,shop
W24541,shop
W36111,shop
W87091,shop
W64118,shop
W33379,shop
W45716,shop
W94097,shop
W30991,shop
W40863,shop
W54161,shop
W54077,shop
W50658,shop
W99089,shop
W78498,shop
W26922,shop
W68560,shop
W89945,shop
W81693,shop
W73543,shop
W95140,shop
W67275,shop
W99065,shop
W87927,shop
W55587,shop
W22276,shop
W75150,shop
W27276,shop
W38626,shop
W43788,shop
W15535,shop
W62094,shop
W17859,shop
W26885,shop
W11299,shop
W92513,shop
W69255,shop
W85966,shop
W78497,shop
W83892,shop
W36382,shop
W91394,shop
W13743,shop
W95969,shop
W72736,shop
W29946,shop
W60948,shop
W17569,shop
W52239,shop
W27930,shop
W68151,shop
W20758,shop
W56194,shop
W52641,shop
W84135,shop
W60780,shop
W44311,shop
W38143,shop
W54908,shop
W83973,shop
W96579,shop
W85073,shop
W92702,shop
W65627,shop
W89477,shop
W47929,shop
W15317,shop
W84070,shop
W67861,shop
W64403,shop
W41824,shop
W20424,shop
W82055,shop
W51564,shop
W39301,shop
W18864,shop
W97333,shop
W18849,shop
W21181,shop
W26476,shop
W91742,shop
W39260,shop
W44124,shop
W73219,shop
W76259,shop
W23928,shop
W69699,shop
W85960,shop
W73446,shop
W77685,shop
W21354,shop
W33672,shop
W52945,shop
W20873,shop
W35291,shop
W67126,shop
W21040,shop
W81461,shop
W55026,shop
W34561,shop
W71500,shop
W87717,shop
W39790,shop
W91112,shop
W29745,shop
W63355,shop
W59744,shop
W82059,shop
W58323,shop
W50508,shop
W17261,shop
W26428,shop
W60594,shop
W74396,shop
W81156,shop
W52213,shop
W41157,shop
W47967,shop
W78684,shop
W84814,shop
W27845,shop
W16989,shop
W82647,shop
W30641,shop
W87049,shop
W96398,shop
W24054,shop
W59138,shop
W64378,shop
W72986,shop
W40441,shop
W14694,shop
W18988,shop
W70837,shop
W23630,shop
W86325,shop
W27733,shop
W71436,shop
W96637,shop
W79588,shop
W34359,shop
W13652,shop
W10127,shop
W14258,shop
W32337,shop
W30215,shop
W52119,shop
W64849,shop
W44976,shop
W34615,shop
W47288,shop
W38337,shop
W45525,shop
W20617,shop
W82635,shop
W64065,shop
W89452,shop
W47577,shop
W93024,shop
W52846,shop
W24048,shop
W78157,shop
W44395,shop
W31003,shop
W23962,shop
W99456,shop
W26198,shop
W72323,shop
W67940,shop
W49318,shop
W69215,shop
W75468,shop
W98726,shop
W48086,shop
W30327,shop
W38794,shop
W40829,shop
W28560,shop
W70586,shop
W34342,shop
W55953,shop
W86541,shop
W30546,shop
W73328,shop
W87971,shop
W44439,shop
W82818,shop
W72643,shop
W18106,shop
W39259,shop
W96957,shop
W48757,shop
W42692,shop
W75060,shop
W21724,shop
W34938,shop
W63239,shop
W75118,shop
W52366,shop
W60897,shop
W59342,shop
W90394,shop
W25011,shop
W97926,shop
W91140,shop
W28507,shop
W34522,shop
W91401,shop
W14805,shop
W81099,shop
W63938,shop
W39923,shop
W76613,shop
W92046,shop
W36446,shop
W20268,shop
W61452,shop
W57035,shop
W85750,shop
W68119,shop
W59766,shop
W98454,shop
W49373,shop
W29031,shop
W26837,shop
W35889,shop
W85069,shop
W50795,shop
W62789,shop
W79444,shop
W45943,shop
W23181,shop
W40986,shop
W35923,shop
W68988,shop
W79019,shop
W38533,shop
W71476,shop
W74222,shop
W34881,shop
W97072,shop
W97892,shop
W85396,shop
W37099,shop
W29774,shop
W28298,shop
W99159,shop
W59132,shop
W72272,shop
W17847,shop
W68733,shop
W86049,shop
W76701,shop
W26263,shop
W97141,shop
W27736,shop
W86769,shop
W57128,shop
W58901,shop
W91036,shop
W19755,shop
W81739,shop
W63203,shop
W11750,shop
W47021,shop
W74380,shop
W62755,shop
W93382,shop
W98830,shop
W94544,shop
W46115,shop
W47016,shop
W43672,shop
W95924,shop
W49761,shop
W65476,shop
W75996,shop
W70983,shop
W46208,shop
W40411,shop
W19091,shop
W24671,shop
W11591,shop
W87147,shop
W99453,shop
W24607,shop
W58124,shop
W97219,shop
W17960,shop
W46517,shop
W69926,shop
W33229,shop
W83714,shop
W21030,shop
W70016,shop
