wallet_id,role
W63276,person
W17673,person
W37434,person
W44988,person
W30966,person
W94624,person
W80867,person
W29533,person
W65374,person
W65935,person
W99847,person
W50303,person
W87765,person
W91368,person
W59116,person
W72618,person
W15357,person
W12802,person
W39061,person
W29890,person
W37377,person
W51229,person
W78147,person
W18296,person
W15166,person
W59865,person
W55566,person
W39712,person
W88530,person
W29240,person
W52223,person
W92733,person
W29022,person
W63274,person
W51552,person
W20488,person
W40276,person
W90851,person
W76881,person
W39488,person
W20602,person
W25856,person
W81994,person
W30555,person
W71107,person
W38039,person
W93474,person
W23235,person
W14246,person
W98302,person
W45851,person
W22969,person
W72285,person
W20048,person
W62718,person
W64364,person
W83047,person
W99681,person
W48236,person
W28950,person
W32020,person
W61978,person
W66345,person
W97079,person
W81390,person
W87987,person
W10886,person
W86043,person
W24319,person
W27370,person
W92147,person
W38895,person
W37492,person
W63075,person
W78819,person
W24798,person
W53899,person
W61950,person
W12024,person
W61104,person
W70356,person
W82110,person
W82966,person
W69235,person
W27725,person
W85203,person
W57773,person
W75036,person
W15061,person
W80686,person
W68508,person
W88577,person
W27203,person
W90875,person
W57266,person
W97142,person
W19036,person
W18375,person
W78236,person
W14239,person
W52421,person
W53205,person
W53434,person
W83889,person
W57376,person
W45221,person
W92221,person
W54442,person
W97840,person
W56651,person
W92926,person
W13830,person
W56282,person
W82497,person
W62864,person
W40599,person
W29480,person
W71201,person
W39524,person
W20228,person
W19692,person
W73958,person
W12822,person
W28030,person
W74002,person
W39236,person
W83273,person
W39890,person
W60189,person
W36778,person
W99403,person
W17040,person
W19061,person
W66255,person
W28752,person
W21936,person
W20721,person
W13954,person
W38019,person
W52420,person
W14459,person
W84952,person
W35469,person
W75387,person
W78162,person
W45406,person
W22949,person
W38637,person
W91839,person
W99125,person
W52810,person
W66360,person
W44694,person
W90812,person
W78578,person
W76280,person
W85899,person
W61402,person
W61396,person
W12411,person
W69441,person
W40602,person
W97007,person
W21294,person
W88699,person
W84625,person
W23503,person
W87494,person
W52595,person
W67254,person
W82413,person
W84982,person
W98366,person
W48658,person
W83460,person
W30198,person
W75634,person
W28918,person
W26040,person
W49027,person
W92131,person
W22333,person
W47455,person
W56278,person
W85026,person
W98734,person
W82557,person
W48662,person
W74475,person
W20574,person
W96183,person
W21253,person
W75486,person
W73543,person
W48110,person
W85495,person
W28336,person
W27346,person
W45397,person
W99236,person
W55453,person
W65288,person
W21186,person
W23123,person
W49874,person
W32115,person
W37534,person
W70597,person
W28475,person
W15701,person
W31622,person
W89236,person
W92222,person
W88649,person
W74776,person
W62956,person
W33338,person
W98174,person
W91376,person
W73275,person
W71157,person
W12469,person
W41775,person
W34465,person
W43085,person
W43239,person
W95988,person
W52159,person
W10284,person
W70144,person
W62455,person
W52926,person
W67955,person
W45202,person
W94529,person
W56331,person
W42987,person
W89247,person
W15431,person
W77543,person
W99737,person
W74245,person
W95586,person
W67697,person
W72570,person
W70650,person
W38778,person
W80832,person
W93941,person
W61974,person
W70669,person
W71164,person
W74747,person
W45071,person
W77173,person
W45509,person
W59766,person
W34935,person
W78991,person
W47317,person
W54924,person
W17260,person
W47950,person
W45968,person
W46111,person
W62066,person
W23519,person
W93811,person
W80464,person
W27602,person
W76444,person
W42218,person
W82291,person
W60142,person
W83314,person
W74354,person
W16761,person
W12331,person
W54367,person
W89988,person
W67172,person
W11811,person
W82912,person
W11629,person
W15096,person
W86597,person
W28593,person
W65874,person
W71327,person
W84441,person
W32458,person
W94623,person
W19192,person
W82506,person
W16827,person
W84906,person
W26110,person
W86129,person
W97316,person
W57830,person
W21958,person
W42247,person
W77498,person
W68008,person
W20390,person
W33029,person
W79595,person
W81843,person
W98348,person
W46890,person
W32249,person
W84678,person
W93100,person
W37798,person
W60175,person
W76545,person
W37162,person
W45695,person
W35905,person
W32850,person
W72245,person
W38558,person
W59459,person
W27720,person
W21787,person
W69706,person
W32229,person
W39005,person
W35425,person
W67395,person
W12710,person
W29721,person
W23033,person
W35481,person
W80314,person
W16425,person
W10845,person
W78234,person
W42090,person
W34387,person
W76732,person
W79281,person
W18811,person
W66209,person
W91101,person
W14807,person
W49984,person
W40892,person
W42334,person
W41922,person
W97790,person
W76485,person
W25503,person
W13717,person
W50640,person
W90514,person
W16943,person
W13378,person
W39834,person
W28223,person
W52900,person
W92541,person
W33652,person
W46996,person
W43760,person
W28169,person
W57783,person
W90313,person
W18954,person
W40355,person
W14645,person
W97129,person
W76062,person
W37521,person
W17258,person
W62822,person
W65866,person
W49261,person
W15579,person
W83359,person
W53310,person
W90521,person
W64896,person
W27159,person
W24640,person
W88163,person
W23278,person
W24325,person
W43545,person
W66336,person
W69101,person
W99863,person
W91793,person
W34795,person
W60702,person
W32709,person
W95350,person
W28439,person
W57903,person
W74930,person
W31116,person
W57735,person
W76157,person
W26968,person
W10895,person
W84983,person
W65309,person
W85167,person
W62307,person
W11706,person
W41861,person
W61884,person
W53238,person
W36498,person
W33954,person
W82949,person
W72520,person
W45938,person
W69187,person
W24021,person
W63057,person
W10665,person
W38615,person
W16724,person
W26411,person
W26973,person
W87916,person
W13894,person
W92435,person
W34885,person
W88051,person
W98475,person
W96503,person
W60839,person
W66303,person
W84884,person
W77528,person
W80882,person
W37242,person
W57602,person
W66703,person
W33464,person
W33833,person
W75151,person
W87623,person
W73120,person
W32282,person
W51532,person
W40359,person
W76948,person
W82016,person
W90024,person
W28547,person
W82703,person
W17221,person
W92243,person
W64899,person
W28579,person
W44439,person
W53284,person
W53498,person
W59304,person
W55756,person
W28601,person
W17973,person
W30916,person
W58319,person
W58250,person
W29969,person
W58523,person
W30607,person
W40417,person
W45147,person
W73827,person
W18936,person
W88685,person
W76651,person
W51223,person
W68714,person
W45084,person
W47758,person
W88615,person
W37655,person
W64389,person
W83866,person
W30027,person
W87720,person
W98862,person
W50510,person
W97098,person
W57115,person
W87147,person
W58739,person
W14663,person
W32735,person
W79208,person
W75900,person
W47388,person
W31285,person
W36188,person
W55732,person
W82020,person
W75373,person
W81746,person
W12011,person
W41782,person
W51342,person
W77424,person
W97694,person
W68204,person
W39582,person
W78833,person
W55132,person
W88544,person
W36460,person
W85951,person
W32325,person
W96697,person
W45329,person
W24794,person
W17858,person
W16241,person
W43475,person
W50191,person
W58688,person
W32264,person
W15154,person
W50374,person
W44522,person
W95224,person
W28870,person
W81300,person
W24358,person
W91529,person
W44084,person
W40687,person
W13156,person
W79526,person
W19368,person
W84375,person
W86371,person
W44382,person
W38797,person
W39758,person
W51417,person
W89044,person
W32130,person
W31454,person
W19727,person
W32299,person
W57362,person
W76815,person
W51867,person
W91762,person
W56345,person
W65093,person
W58923,person
W65976,person
W23120,person
W67464,person
W18786,person
W43486,person
W66715,person
W76731,person
W17228,person
W95421,person
W33681,person
W65863,person
W86724,person
W48272,person
W49082,person
W41831,person
W94923,person
W47703,person
W93855,person
W41576,person
W95204,person
W88958,person
W81198,person
W20149,person
W34284,person
W77026,person
W44264,person
W73348,person
W25200,person
W51059,person
W67805,person
W54490,person
W31061,person
W88822,person
W30417,person
W10014,person
W33503,person
W68865,person
W92428,person
W77952,person
W24382,person
W11272,person
W66644,person
W45473,person
W52969,person
W96624,person
W85837,person
W11914,person
W50106,person
W45357,person
W19783,person
W61744,person
W71538,person
W73804,person
W79467,person
W17146,person
W76263,person
W22982,person
W11329,person
W69048,person
W66575,person
W25085,person
W45252,person
W35829,person
W74980,person
W97395,person
W14271,person
W24982,person
W90219,person
W59259,person
W56206,person
W12696,person
W86251,person
W29590,person
W42912,person
W67317,person
W67054,person
W52760,person
W55646,person
W49885,person
W76432,person
W71867,person
W92546,person
W47250,person
W20225,person
W41224,person
W74941,person
W51419,person
W52193,person
W81411,person
W92664,person
W52989,person
W30817,person
W98905,person
W43007,person
W45890,person
W95442,person
W65829,person
W34332,person
W47030,person
W53117,person
W58030,person
W42435,person
W47096,person
W21869,person
W57038,person
W80232,person
W28283,person
W46321,person
W59684,person
W97043,person
W11166,person
W99650,person
W55194,person
W95234,person
W16811,person
W88214,person
W89846,person
W30703,person
W64509,person
W78715,person
W57305,person
W40029,person
W35754,person
W77889,person
W83628,person
W89949,person
W27335,person
W24362,person
W91112,person
W13285,person
W76768,person
W79657,person
W45268,person
W32493,person
W86428,person
W55170,person
W48455,person
W41845,person
W39108,person
W59393,person
W42251,person
W94222,person
W47337,person
W90735,person
W17343,person
W60700,person
W25182,person
W95000,person
W20592,person
W63973,person
W53403,person
W24549,person
W39385,person
W49869,person
W28209,person
W47855,person
W93488,person
W81132,person
W77106,person
W55970,person
W66507,person
W67239,person
W80718,person
W90471,person
W40754,person
W94397,person
W41868,person
W98908,person
W61899,person
W51518,person
W73061,person
W10191,person
W55889,person
W34288,person
W76649,person
W55345,person
W87615,person
W88321,person
W72043,person
W84027,person
W54028,person
W53977,person
W54817,person
W38408,person
W20473,person
W52794,person
W31214,person
W12405,person
W38050,person
W62513,person
W76235,person
W55340,person
W52876,person
W25984,person
W63761,person
W68299,person
W47740,person
W54275,person
W46519,person
W62018,person
W65714,person
W58897,person
W20307,person
W94484,person
W93222,person
W83014,person
W18922,person
W79527,person
W58914,person
W58365,person
W86249,person
W90169,person
W32206,person
W31692,person
W28574,person
W13321,person
W22300,person
W26612,person
W69981,person
W15299,person
W39335,person
W69662,person
W57427,person
W62556,person
W79438,person
W52843,person
W79847,person
W16858,person
W15925,person
W41714,person
W68824,person
W47426,person
W43725,person
W70682,person
W88741,person
W83394,person
W13709,person
W51527,person
W95225,person
W89549,person
W18589,person
W82829,person
W99586,person
W58131,person
W76949,person
W97122,person
W16122,person
W23312,person
W91168,person
W73764,person
W50493,person
W59098,person
W27261,person
W54642,person
W82785,person
W48320,person
W44088,person
W62808,person
W80205,person
W39814,person
W11930,person
W80465,person
W43756,person
W64980,person
W26776,person
W26013,person
W23038,person
W60944,person
W55463,person
W89102,person
W13492,person
W58526,person
W48121,person
W46056,person
W67095,person
W61857,person
W85844,person
W17224,person
W84986,person
W60067,person
W68152,person
W70830,person
W83142,person
W21953,person
W12014,person
W31376,person
W90883,person
W59586,person
W80407,person
W83872,person
W17312,person
W38534,person
W78137,person
W38764,person
W16247,person
W82992,person
W41456,person
W53198,person
W32903,person
W78717,person
W10721,person
W14126,person
W92978,person
W62203,person
W20757,person
W81465,person
W71114,person
W49601,person
W18364,person
W97110,person
W57189,person
W37586,person
W12296,person
W43805,person
W86836,person
W11730,person
W35587,person
W95391,person
W61742,person
W29621,person
W33476,person
W84442,person
W98201,person
W53909,person
W28034,person
W59228,person
W99616,person
W31878,person
W57774,person
W78420,person
W89120,person
W23595,person
W31753,person
W44937,person
W27447,person
W37514,person
W33828,person
W77089,person
W88065,person
W97289,person
W17701,person
W82130,person
W99934,person
W29306,person
W11633,person
W72859,person
W36607,person
W76901,person
W95385,person
W69375,person
W58604,person
W75492,person
W37495,person
W18681,person
W87607,person
W98559,person
W77429,person
W96309,person
W84209,person
W45587,person
W17327,person
W90211,person
W49750,person
W60897,person
W49526,person
W30261,person
W77184,person
W17806,person
W55236,person
W12328,person
W78228,person
W35424,person
W20531,person
W39918,person
W17976,person
W18100,person
W90750,person
W57953,person
W46057,person
W86429,person
W53873,person
W83272,person
W68975,person
W92701,person
W90134,person
W68544,person
W35310,person
W63472,person
W74183,person
W84018,person
W49782,person
W12969,person
W32730,person
W28198,person
W19905,person
W96032,person
W81151,person
W85147,person
W93121,person
W89469,person
W95946,person
W46961,person
W72394,person
W32313,person
W19503,person
W62368,person
W48061,person
W25114,person
W78624,person
W61855,person
W90515,person
W60440,person
W38062,person
W12162,person
W80782,person
W61447,person
W89866,person
W25175,person
W73852,person
W63336,person
W51347,person
W72780,person
W30645,person
W29671,person
W48819,person
W73444,person
W77272,person
W30119,person
W52437,person
W53890,person
W81460,person
W93778,person
W69243,person
W72026,person
W20610,person
W41307,person
W63605,person
W35343,person
W23074,person
W72955,person
W94149,person
W55624,person
W81586,person
W13910,person
W77712,person
W17161,person
W76637,person
W93317,person
W75178,person
W52934,person
W66250,person
W92165,person
W72898,person
W83914,person
W88771,person
W16992,person
W32664,person
W28986,person
W60971,person
W26115,person
W64760,person
W72459,person
W48926,person
W15548,person
W58833,person
W43442,person
W72302,person
W70641,person
W42068,person
W58214,person
W71550,person
W58908,person
W20879,person
W79862,person
W54304,person
W95383,person
W55972,person
W39629,person
W95532,person
W70998,person
W37602,person
W82830,person
W30778,person
W16381,person
W89411,person
W85945,person
W78643,person
W80692,person
W21895,person
W42022,person
W51423,person
W35864,person
W37636,person
W43198,person
W94755,person
W91794,person
W74243,person
W22663,person
W54151,person
W99869,person
W56718,person
W16108,person
W91994,person
W50656,person
W62885,person
W18571,person
W27517,person
W68820,person
W82447,person
W98760,person
W29905,person
W69233,person
W90306,person
W43958,person
W11462,person
W84008,person
W61053,person
W63661,person
W15169,person
W63926,person
W79660,person
W12311,person
W58275,person
W74512,person
W16190,person
W54777,person
W95073,person
W84709,person
W33202,person
W83333,person
W87760,person
W52807,person
W72757,person
W50464,person
W54305,person
W90267,person
W91732,person
W92960,person
W59676,person
W62877,person
W68048,person
W59400,person
W50653,person
W95473,person
W25196,person
W12930,person
W16807,person
W76347,person
W48902,person
W91841,person
W49255,person
W96850,person
W90733,person
W33547,person
W78240,person
W33404,person
W84596,person
W57021,person
W95220,person
W80568,person
W84115,person
W45798,person
W53935,person
W39520,person
W66245,person
W55625,person
W42806,person
W81691,person
W34832,person
W61226,person
W58885,person
W98477,person
W57867,person
W90320,person
W72228,person
W88462,person
W12796,person
W59531,person
W34827,person
W13196,person
W65018,person
W16302,person
W69557,person
W11788,person
W64969,person
W94492,person
W27621,person
W35557,person
W94188,person
W70736,person
W24346,person
W34936,person
W19878,person
W72478,person
W75401,person
W17076,person
W27776,person
W39476,person
W78886,person
W98739,person
W94536,person
W76498,person
W92760,person
W41841,person
W81046,person
W94506,person
W67232,person
W65070,person
W62465,person
W28680,person
W47188,person
W98100,person
W47648,person
W68915,person
W82350,person
W28002,person
W67275,person
W71626,person
W27883,person
W68087,person
W11260,person
W50991,person
W32010,person
W30415,person
W78193,person
W35042,person
W29687,person
W95573,person
W13377,person
W99424,person
W72636,person
W96359,person
W17205,person
W76911,person
W97538,person
W79897,person
W16169,person
W67183,person
W29180,person
W11808,person
W62887,person
W86261,person
W86278,person
W79145,person
W68925,person
W69685,person
W30167,person
W53437,person
W96077,person
W77865,person
W55319,person
W16567,person
W51462,person
W66224,person
W57054,person
W78935,person
W64885,person
W31241,person
W14743,person
W46484,person
W95488,person
W33565,person
W42400,person
W76531,person
W11513,person
W72907,person
W63139,person
W33744,person
W93181,person
W31383,person
W24745,person
W15202,person
W86025,person
W97124,person
W56327,person
W13815,person
W34033,person
W44477,person
W81017,person
W74288,person
W32849,person
W64225,person
W48706,person
W16757,person
W36687,person
W87442,person
W77905,person
W11195,person
W61497,person
W85221,person
W15662,person
W57053,person
W49214,person
W73076,person
W13575,person
W53201,person
W34833,person
W60379,person
W16739,person
W93401,person
W95003,person
W43783,person
W93776,person
W50556,person
W32690,person
W27241,person
W46083,person
W37932,person
W50252,person
W17656,person
W33739,person
W63323,person
W83893,person
W11626,person
W20821,person
W13445,person
W16236,person
W31635,person
W65699,person
W80670,person
W29914,person
W93370,person
W97150,person
W41799,person
W18604,person
W18441,person
W30700,person
W41504,person
W42781,person
W59195,person
W82070,person
W44332,person
W42484,person
W70386,person
W74949,person
W24082,person
W90596,person
W20818,person
W57910,person
W72274,person
W42155,person
W55331,person
W37071,person
W22788,person
W27761,person
W47308,person
W42054,person
W95290,person
W43743,person
W89005,person
W31190,person
W79381,person
W90905,person
W39909,person
W23801,person
W42151,person
W40269,person
W29224,person
W91552,person
W93123,person
W46193,person
W84499,person
W72832,person
W67253,person
W48535,person
W81978,person
W37415,person
W49749,person
W79996,person
W65036,person
W44797,person
W29766,person
W86918,person
W35879,person
W19101,person
W26676,person
W99828,person
W46262,person
W68730,person
W94512,person
W37935,person
W98192,person
W87914,person
W89430,person
W76880,person
W78565,person
W42172,person
W62300,person
W21727,person
W70860,person
W14334,person
W22523,person
W37867,person
W86516,person
W41333,person
W80643,person
W38507,person
W87007,person
W73682,person
W15426,person
W82521,person
W40465,person
W56664,person
W13837,person
W36331,person
W26607,person
W70145,person
W20727,person
W44544,person
W94371,person
W15653,person
W53334,person
W63652,person
W66055,person
W36677,person
W24212,person
W70518,person
W26149,person
W69704,person
W13790,person
W28022,person
W13268,person
W72307,person
W12115,person
W93688,person
W72378,person
W80013,person
W56251,person
W32243,person
W82502,person
W38488,person
W86439,person
W48380,person
W57396,person
W99411,person
W17776,person
W82087,person
W77483,person
W59354,person
W24722,person
W48133,person
W82670,person
W44147,person
W56688,person
W64740,person
W54486,person
W65553,person
W71694,person
W15754,person
W16650,person
W53036,person
W85227,person
W29563,person
W10241,person
W44633,person
W67152,person
W36672,person
W74325,person
W48621,person
W22085,person
W29441,person
W84291,person
W93503,person
W65695,person
W45530,person
W58498,person
W86095,person
W63917,person
W26120,person
W43397,person
W48781,person
W80920,person
W50744,person
W18184,person
W51148,person
W16192,person
W12493,person
W92811,person
W94639,person
W82071,person
W14141,person
W88104,person
W21338,person
W16137,person
W28421,person
W53638,person
W28769,person
W82656,person
W81927,person
W85352,person
W75000,person
W92033,person
W78180,person
W85471,person
W34323,person
W43084,person
W89529,person
W35350,person
W66811,person
W68108,person
W38312,person
W44747,person
W87072,person
W87186,person
W19538,person
W24469,person
W87424,person
W52153,person
W22923,person
W24471,person
W40692,person
W73001,person
W47442,person
W24946,person
W70945,person
W52118,person
W92905,person
W26015,person
W22562,person
W59883,person
W60834,person
W77784,person
W99771,person
W81690,person
W43282,person
W49647,person
W68335,person
W91512,person
W96844,person
W95256,person
W74905,person
W27765,person
W35172,person
W31808,person
W70444,person
W95958,person
W85438,person
W37506,person
W84867,person
W72278,person
W79536,person
W43086,person
W10290,person
W30590,person
W33357,person
W21591,person
W45688,person
W89371,person
W17977,person
W16922,person
W11489,person
W81287,person
W31801,person
W32601,person
W53968,person
W96861,person
W97099,person
W38093,person
W74023,person
W90760,person
W85140,person
W48464,person
W98856,person
W11921,person
W27717,person
W70683,person
W17223,person
W95535,person
W84539,person
W40745,person
W17022,person
W36358,person
W29030,person
W33368,person
W74348,person
W14356,person
W52351,person
W28370,person
W47757,person
W93720,person
W83486,person
W28088,person
W45717,person
W45127,person
W27036,person
W92264,person
W70882,person
W43114,person
W97714,person
W58721,person
W79902,person
W37580,person
W76716,person
W38087,person
W67318,person
W16891,person
W83503,person
W36835,person
W32421,person
W40432,person
W37282,person
W51378,person
W41109,person
W13330,person
W95077,person
W24414,person
W89326,person
W68260,person
W89510,person
W87605,person
W26270,person
W83205,person
W92072,person
W20958,person
W74816,person
W92788,person
W29237,person
W47189,person
W81137,person
W79860,person
W39733,person
W96745,person
W58909,person
W19113,person
W81081,person
W26979,person
W65133,person
W26418,person
W12455,person
W71325,person
W18769,person
W94164,person
W95299,person
W16212,person
W14353,person
W78248,person
W69613,person
W85032,person
W10485,person
W95435,person
W32578,person
W42675,person
W84308,person
W64257,person
W57672,person
W62646,person
W69113,person
W87646,person
W69339,person
W60274,person
W27142,person
W70604,person
W51068,person
W50023,person
W69181,person
W92096,person
W80317,person
W28728,person
W58061,person
W55096,person
W30743,person
W11690,person
W72683,person
W76341,person
W92996,person
W91909,person
W61521,person
W59105,person
W86710,person
W60670,person
W72797,person
W94735,person
W27334,person
W84416,person
W56321,person
W37268,person
W19602,person
W41626,person
W54239,person
W17919,person
W55601,person
W84277,person
W55283,person
W53795,person
W50706,person
W15777,person
W70807,person
W32522,person
W84206,person
W70469,person
W38021,person
W64803,person
W21462,person
W62977,person
W56523,person
W39840,person
W25524,person
W59458,person
W68275,person
W17266,person
W68256,person
W56816,person
W32885,person
W39455,person
W79553,person
W23416,person
W43412,person
W24673,person
W23490,person
W25787,person
W12721,person
W16597,person
W15775,person
W71329,person
W47910,person
W65416,person
W10626,person
W93685,person
W71678,person
W51492,person
W62376,person
W75203,person
W45493,person
W25420,person
W69697,person
W49722,person
W48157,person
W19993,person
W94354,person
W64579,person
W28375,person
W96921,person
W23078,person
W79409,person
W46660,person
W35399,person
W46382,person
W75655,person
W33156,person
W62517,person
W75075,person
W23348,person
W17644,person
W57306,person
W65855,person
W63523,person
W60338,person
W72664,person
W77171,person
W73469,person
W97633,person
W34168,person
W43723,person
W37559,person
W48400,person
W17957,person
W76660,person
W84201,person
W16269,person
W76761,person
W89914,person
W85695,person
W25172,person
W34364,person
W39878,person
W82127,person
W65769,person
W34818,person
W37930,person
W66829,person
W88925,person
W30097,person
W96222,person
W73882,person
W11868,person
W57118,person
W87994,person
W51382,person
W44229,person
W30960,person
W19893,person
W43661,person
W17334,person
W42840,person
W82901,person
W92900,person
W41152,person
W73117,person
W52039,person
W29397,person
W89919,person
W95569,person
W77801,person
W36654,person
W82349,person
W14985,person
W26268,person
W36141,person
W51182,person
W66916,person
W12334,person
W28365,person
W83222,person
W29918,person
W59827,person
W88140,person
W76833,person
W89590,person
W43765,person
W45536,person
W61603,person
W88653,person
W52547,person
W41197,person
W76259,person
W75426,person
W27990,person
W48664,person
W15722,person
W18354,person
W76197,person
W89350,person
W23390,person
W52233,person
W27711,person
W82936,person
W43403,person
W95078,person
W66414,person
W79021,person
W60195,person
W37043,person
W68407,person
W54044,person
W70296,person
W60999,person
W50745,person
W24350,person
W75876,person
W33851,person
W15639,person
W53397,person
W34671,person
W63484,person
W34107,person
W13075,person
W44519,person
W89696,person
W58263,person
W12140,person
W98180,person
W84312,person
W19838,person
W31918,person
W60491,person
W25396,person
W43924,person
W48494,person
W32966,person
W91791,person
W91538,person
W55869,person
W54621,person
W72186,person
W12823,person
W43925,person
W22183,person
W49146,person
W91150,person
W51093,person
W22384,person
W92800,person
W57691,person
W83443,person
W95476,person
W25891,person
W81405,person
W42747,person
W37189,person
W68506,person
W95308,person
W37845,person
W78453,person
W87126,person
W25271,person
W43728,person
W86739,person
W22406,person
W75313,person
W92169,person
W44121,person
W36121,person
W44029,person
W61093,person
W63150,person
W35585,person
W82668,person
W21260,person
W50995,person
W12213,person
W87344,person
W81373,person
W80208,person
W54251,person
W44042,person
W20771,person
W42372,person
W78120,person
W53998,person
W97624,person
W45585,person
W63569,person
W37591,person
W39079,person
W54725,person
W34365,person
W14815,person
W48904,person
W47256,person
W75164,person
W49930,person
W41874,person
W96666,person
W98362,person
W39179,person
W74349,person
W43435,person
W30526,person
W58068,person
W65978,person
W97460,person
W99104,person
W61186,person
W18445,person
W71423,person
W85735,person
W32125,person
W39613,person
W12780,person
W35303,person
W41387,person
W58457,person
W68327,person
W46019,person
W69174,person
W64676,person
W43558,person
W45606,person
W34699,person
W18407,person
W25128,person
W98104,person
W96234,person
W90251,person
W23061,person
W50034,person
W71301,person
W82318,person
W81174,person
W47731,person
W65958,person
W18730,person
W43702,person
W35136,person
W31648,person
W70476,person
W26907,person
W64557,person
W72739,person
W79513,person
W63629,person
W73723,person
W28280,person
W62440,person
W74484,person
W43351,person
W51428,person
W23071,person
W79958,person
W74698,person
W22465,person
W75448,person
W57485,person
W33460,person
W33877,person
W36399,person
W38509,person
W81719,person
W73464,person
W55533,person
W41862,person
W99031,person
W27415,person
W97315,person
W96014,person
W28878,person
W13003,person
W63433,person
W75953,person
W73490,person
W49679,person
W60595,person
W59775,person
W57724,person
W68986,person
W35133,person
W46639,person
W47963,person
W66063,person
W16955,person
W81260,person
W10412,person
W10321,person
W51508,person
W12849,person
W58486,person
W23579,person
W27126,person
W18625,person
W41212,person
W21442,person
W52707,person
W48730,person
W39319,person
W29532,person
W87487,person
W48304,person
W20728,person
W18794,person
W63503,person
W71873,person
W65351,person
W13183,person
W49678,person
W18827,person
W22304,person
W76332,person
W80742,person
W16283,person
W17322,person
W66293,person
W27634,person
W69832,person
W10020,person
W64670,person
W55033,person
W54575,person
W37710,person
W34225,person
W46981,person
W16126,person
W96119,person
W67014,person
W68351,person
W83160,person
W39641,person
W39450,person
W40845,person
W15050,person
W44550,person
W26699,person
W64408,person
W23674,person
W13590,person
W59285,person
W58782,person
W23855,person
W19514,person
W31032,person
W34436,person
W84423,person
W77361,person
W80371,person
W29186,person
W67222,person
W56634,person
W16049,person
W25130,person
W59267,person
W74629,person
W56409,person
W60502,person
W15827,person
W81723,person
W77792,person
W59929,person
W67582,person
W93658,person
W98945,person
W31643,person
W32365,person
W61274,person
W74874,person
W75636,person
W41500,person
W17077,person
W45104,person
W54257,person
W24172,person
W14738,person
W44054,person
W24069,person
W49459,person
W16038,person
W33346,person
W28438,person
W34550,person
W42361,person
W91936,person
W42670,person
W57728,person
W70492,person
W19919,person
W90393,person
W95080,person
W71093,person
W27646,person
W41496,person
W51180,person
W80239,person
W95522,person
W62704,person
W48702,person
W64511,person
W69321,person
W74147,person
W15029,person
W77735,person
W55857,person
W20659,person
W27420,person
W44245,person
W94194,person
W98557,person
W89165,person
W56495,person
W23020,person
W16823,person
W27551,person
W73281,person
W32035,person
W17512,person
W62734,person
W35679,person
W98730,person
W25887,person
W88676,person
W37856,person
W11278,person
W17597,person
W61131,person
W84945,person
W66527,person
W32216,person
W61357,person
W44318,person
W30033,person
W60128,person
W58775,person
W20173,person
W46393,person
W64404,person
W44436,person
W17630,person
W88721,person
W87625,person
W47180,person
W79591,person
W64822,person
W20945,person
W76209,person
W85633,person
W80803,person
W23601,person
W24481,person
W42814,person
W82737,person
W45261,person
W60774,person
W26026,person
W82278,person
W77728,person
W12511,person
W25341,person
W42992,person
W83144,person
W86167,person
W48935,person
W72568,person
W73758,person
W69817,person
W55101,person
W15288,person
W91705,person
W47982,person
W43703,person
W64570,person
W21300,person
W78030,person
W63788,person
W91075,person
W26828,person
W12119,person
W62233,person
W17240,person
W99330,person
W15909,person
W22984,person
W40857,person
W71412,person
W41795,person
W78636,person
W69718,person
W92135,person
W74619,person
W66877,person
W55399,person
W65260,person
W70927,person
W20708,person
W78103,person
W62357,person
W76519,person
W70875,person
W61041,person
W70598,person
W52089,person
W86106,person
W21690,person
W33579,person
W36588,person
W53025,person
W25206,person
W26029,person
W89073,person
W50986,person
W50571,person
W50139,person
W75708,person
W22730,person
W82794,person
W72970,person
W22853,person
W57782,person
W28114,person
W78451,person
W86425,person
W45231,person
W37078,person
W54860,person
W85781,person
W48764,person
W44727,person
W91442,person
W18388,person
W93939,person
W41169,person
W29529,person
W30205,person
W21217,person
W71630,person
W88661,person
W82642,person
W35141,person
W33056,person
W13275,person
W60059,person
W53473,person
W60328,person
W63155,person
W82745,person
W89672,person
W32954,person
W29246,person
W86121,person
W43642,person
W35484,person
W89381,person
W34647,person
W75952,person
W67570,person
W36330,person
W75276,person
W65276,person
W45016,person
W82245,person
W69572,person
W63018,person
W95387,person
W63016,person
W73937,person
W75609,person
W84676,person
W68067,person
W65114,person
W34542,person
W77458,person
W29928,person
W20822,person
W21555,person
W41961,person
W11245,person
W86440,person
W12307,person
W57220,person
W74226,person
W55012,person
W74270,person
W52994,person
W96920,person
W29111,person
W90815,person
W81797,person
W57892,person
W66149,person
W97433,person
W41129,person
W27567,person
W83206,person
W32430,person
W45816,person
W93915,person
W58167,person
W16001,person
W44654,person
W21190,person
W74142,person
W12350,person
W39433,person
W63865,person
W73667,person
W54188,person
W30846,person
W60480,person
W39527,person
W71482,person
W30321,person
W91296,person
W78803,person
W83103,person
W30239,person
W59302,person
W41412,person
W48791,person
W85257,person
W15500,person
W24737,person
W53665,person
W60456,person
W49655,person
W99852,person
W54916,person
W67285,person
W76482,person
W35500,person
W50987,person
W69349,person
W90074,person
W49018,person
W53578,person
W25716,person
W79114,person
W80135,person
W89375,person
W69495,person
W74815,person
W54566,person
W69086,person
W41804,person
W61372,person
W69676,person
W17766,person
W84771,person
W83942,person
W68684,person
W55912,person
W69007,person
W32563,person
W99299,person
W59506,person
W85067,person
W48673,person
W96639,person
W63204,person
W11673,person
W30983,person
W31532,person
W41660,person
W16795,person
W48372,person
W46041,person
W41055,person
W16786,person
W99884,person
W94451,person
W22938,person
W21681,person
W42808,person
W83880,person
W83344,person
W78097,person
W43975,person
W59205,person
W77129,person
W89153,person
W89603,person
W99896,person
W41459,person
W18955,person
W41386,person
W75589,person
W75901,person
W75045,person
W74714,person
W97519,person
W10382,person
W14369,person
W46586,person
W41759,person
W60701,person
W32509,person
W43699,person
W32348,person
W14723,person
W56048,person
W97271,person
W44793,person
W77828,person
W13091,person
W44456,person
W11352,person
W24756,person
W82760,person
W68648,person
W44873,person
W22265,person
W94625,person
W12173,person
W14315,person
W69823,person
W26902,person
W87384,person
W56197,person
W21940,person
W54419,person
W38632,person
W74608,person
W42889,person
W86600,person
W33957,person
W49163,person
W77517,person
W37255,person
W51756,person
W13049,person
W46070,person
W76009,person
W28845,person
W33608,person
W70297,person
W52688,person
W25811,person
W93593,person
W60688,person
W64053,person
W91126,person
W65451,person
W14003,person
W30661,person
W79202,person
W53705,person
W54707,person
W68654,person
W37128,person
W85363,person
W98108,person
W90039,person
W36592,person
W90579,person
W46747,person
W46130,person
W19848,person
W13502,person
W61695,person
W75484,person
W69424,person
W79122,person
W18481,person
W29468,person
W13402,person
W17473,person
W11179,person
W62069,person
W19456,person
W83109,person
W44780,person
W75935,person
W46453,person
W91804,person
W89090,person
W70967,person
W55028,person
W30315,person
W94503,person
W72303,person
W74579,person
W77903,person
W46017,person
W35518,person
W18760,person
W46937,person
W23257,person
W61708,person
W31799,person
W26823,person
W95653,person
W93449,person
W18115,person
W24701,person
W63736,person
W22784,person
W56314,person
W54255,person
W99075,person
W30388,person
W34516,person
W92547,person
W31904,person
W12832,person
W47779,person
W71077,person
W10974,person
W35982,person
W17742,person
W52121,person
W41813,person
W73660,person
W11265,person
W96239,person
W60084,person
W64203,person
W84160,person
W67499,person
W50447,person
W12017,person
W93643,person
W28921,person
W70067,person
W87793,person
W44531,person
W20098,person
W53483,person
W75494,person
W50280,person
W30967,person
W24470,person
W78128,person
W46943,person
W85612,person
W14269,person
W25315,person
W54119,person
W93426,person
W85151,person
W93603,person
W40677,person
W55971,person
W65047,person
W55693,person
W33486,person
W46436,person
W10755,person
W29357,person
W16715,person
W11956,person
W27412,person
W55790,person
W32672,person
W24364,person
W46608,person
W99426,person
W92989,person
W40712,person
W52082,person
W93072,person
W37283,person
W75714,person
W73325,person
W10763,person
W29340,person
W12210,person
W11450,person
W13736,person
W36418,person
W55087,person
W42583,person
W67514,person
W52034,person
W79799,person
W89580,person
W19845,person
W46420,person
W23447,person
W93541,person
W62626,person
W43686,person
W54710,person
W62111,person
W17748,person
W92510,person
W33925,person
W34914,person
W82369,person
W34851,person
W19886,person
W13555,person
W99377,person
W15308,person
W38060,person
W13271,person
W37553,person
W67230,person
W99220,person
W97913,person
W98773,person
W64725,person
W92794,person
W92604,person
W27760,person
W31757,person
W23985,person
W49259,person
W10395,person
W61229,person
W65513,person
W42284,person
W28956,person
W57100,person
W21123,person
W42526,person
W60792,person
W50544,person
W88848,person
W98107,person
W82247,person
W78207,person
W72747,person
W59282,person
W97870,person
W58768,person
W20478,person
W14498,person
W53615,person
W99267,person
W26514,person
W96588,person
W36045,person
W64412,person
W94994,person
W84766,person
W18772,person
W33519,person
W11504,person
W46691,person
W71041,person
W49053,person
W61014,person
W96659,person
W41886,person
W19796,person
W58017,person
W28738,person
W50100,person
W58307,person
W70512,person
W78483,person
W12290,person
W35967,person
W84357,person
W37994,person
W90235,person
W85047,person
W61019,person
W24554,person
W80582,person
W46470,person
W79302,person
W81894,person
W66491,person
W39302,person
W45446,person
W44235,person
W14936,person
W90379,person
W66390,person
W39405,person
W44349,person
W83307,person
W73365,person
W58792,person
W22513,person
W51257,person
W75966,person
W24688,person
W18421,person
W52617,person
W17446,person
W19097,person
W78581,person
W38878,person
W34399,person
W57049,person
W63317,person
W37547,person
W54259,person
W52341,person
W74227,person
W16188,person
W60490,person
W17392,person
W70687,person
W34960,person
W87066,person
W44599,person
W58653,person
W89036,person
W27820,person
W77041,person
W80529,person
W44344,person
W11392,person
W68935,person
W23238,person
W13950,person
W56703,person
W98642,person
W48197,person
W58197,person
W23765,person
W92594,person
W98319,person
W95041,person
W80200,person
W76776,person
W47944,person
W46594,person
W13747,person
W30435,person
W52576,person
W76862,person
W91579,person
W80602,person
W79336,person
W52014,person
W62909,person
W54776,person
W55529,person
W48975,person
W27993,person
W29596,person
W71308,person
W61212,person
W87240,person
W57802,person
W19319,person
W61624,person
W78346,person
W48142,person
W37686,person
W57757,person
W71525,person
W28289,person
W10164,person
W10013,person
W32078,person
W66974,person
W12192,person
W99996,person
W22680,person
W80505,person
W26215,person
W98659,person
W12477,person
W65808,person
W71196,person
W31288,person
W76465,person
W56529,person
W62182,person
W28899,person
W45639,person
W96684,person
W49804,person
W90513,person
W84951,person
W19460,person
W22610,person
W27736,person
W95853,person
W53479,person
W66534,person
W78744,person
W22488,person
W41967,person
W75612,person
W69758,person
W32405,person
W76733,person
W39497,person
W96946,person
W19539,person
W53946,person
W53952,person
W40831,person
W42495,person
W49304,person
W39775,person
W34156,person
W77897,person
W78437,person
W63364,person
W89040,person
W75979,person
W49916,person
W34491,person
W43788,person
W79810,person
W31172,person
W10142,person
W44378,person
W94473,person
W81818,person
W14171,person
W54608,person
W27390,person
W54043,person
W82297,person
W20017,person
W24006,person
W79015,person
W70037,person
W88744,person
W88964,person
W53170,person
W83362,person
W64633,person
W52051,person
W46777,person
W78512,person
W42513,person
W56210,person
W30529,person
W81094,person
W30816,person
W33563,person
W94619,person
W29362,person
W27977,person
W21963,person
W94727,person
W78620,person
W42249,person
W43713,person
W27546,person
W23168,person
W96064,person
W92642,person
W41486,person
W69974,person
W52177,person
W14905,person
W97873,person
W68722,person
W80783,person
W47424,person
W66537,person
W38170,person
W59873,person
W61691,person
W67733,person
W82960,person
W26868,person
W90193,person
W27270,person
W16773,person
W63564,person
W78098,person
W86562,person
W98087,person
W53123,person
W60813,person
W22847,person
W20277,person
W72920,person
W70387,person
W57769,person
W71537,person
W67601,person
W25426,person
W57745,person
W19707,person
W19700,person
W24239,person
W26986,person
W51008,person
W80036,person
W20595,person
W60520,person
W71080,person
W34838,person
W97887,person
W64433,person
W30103,person
W73814,person
W38728,person
W92612,person
W74820,person
W89070,person
W86448,person
W86689,person
W87539,person
W47161,person
W94544,person
W61931,person
W10114,person
W90807,person
W95886,person
W56017,person
W38356,person
W23101,person
W42683,person
W74313,person
W92272,person
W69581,person
W91225,person
W71351,person
W75886,person
W93369,person
W37252,person
W85109,person
W88667,person
W27528,person
W96130,person
W52068,person
W36784,person
W86010,person
W94684,person
W48581,person
W29695,person
W63584,person
W90950,person
W79699,person
W70800,person
W11866,person
W13558,person
W19643,person
W47630,person
W45773,person
W42736,person
W20781,person
W32193,person
W13251,person
W55217,person
W12143,person
W70895,person
W37407,person
W22643,person
W45902,person
W74076,person
W79010,person
W76105,person
W15995,person
W20449,person
W88122,person
W61922,person
W64696,person
W18382,person
W77020,person
W42636,person
W71875,person
W77727,person
W64841,person
W53055,person
W54252,person
W70577,person
W75030,person
W14308,person
W56377,person
W62633,person
W51832,person
W84602,person
W73312,person
W42263,person
W87332,person
W70128,person
W14893,person
W88563,person
W45048,person
W27874,person
W32728,person
W88059,person
W79832,person
W25601,person
W15078,person
W17684,person
W22569,person
W60431,person
W10580,person
W48470,person
W13798,person
W43155,person
W91946,person
W25061,person
W91474,person
W20317,person
W39200,person
W49299,person
W94560,person
W42074,person
W40241,person
W68225,person
W84361,person
W17134,person
W91394,person
W31075,person
W53537,person
W64646,person
W99218,person
W26121,person
W34548,person
W18565,person
W45019,person
W89674,person
W66695,person
W76473,person
W41652,person
W35697,person
W87848,person
W28456,person
W17854,person
W93798,person
W48916,person
W38849,person
W24472,person
W79943,person
W92730,person
W72813,person
W87435,person
W80096,person
W66908,person
W54214,person
W56159,person
W46500,person
W25329,person
W97134,person
W15380,person
W78831,person
W68315,person
W63771,person
W44279,person
W94173,person
W49449,person
W52833,person
W71380,person
W28195,person
W73475,person
W92056,person
W47341,person
W78108,person
W34855,person
W32841,person
W70922,person
W37942,person
W85423,person
W16457,person
W84128,person
W40553,person
W29630,person
W67426,person
W87580,person
W99254,person
W35273,person
W23575,person
W58638,person
W73756,person
W14336,person
W75041,person
W44884,person
W86730,person
W50659,person
W30428,person
W34915,person
W90353,person
W23165,person
W52907,person
W91199,person
W53521,person
W71053,person
W73500,person
W72107,person
W14654,person
W33983,person
W31576,person
W59853,person
W91584,person
W46445,person
W63893,person
W24797,person
W25297,person
W41053,person
W18099,person
W95349,person
W16469,person
W90394,person
W69410,person
W69982,person
W12428,person
W33009,person
W77473,person
W24378,person
W79905,person
W34783,person
W60891,person
W34703,person
W49114,person
W47955,person
W77035,person
W84093,person
W33144,person
W86524,person
W35867,person
W70416,person
W62943,person
W23841,person
W95006,person
W41103,person
W99057,person
W86632,person
W12778,person
W24363,person
W14396,person
W15792,person
W57495,person
W68998,person
W75498,person
W94183,person
W16690,person
W40851,person
W64785,person
W50195,person
W20167,person
W78668,person
W96741,person
W94900,person
W92575,person
W36238,person
W89195,person
W19741,person
W32154,person
W39070,person
W28633,person
W13851,person
W40735,person
W33147,person
W78824,person
W16712,person
W72180,person
W74696,person
W25523,person
W79341,person
W21058,person
W59707,person
W91774,person
W97597,person
W11503,person
W37296,person
W77662,person
W53323,person
W31640,person
W49232,person
W58607,person
W25186,person
W21233,person
W65778,person
W50429,person
W34632,person
W54882,person
W27361,person
W74086,person
W37378,person
W51636,person
W92303,person
W52562,person
W90719,person
W36114,person
W49185,person
W46804,person
W53618,person
W34606,person
W92718,person
W46067,person
W66562,person
W42025,person
W93486,person
W84609,person
W64085,person
W36985,person
W38274,person
W19956,person
W58298,person
W23116,person
W44730,person
W47678,person
W61258,person
W86760,person
W19026,person
W85074,person
W54913,person
W37876,person
W65328,person
W52103,person
W33611,person
W44750,person
W85862,person
W36161,person
W51805,person
W90542,person
W27556,person
W14445,person
W10750,person
W14669,person
W52801,person
W60227,person
W80655,person
W74355,person
W83953,person
W87869,person
W53833,person
W13276,person
W97677,person
W43409,person
W77566,person
W42676,person
W16321,person
W81500,person
W17967,person
W71094,person
W85514,person
W41915,person
W20380,person
W32038,person
W75911,person
W48034,person
W55683,person
W13638,person
W17174,person
W88697,person
W76562,person
W54689,person
W33679,person
W45419,person
W16749,person
W13647,person
W11370,person
W76358,person
W68936,person
W94806,person
W35979,person
W48514,person
W22930,person
W72768,person
W11269,person
W12951,person
W86525,person
W85815,person
W79124,person
W15016,person
W25867,person
W67059,person
W76505,person
W22341,person
W75400,person
W91464,person
W30459,person
W97300,person
W76334,person
W79481,person
W23758,person
W94899,person
W29478,person
W55854,person
W14251,person
W18218,person
W51219,person
W61688,person
W40480,person
W82456,person
W83568,person
W41928,person
W37510,person
W40539,person
W46987,person
W19240,person
W62420,person
W13018,person
W84590,person
W83297,person
W24430,person
W46909,person
W36443,person
W57710,person
W69585,person
W25406,person
W59814,person
W91731,person
W85481,person
W30763,person
W31783,person
W63272,person
W45912,person
W34662,person
W29077,person
W25573,person
W18360,person
W80029,person
W55199,person
W71220,person
W16517,person
W15022,person
W11996,person
W92082,person
W28522,person
W93591,person
W18741,person
W96987,person
W85808,person
W55350,person
W74242,person
W39400,person
W83065,person
W87497,person
W74543,person
W76212,person
W10618,person
W99859,person
W43997,person
W70353,person
W34592,person
W65014,person
W51294,person
W32677,person
W52817,person
W93361,person
W66669,person
W23193,person
W83163,person
W48980,person
W69333,person
W20653,person
W62165,person
W18566,person
W42560,person
W41499,person
W62733,person
W16568,person
W83398,person
W71166,person
W61164,person
W28212,person
W10303,person
W12330,person
W66909,person
W95151,person
W56820,person
W95658,person
W39873,person
W20306,person
W60266,person
W22310,person
W13092,person
W99979,person
W92020,person
W81807,person
W99315,person
W65179,person
W70582,person
W12449,person
W33190,person
W64373,person
W51380,person
W98804,person
W59571,person
W31667,person
W20128,person
W49136,person
W98077,person
W13372,person
W91065,person
W79566,person
W60308,person
W93002,person
W49131,person
W49099,person
W10227,person
W36096,person
W26176,person
W63565,person
W56965,person
W95510,person
W88600,person
W46865,person
W91710,person
W45160,person
W34351,person
W59791,person
W58400,person
W85036,person
W40562,person
W61850,person
W93592,person
W29624,person
W79714,person
W81248,person
W84281,person
W57286,person
W10394,person
W47010,person
W96682,person
W40508,person
W28010,person
W83428,person
W14843,person
W49250,person
W55254,person
W74061,person
W67219,person
W85189,person
W70864,person
W87997,person
W30787,person
W43681,person
W17845,person
W43678,person
W18422,person
W94043,person
W93054,person
W63159,person
W31093,person
W22120,person
W35274,person
W38624,person
W45134,person
W28727,person
W34646,person
W71165,person
W65886,person
W71270,person
W80162,person
W67215,person
W88662,person
W76922,person
W70968,person
W98631,person
W83260,person
W51797,person
W70208,person
W67871,person
W20779,person
W39614,person
W96488,person
W27175,person
W87368,person
W71447,person
W35611,person
W97769,person
W94751,person
W92341,person
W45744,person
W83885,person
W80771,person
W64840,person
W23425,person
W13166,person
W23062,person
W21471,person
W68280,person
W41427,person
W94250,person
W37977,person
W88972,person
W23030,person
W77068,person
W49406,person
W54196,person
W67790,person
W26617,person
W77036,person
W41642,person
W17936,person
W84568,person
W76466,person
W85675,person
W12170,person
W22864,person
W76111,person
W16335,person
W74801,person
W18686,person
W78043,person
W37568,person
W13918,person
W97738,person
W81503,person
W80305,person
W92793,person
W81406,person
W20153,person
W39658,person
W17338,person
W55845,person
W94453,person
W90152,person
W57622,person
W28610,person
W12062,person
W73404,person
W73754,person
W75552,person
W30062,person
W56094,person
W18835,person
W69151,person
W51642,person
W83331,person
W94922,person
W77492,person
W76155,person
W30725,person
W63158,person
W81552,person
W51377,person
W95361,person
W94965,person
W26608,person
W13237,person
W32499,person
W26019,person
W59355,person
W60093,person
W31069,person
W56286,person
W51111,person
W21094,person
W76019,person
W42342,person
W43040,person
W36803,person
W53390,person
W94278,person
W36456,person
W55189,person
W71691,person
W23058,person
W12893,person
W72537,person
W49796,person
W66781,person
W35048,person
W61629,person
W38288,person
W64782,person
W17058,person
W21836,person
W30314,person
W29690,person
W93691,person
W56387,person
W44758,person
W13980,person
W36645,person
W20780,person
W94643,person
W52584,person
W41298,person
W75793,person
W29599,person
W65867,person
W10011,person
W32890,person
W29936,person
W98626,person
W44585,person
W89181,person
W55772,person
W20912,person
W16816,person
W47559,person
W11555,person
W61783,person
W84688,person
W85647,person
W86074,person
W43831,person
W39572,person
W30244,person
W95849,person
W28325,person
W21460,person
W37649,person
W59708,person
W37780,person
W66071,person
W51131,person
W68355,person
W92302,person
W52273,person
W18497,person
W92471,person
W65442,person
W14330,person
W87855,person
W93841,person
W83022,person
W42143,person
W69694,person
W33441,person
W27296,person
W10150,person
W34183,person
W62638,person
W59359,person
W60878,person
W57296,person
W24285,person
W74444,person
W62601,person
W44525,person
W33583,person
W33524,person
W69165,person
W75770,person
W52946,person
W74532,person
W36455,person
W60986,person
W85102,person
W92129,person
W11079,person
W85955,person
W47283,person
W59315,person
W91179,person
W81799,person
W45826,person
W18531,person
W28669,person
W28617,person
W60967,person
W33659,person
W65931,person
W77098,person
W26004,person
W75989,person
W78081,person
W74502,person
W38646,person
W24548,person
W16860,person
W18792,person
W59857,person
W64677,person
W19887,person
W43211,person
W26961,person
W87974,person
W13891,person
W29642,person
W43144,person
W27166,person
W20966,person
W66023,person
W33406,person
W84306,person
W29331,person
W32814,person
W88930,person
W67698,person
W13380,person
W24709,person
W64417,person
W27275,person
W28414,person
W42966,person
W25881,person
W15513,person
W96344,person
W34866,person
W98353,person
W11402,person
W69847,person
W72530,person
W32900,person
W53621,person
W11589,person
W20536,person
W83918,person
W74632,person
W42872,person
W63260,person
W63240,person
W22693,person
W59128,person
W76800,person
W40407,person
W28422,person
W40216,person
W51795,person
W20291,person
W92458,person
W19190,person
W18440,person
W76223,person
W16433,person
W24253,person
W51121,person
W25626,person
W85897,person
W39683,person
W61360,person
W29718,person
W12237,person
W58753,person
W14053,person
W98422,person
W14230,person
W88090,person
W60324,person
W37634,person
W42446,person
W44214,person
W31549,person
W78241,person
W13584,person
W82625,person
W35613,person
W31775,person
W76225,person
W67396,person
W50503,person
W84066,person
W31665,person
W20955,person
W65949,person
W63142,person
W20920,person
W87205,person
W61735,person
W79020,person
W96992,person
W94064,person
W56323,person
W37396,person
W66229,person
W52359,person
W14039,person
W23110,person
W25208,person
W47234,person
W16489,person
W91173,person
W44444,person
W29676,person
W22279,person
W30868,person
W83465,person
W51194,person
W15064,person
W55032,person
W39109,person
W61430,person
W72316,person
W63575,person
W95129,person
W38756,person
W93687,person
W96675,person
W74436,person
W10745,person
W92474,person
W79428,person
W34981,person
W66074,person
W10628,person
W62651,person
W34495,person
W95494,person
W62160,person
W56406,person
W93321,person
W19202,person
W34467,person
W96628,person
W94848,person
W52953,person
W21416,person
W26252,person
W43233,person
W57557,person
W45018,person
W20352,person
W21991,person
W56199,person
W16483,person
W25107,person
W56622,person
W83908,person
W81212,person
W55385,person
W17791,person
W29731,person
W39201,person
W14636,person
W91085,person
W78482,person
W83737,person
W57770,person
W85376,person
W15711,person
W78460,person
W22117,person
W13686,person
W48971,person
W38836,person
W30972,person
W12561,person
W91169,person
W44857,person
W43265,person
W48775,person
W82754,person
W82762,person
W17767,person
W41947,person
W46583,person
W61544,person
W84547,person
W70961,person
W96569,person
W66773,person
W89930,person
W41904,person
W94693,person
W19076,person
W10427,person
W22963,person
W46142,person
W74207,person
W50226,person
W39414,person
W73920,person
W93542,person
W79016,person
W47105,person
W66967,person
W89067,person
W30560,person
W47839,person
W73138,person
W66740,person
W20874,person
W59771,person
W67759,person
W16229,person
W24149,person
W90141,person
W53435,person
W76458,person
W43552,person
W35677,person
W10223,person
W97102,person
W57885,person
W91444,person
W90641,person
W89342,person
W30273,person
W80442,person
W81488,person
W55755,person
W33759,person
W27448,person
W27964,person
W20621,person
W52869,person
W11442,person
W11067,person
W11286,person
W74805,person
W47713,person
W97210,person
W45227,person
W78575,person
W91333,person
W30717,person
W89856,person
W97800,person
W37324,person
W70720,person
W58842,person
W81111,person
W17918,person
W69886,person
W83354,person
W44175,person
W56525,person
W41756,person
W19463,person
W19957,person
W88978,person
W52391,person
W67390,person
W27941,person
W42715,person
W59956,person
W79554,person
W30756,person
W49715,person
W30882,person
W82584,person
W32941,person
W13272,person
W11560,person
W70637,person
W40444,person
W16208,person
W63275,person
W29548,person
W64103,person
W94338,person
W25187,person
W15621,person
W37556,person
W30556,person
W93260,person
W28702,person
W93159,person
W60547,person
W52465,person
W68947,person
W28883,person
W62911,person
W82216,person
W28905,person
W69252,person
W92781,person
W28876,person
W51137,person
W43256,person
W53048,person
W86989,person
W68832,person
W58071,person
W42697,person
W82052,person
W67684,person
W67617,person
W75963,person
W64032,person
W36708,person
W61620,person
W24188,person
W14529,person
W17908,person
W12672,person
W64213,person
W55178,person
W35900,person
W92110,person
W64299,person
W92726,person
W36858,person
W30288,person
W16641,person
W81706,person
W84981,person
W40326,person
W35284,person
W63773,person
W70152,person
W70559,person
W21343,person
W35148,person
W88986,person
W47009,person
W92087,person
W78699,person
W22583,person
W93325,person
W87112,person
W68694,person
W15296,person
W12665,person
W97295,person
W22786,person
W85953,person
W19139,person
W59751,person
W90160,person
W56861,person
W36644,person
W75057,person
W57917,person
W14061,person
W81596,person
W26544,person
W68864,person
W83287,person
W71442,person
W79049,person
W92525,person
W37064,person
W36886,person
W94717,person
W23878,person
W28442,person
W52067,person
W96683,person
W24449,person
W78215,person
W38363,person
W56176,person
W24996,person
W84055,person
W93464,person
W35705,person
W79384,person
W68552,person
W64209,person
W26291,person
W84926,person
W29216,person
W18110,person
W88499,person
W49137,person
W72826,person
W15756,person
W72640,person
W46482,person
W86314,person
W21259,person
W60512,person
W18636,person
W16493,person
W61738,person
W92177,person
W45273,person
W82911,person
W43159,person
W31431,person
W52427,person
W70762,person
W57901,person
W40611,person
W38967,person
W27302,person
W89996,person
W92941,person
W96909,person
W24454,person
W95354,person
W28732,person
W18367,person
W76590,person
W40158,person
W34140,person
W80397,person
W61144,person
W19619,person
W50132,person
W72899,person
W67428,person
W14211,person
W68532,person
W98748,person
W33926,person
W99986,person
W74611,person
W89140,person
W69492,person
W82734,person
W50865,person
W74190,person
W92401,person
W13254,person
W18233,person
W24444,person
W13273,person
W60972,person
W61371,person
W89200,person
W88481,person
W66080,person
W56846,person
W96105,person
W32209,person
W24767,person
W78860,person
W74857,person
W69670,person
W91635,person
W25769,person
W77683,person
W97885,person
W86577,person
W62279,person
W29112,person
W75013,person
W13175,person
W95271,person
W85903,person
W72591,person
W94571,person
W40447,person
W90800,person
W49514,person
W19057,person
W45374,person
W90697,person
W93528,person
W89698,person
W50534,person
W51648,person
W82924,person
W56046,person
W41735,person
W43495,person
W78310,person
W51740,person
W45969,person
W98638,person
W32184,person
W62331,person
W75208,person
W36960,person
W45506,person
W72561,person
W53223,person
W53605,person
W93298,person
W18469,person
W87397,person
W66301,person
W59473,person
W77018,person
W23849,person
W25337,person
W52489,person
W17606,person
W49756,person
W41036,person
W91976,person
W85987,person
W56720,person
W28587,person
W96943,person
W14782,person
W16213,person
W49392,person
W49388,person
W72225,person
W93094,person
W15937,person
W28462,person
W86752,person
W31441,person
W31632,person
W65518,person
W37472,person
W92542,person
W66464,person
W27609,person
W24433,person
W96327,person
W57472,person
W49426,person
W42967,person
W53643,person
W77861,person
W27452,person
W19646,person
W34119,person
W66638,person
W12278,person
W41943,person
W87638,person
W74642,person
W96805,person
W85153,person
W63810,person
W29188,person
W75443,person
W84413,person
W40564,person
W60863,person
W23210,person
W73624,person
W11597,person
W76943,person
W62021,person
W46678,person
W33255,person
W92552,person
W78450,person
W26436,person
W50180,person
W40542,person
W94612,person
W51429,person
W85354,person
W67223,person
W42206,person
W16707,person
W22291,person
W28638,person
W70524,person
W96790,person
W57237,person
W59093,person
W16918,person
W16652,person
W16828,person
W94237,person
W88110,person
W10509,person
W98118,person
W15071,person
W37811,person
W75998,person
W41223,person
W17410,person
W15557,person
W96378,person
W26763,person
W29949,person
W93099,person
W17859,person
W77705,person
W80290,person
W94561,person
W79352,person
W44366,person
W85759,person
W53020,person
W54338,person
W66919,person
W23163,person
W98890,person
W30688,person
W35024,person
W50102,person
W63231,person
W70977,person
W59234,person
W81836,person
W57139,person
W86480,person
W57727,person
W58320,person
W83519,person
W55651,person
W65723,person
W66384,person
W97057,person
W46203,person
W33000,person
W77580,person
W27946,person
W92201,person
W89125,person
W53327,person
W85447,person
W78231,person
W83565,person
W52954,person
W98754,person
W25678,person
W12544,person
W47254,person
W19225,person
W15361,person
W65230,person
W56255,person
W58826,person
W21634,person
W86339,person
W17990,person
W45312,person
W98008,person
W82062,person
W67046,person
W92361,person
W55965,person
W92152,person
W47875,person
W25049,person
W60275,person
W87518,person
W30869,person
W20101,person
W55414,person
W24177,person
W51847,person
W45330,person
W54348,person
W26896,person
W20031,person
W19831,person
W10570,person
W75191,person
W43023,person
W35163,person
W47718,person
W25685,person
W99230,person
W31881,person
W65174,person
W73684,person
W44045,person
W55079,person
W10243,person
W37961,person
W76370,person
W77853,person
W72531,person
W58003,person
W36681,person
W21129,person
W61306,person
W57701,person
W73364,person
W91820,person
W39741,person
W98262,person
W23022,person
W72189,person
W77273,person
W50716,person
W78032,person
W46255,person
W58605,person
W98954,person
W68844,person
W52977,person
W30050,person
W67487,person
W74004,person
W52861,person
W13040,person
W11456,person
W80946,person
W87732,person
W48717,person
W28448,person
W39272,person
W97877,person
W58111,person
W46905,person
W19055,person
W33379,person
W86891,person
W72216,person
W10277,person
W37713,person
W70062,person
W47335,person
W61539,person
W58004,person
W46574,person
W37620,person
W13990,person
W81486,person
W65669,person
W17286,person
W16958,person
W42146,person
W41580,person
W59704,person
W17440,person
W79801,person
W58737,person
W66485,person
W24211,person
W26033,person
W36433,person
W91530,person
W85379,person
W35275,person
W89315,person
W59572,person
W41084,person
W93828,person
W91891,person
W71770,person
W75852,person
W66502,person
W82531,person
W11771,person
W13161,person
W26629,person
W32196,person
W30626,person
W89229,person
W89241,person
W45852,person
W64789,person
W44057,person
W15092,person
W31812,person
W20103,person
W72770,person
W54719,person
W97704,person
W58148,person
W11232,person
W15977,person
W80521,person
W68086,person
W89977,person
W50649,person
W40360,person
W37033,person
W96862,person
W27969,person
W79355,person
W50950,person
W53457,person
W58900,person
W83397,person
W54667,person
W12463,person
W47410,person
W59202,person
W35465,person
W19281,person
W65390,person
W40634,person
W40157,person
W47068,person
W86924,person
W93136,person
W17099,person
W14822,person
W63766,person
W76944,person
W27636,person
W96244,person
W26861,person
W80985,person
W53411,person
W99298,person
W45683,person
W89757,person
W31117,person
W23249,person
W49210,person
W33271,person
W78251,person
W63997,person
W58787,person
W78604,person
W65038,person
W49286,person
W86875,person
W57889,person
W59593,person
W13935,person
W20738,person
W47629,person
W13865,person
W25586,person
W93735,person
W68942,person
W28817,person
W56562,person
W56375,person
W39826,person
W10933,person
W53573,person
W16700,person
W25612,person
W38065,person
W69839,person
W66810,person
W97750,person
W97793,person
W79761,person
W46724,person
W14214,person
W48175,person
W11210,person
W92599,person
W73482,person
W27426,person
W96499,person
W78661,person
W59179,person
W16551,person
W68517,person
W67342,person
W31166,person
W51049,person
W13307,person
W27286,person
W22466,person
W43751,person
W14124,person
W56154,person
W80262,person
W79423,person
W39666,person
W95467,person
W41680,person
W68143,person
W58808,person
W80376,person
W77003,person
W11356,person
W73177,person
W61891,person
W79731,person
W48619,person
W14062,person
W48250,person
W83549,person
W95068,person
W19781,person
W20089,person
W32858,person
W55140,person
W70226,person
W58867,person
W74670,person
W48877,person
W87075,person
W71425,person
W12614,person
W83382,person
W29522,person
W16783,person
W60828,person
W97357,person
W70455,person
W62284,person
W98927,person
W86137,person
W83710,person
W83134,person
W90928,person
W13379,person
W53963,person
W98214,person
W36837,person
W12703,person
W91704,person
W46694,person
W36130,person
W61111,person
W91833,person
W18269,person
W22607,person
W18389,person
W26917,person
W43556,person
W27553,person
W41726,person
W98761,person
W76629,person
W76004,person
W62373,person
W66743,person
W72838,person
W36480,person
W38780,person
W85325,person
W12251,person
W97971,person
W55077,person
W47923,person
W74435,person
W36929,person
W34369,person
W54278,person
W78758,person
W59672,person
W82428,person
W20402,person
W88605,person
W92359,person
W74465,person
W15810,person
W22793,person
W11217,person
W45726,person
W36599,person
W36601,person
W55705,person
W21645,person
W53066,person
W44909,person
W19433,person
W79912,person
W25956,person
W21744,person
W30544,person
W17481,person
W65411,person
W27559,person
W15636,person
W74811,person
W39972,person
W80601,person
W21093,person
W14025,person
W66595,person
W16709,person
W88434,person
W67382,person
W15642,person
W19293,person
W13792,person
W13812,person
W54055,person
W40011,person
W62133,person
W34543,person
W81693,person
W48999,person
W20810,person
W40233,person
W90907,person
W80460,person
W29787,person
W75659,person
W50182,person
W34099,person
W24026,person
W42393,person
W45747,person
W43907,person
W90912,person
W98502,person
W38153,person
W25140,person
W41405,person
W35550,person
W76729,person
W25938,person
W70822,person
W41793,person
W39977,person
W21641,person
W57926,person
W93014,person
W82364,person
W18027,person
W98423,person
W47695,person
W61706,person
W87909,person
W41724,person
W94924,person
W42639,person
W56242,person
W42379,person
W22147,person
W62761,person
W25150,person
W57200,person
W74116,person
W35865,person
W15394,person
W52007,person
W43374,person
W13059,person
W22546,person
W23780,person
W97214,person
W55232,person
W32442,person
W86588,person
W23529,person
W62782,person
W91090,person
W53187,person
W64174,person
W52292,person
W92775,person
W19930,person
W32517,person
W16629,person
W66060,person
W58850,person
W23430,person
W56677,person
W60353,person
W66757,person
W53674,person
W51094,person
W67169,person
W59198,person
W27422,person
W57668,person
W61207,person
W40300,person
W94029,person
W56553,person
W16997,person
W13649,person
W73820,person
W28890,person
W87311,person
W12211,person
W15053,person
W84834,person
W35799,person
W20594,person
W64666,person
W12430,person
W78060,person
W59639,person
W80708,person
W66375,person
W50678,person
W95950,person
W21376,person
W63109,person
W81993,person
W92322,person
W45267,person
W96720,person
W81341,person
W14374,person
W13149,person
W79452,person
W79824,person
W63658,person
W83276,person
W19925,person
W93796,person
W37308,person
W17661,person
W49073,person
W20658,person
W37746,person
W70504,person
W67361,person
W35153,person
W39278,person
W72959,person
W61966,person
W67147,person
W87654,person
W86928,person
W26460,person
W37017,person
W68038,person
W70081,person
W48068,person
W79581,person
W73099,person
W11031,person
W18363,person
W34230,person
W52594,person
W63948,person
W87584,person
W95614,person
W36484,person
W49024,person
W65149,person
W55037,person
W11022,person
W17439,person
W28653,person
W55133,person
W67413,person
W81424,person
W35212,person
W82125,person
W95944,person
W26229,person
W54179,person
W47941,person
W91854,person
W94524,person
W28308,person
W24823,person
W48829,person
W99821,person
W70003,person
W49188,person
W65387,person
W50670,person
W15484,person
W73954,person
W64295,person
W57742,person
W78569,person
W57071,person
W52818,person
W25367,person
W44070,person
W54687,person
W82440,person
W59997,person
W97560,person
W43118,person
W86056,person
W86477,person
W68458,person
W58137,person
W23053,person
W51892,person
W18041,person
W98709,person
W91867,person
W69109,person
W90154,person
W24329,person
W88651,person
W88074,person
W86386,person
W32128,person
W99244,person
W11358,person
W91297,person
W90008,person
W78011,person
W68373,person
W31195,person
W83747,person
W42308,person
W66014,person
W45053,person
W99892,person
W42936,person
W73780,person
W36864,person
W10479,person
W23102,person
W78584,person
W84864,person
W92994,person
W36212,person
W16278,person
W29170,person
W11772,person
W83227,person
W99670,person
W96311,person
W39291,person
W30571,person
W65289,person
W10128,person
W33985,person
W55406,person
W51620,person
W49041,person
W71168,person
W37158,person
W62060,person
W76767,person
W85891,person
W96361,person
W18704,person
W36428,person
W17984,person
W94523,person
W96630,person
W73330,person
W44482,person
W66130,person
W74574,person
W88357,person
W45117,person
W58020,person
W43964,person
W12580,person
W31298,person
W69643,person
W23442,person
W49895,person
W84637,person
W51161,person
W56480,person
W78979,person
W88760,person
W54941,person
W15309,person
W80653,person
W64546,person
W95806,person
W67961,person
W52356,person
W82686,person
W28037,person
W39114,person
W10945,person
W71930,person
W42693,person
W53169,person
W52106,person
W28772,person
W96189,person
W67027,person
W17876,person
W46466,person
W88022,person
W66630,person
W81796,person
W99635,person
W50281,person
W95807,person
W65305,person
W64042,person
W15364,person
W35358,person
W71005,person
W25954,person
W65926,person
W84642,person
W60155,person
W69148,person
W57068,person
W65802,person
W84932,person
W31159,person
W68323,person
W43616,person
W63304,person
W86674,person
W92940,person
W37012,person
W39949,person
W88387,person
W54880,person
W10369,person
W61404,person
W88262,person
W18932,person
W26163,person
W74133,person
W14179,person
W85335,person
W93858,person
W58038,person
W73662,person
W17926,person
W90176,person
W70502,person
W56618,person
W92005,person
W12725,person
W82927,person
W26319,person
W61680,person
W11328,person
W98200,person
W34750,person
W63713,person
W53035,person
W68446,person
W78157,person
W11344,person
W99783,person
W10398,person
W88279,person
W98082,person
W34388,person
W90855,person
W14371,person
W55425,person
W56961,person
W80406,person
W37683,person
W37109,person
W98424,person
W81540,person
W78464,person
W24807,person
W53092,person
W87278,person
W30825,person
W20271,person
W53453,person
W56062,person
W12426,person
W87583,person
W99903,person
W34898,person
W91896,person
W91507,person
W89061,person
W93392,person
W51690,person
W10052,person
W14832,person
W48522,person
W43173,person
W82034,person
W12419,person
W26351,person
W40484,person
W30710,person
W34828,person
W20022,person
W91279,person
W33233,person
W12164,person
W37851,person
W29923,person
W78989,person
W92476,person
W75642,person
W79182,person
W43693,person
W31304,person
W65452,person
W23502,person
W79018,person
W95774,person
W88400,person
W58675,person
W45001,person
W16710,person
W17903,person
W18455,person
W45560,person
W81110,person
W20433,person
W74326,person
W45829,person
W96667,person
W61508,person
W39227,person
W74143,person
W65609,person
W30302,person
W25772,person
W85380,person
W76766,person
W94916,person
W61952,person
W53386,person
W70150,person
W42952,person
W53110,person
W92459,person
W21771,person
W32050,person
W43068,person
W90031,person
W88480,person
W82587,person
W20635,person
W40812,person
W16515,person
W39540,person
W46416,person
W15963,person
W75450,person
W27347,person
W12634,person
W85924,person
W43692,person
W89123,person
W22393,person
W29011,person
W21605,person
W83245,person
W12023,person
W58424,person
W57603,person
W13694,person
W83285,person
W34854,person
W80569,person
W24744,person
W71747,person
W97755,person
W60951,person
W86832,person
W35031,person
W30235,person
W90538,person
W30174,person
W81687,person
W97063,person
W64642,person
W37228,person
W38713,person
W12789,person
W41900,person
W55945,person
W72266,person
W28250,person
W47746,person
W22913,person
W38244,person
W56612,person
W41627,person
W66968,person
W28305,person
W87010,person
W17568,person
W34758,person
W30735,person
W25530,person
W64152,person
W32515,person
W15666,person
W14305,person
W18044,person
W46531,person
W19191,person
W50822,person
W75837,person
W91285,person
W29014,person
W36916,person
W30340,person
W82585,person
W35662,person
W19378,person
W52781,person
W88743,person
W80556,person
W55744,person
W17199,person
W85279,person
W91506,person
W59462,person
W47881,person
W80141,person
W89421,person
W23066,person
W84090,person
W58437,person
W40579,person
W41008,person
W30552,person
W35880,person
W90245,person
W89503,person
W41054,person
W43863,person
W41040,person
W14862,person
W19085,person
W20467,person
W39048,person
W18074,person
W52741,person
W43813,person
W83916,person
W80377,person
W94434,person
W94630,person
W34355,person
W55803,person
W29911,person
W27647,person
W83651,person
W89807,person
W50423,person
W36655,person
W10438,person
W62399,person
W41410,person
W36553,person
W90797,person
W21754,person
W65595,person
W30761,person
W74256,person
W54706,person
W97667,person
W89935,person
W16970,person
W79405,person
W89763,person
W45698,person
W51471,person
W92039,person
W49167,person
W83224,person
W23879,person
W15707,person
W78709,person
W82405,person
W22646,person
W77409,person
W59391,person
W87923,person
W70473,person
W20628,person
W57484,person
W20065,person
W64310,person
W39477,person
W84331,person
W91840,person
W76600,person
W99546,person
W66632,person
W48799,person
W55344,person
W44910,person
W90018,person
W90413,person
W92427,person
W71332,person
W18945,person
W54682,person
W28139,person
W72366,person
W46140,person
W26203,person
W26431,person
W93234,person
W74450,person
W95966,person
W47205,person
W73771,person
W14597,person
W23859,person
W80804,person
W49165,person
W85072,person
W11831,person
W36442,person
W39065,person
W71966,person
W11759,person
W18863,person
W55520,person
W67944,person
W70291,person
W16889,person
W42964,person
W26041,person
W92414,person
W86920,person
W35214,person
W54731,person
W89944,person
W47456,person
W57808,person
W51731,person
W89395,person
W56391,person
W20379,person
W11520,person
W50600,person
W53304,person
W58289,person
W66628,person
W57003,person
W41274,person
W47163,person
W37369,person
W89651,person
W85427,person
W62691,person
W17769,person
W81859,person
W87579,person
W40353,person
W19873,person
W84217,person
W33252,person
W99332,person
W38173,person
W78428,person
W55708,person
W82655,person
W20088,person
W76075,person
W20837,person
W90946,person
W20060,person
W73609,person
W14493,person
W88759,person
W35843,person
W38450,person
W83787,person
W79532,person
W35752,person
W26201,person
W26824,person
W23915,person
W24784,person
W92438,person
W62418,person
W47649,person
W43349,person
W14134,person
W97411,person
W37733,person
W63034,person
W90888,person
W28748,person
W75745,person
W18869,person
W85931,person
W37860,person
W38937,person
W64505,person
W89048,person
W82991,person
W29845,person
W23142,person
W34961,person
W19264,person
W91487,person
W21297,person
W46333,person
W71897,person
W62335,person
W75124,person
W90496,person
W88194,person
W35129,person
W80822,person
W54225,person
W45831,person
W69799,person
W82705,person
W31099,person
W62800,person
W26407,person
W70982,person
W65469,person
W20759,person
W51335,person
W41370,person
W83943,person
W24536,person
W48793,person
W38931,person
W65295,person
W68144,person
W66933,person
W10561,person
W31816,person
W71855,person
W77850,person
W97925,person
W20002,person
W16270,person
W33479,person
W36768,person
W62792,person
W29283,person
W83323,person
W37409,person
W33931,person
W47619,person
W74479,person
W79092,person
W48617,person
W75101,person
W10564,person
W74238,person
W15928,person
W72934,person
W68473,person
W90350,person
W81027,person
W23468,person
W99479,person
W16576,person
W96424,person
W20431,person
W73557,person
W37527,person
W33920,person
W95668,person
W38492,person
W52306,person
W83606,person
W19412,person
W50032,person
W11801,person
W30255,person
W98958,person
W91624,person
W18613,person
W98998,person
W24607,person
W22798,person
W65905,person
W87963,person
W55095,person
W82915,person
W71016,person
W14346,person
W11848,person
W22230,person
W34978,person
W63331,person
W23826,person
W72020,person
W59005,person
W30742,person
W47261,person
W39010,person
W18598,person
W95780,person
W49122,person
W27801,person
W41754,person
W34971,person
W85200,person
W41881,person
W38735,person
W47083,person
W35699,person
W35458,person
W86554,person
W90986,person
W34904,person
W67566,person
W87331,person
W37428,person
W28228,person
W53333,person
W97416,person
W20850,person
W36417,person
W35207,person
W50065,person
W90507,person
W90754,person
W81764,person
W14952,person
W50414,person
W61988,person
W47764,person
W76153,person
W37792,person
W29420,person
W16525,person
W60090,person
W10749,person
W43523,person
W39590,person
W33480,person
W25075,person
W32441,person
W51188,person
W54307,person
W71206,person
W68146,person
W46248,person
W84104,person
W68633,person
W12716,person
W41691,person
W34492,person
W12413,person
W82345,person
W41057,person
W29383,person
W21757,person
W35019,person
W66121,person
W23283,person
W74799,person
W23286,person
W29561,person
W32843,person
W13266,person
W48235,person
W82602,person
W59001,person
W43963,person
W35116,person
W17899,person
W36625,person
W58979,person
W68352,person
W22997,person
W13766,person
W72939,person
W41875,person
W32538,person
W49194,person
W34912,person
W60301,person
W16017,person
W97582,person
W73247,person
W65923,person
W50496,person
W13711,person
W82763,person
W59763,person
W15778,person
W46044,person
W14184,person
W68366,person
W74473,person
W85132,person
W47501,person
W19209,person
W14149,person
W92269,person
W18888,person
W58078,person
W46718,person
W73953,person
W40883,person
W41534,person
W59011,person
W52773,person
W57578,person
W66834,person
W48245,person
W71524,person
W99229,person
W47707,person
W14814,person
W61810,person
W98210,person
W65359,person
W30322,person
W22635,person
W17344,person
W62702,person
W61707,person
W17865,person
W54488,person
W90894,person
W12988,person
W45168,person
W68750,person
W93388,person
W41287,person
W84297,person
W86204,person
W14888,person
W15179,person
W34097,person
W71595,person
W66888,person
W68708,person
W18332,person
W59165,person
W25994,person
W48898,person
W64741,person
W97218,person
W95703,person
W16000,person
W45026,person
W95505,person
W33260,person
W67998,person
W90755,person
W69888,person
W21481,person
W35241,person
W21516,person
W95812,person
W27857,person
W67139,person
W84065,person
W18526,person
W29088,person
W15110,person
W47662,person
W70336,person
W23256,person
W79971,person
W20697,person
W37919,person
W41154,person
W23913,person
W62539,person
W92615,person
W86849,person
W34609,person
W89725,person
W59513,person
W29629,person
W20260,person
W21770,person
W56998,person
W57643,person
W57492,person
W98556,person
W43779,person
W21435,person
W29023,person
W17852,person
W23265,person
W31475,person
W49793,person
W13957,person
W22717,person
W41897,person
W86169,person
W69079,person
W16472,person
W79811,person
W87372,person
W69514,person
W33006,person
W88703,person
W97204,person
W73035,person
W42924,person
W98518,person
W13633,person
W55434,person
W82757,person
W54784,person
W57705,person
W59059,person
W17194,person
W81072,person
W75273,person
W18882,person
W48032,person
W46197,person
W85811,person
W43254,person
W52040,person
W80018,person
W28142,person
W51574,person
W10212,person
W99488,person
W63903,person
W17152,person
W68888,person
W76771,person
W66304,person
W13189,person
W99968,person
W38737,person
W78542,person
W71350,person
W24547,person
W97748,person
W66070,person
W34083,person
W99633,person
W10717,person
W17435,person
W35727,person
W81630,person
W20956,person
W37884,person
W86039,person
W63623,person
W27369,person
W58686,person
W49067,person
W47291,person
W10573,person
W69067,person
W62751,person
W88832,person
W76183,person
W52142,person
W73721,person
W87574,person
W38625,person
W56253,person
W27307,person
W10343,person
W36986,person
W20226,person
W13681,person
W15420,person
W89805,person
W27055,person
W96111,person
W12131,person
W31907,person
W36076,person
W59664,person
W71752,person
W78059,person
W31072,person
W50029,person
W85519,person
W20142,person
W75904,person
W70287,person
W41355,person
W60777,person
W78577,person
W13973,person
W23974,person
W14169,person
W46776,person
W16864,person
W52505,person
W17781,person
W84889,person
W16587,person
W86446,person
W39673,person
W62739,person
W60732,person
W63124,person
W51698,person
W92584,person
W66129,person
W95899,person
W94515,person
W79161,person
W43195,person
W93625,person
W61262,person
W50126,person
W60292,person
W65055,person
W45011,person
W37040,person
W12759,person
W83863,person
W61294,person
W96564,person
W88312,person
W18290,person
W11063,person
W47520,person
W40744,person
W77373,person
W56024,person
W74585,person
W28504,person
W62039,person
W60747,person
W51394,person
W87347,person
W65454,person
W78869,person
W87290,person
W48057,person
W60872,person
W78502,person
W46297,person
W39722,person
W31058,person
W70437,person
W39996,person
W45222,person
W25804,person
W90038,person
W69634,person
W37606,person
W72204,person
W86474,person
W95373,person
W88031,person
W39151,person
W62868,person
W31000,person
W66025,person
W83448,person
W23717,person
W59940,person
W33664,person
W29045,person
W52333,person
W69659,person
W41959,person
W10645,person
W54379,person
W97535,person
W42826,person
W40176,person
W23342,person
W73629,person
W87522,person
W91391,person
W33922,person
W94342,person
W96607,person
W90860,person
W23446,person
W15293,person
W75055,person
W60993,person
W40018,person
W22707,person
W81485,person
W66038,person
W34919,person
W18993,person
W51444,person
W10043,person
W42033,person
W63487,person
W64071,person
W65715,person
W78645,person
W36935,person
W26422,person
W61554,person
W51192,person
W22103,person
W82876,person
W69105,person
W48666,person
W14388,person
W17167,person
W44124,person
W12905,person
W90149,person
W78113,person
W87089,person
W34599,person
W14411,person
W31163,person
W62742,person
W44710,person
W12332,person
W14155,person
W99388,person
W43979,person
W35415,person
W46076,person
W35655,person
W92088,person
W83562,person
W28796,person
W83597,person
W46011,person
W72101,person
W82145,person
W43187,person
W23954,person
W74588,person
W50028,person
W49925,person
W12569,person
W86077,person
W68286,person
W75834,person
W39581,person
W85235,person
W38364,person
W59946,person
W69139,person
W46198,person
W99856,person
W90421,person
W75969,person
W57519,person
W55861,person
W57612,person
W38805,person
W68390,person
W96526,person
W75413,person
W20289,person
W37068,person
W91360,person
W60263,person
W26564,person
W82498,person
W88366,person
W68273,person
W21850,person
W27805,person
W40623,person
W75600,person
W61199,person
W79916,person
W83571,person
W94301,person
W30629,person
W85677,person
W75281,person
W18578,person
W40660,person
W93454,person
W93243,person
W21693,person
W44600,person
W60742,person
W40023,person
W46463,person
W25991,person
W16002,person
W48052,person
W72532,person
W98798,person
W92111,person
W21197,person
W55286,person
W49246,person
W34000,person
W73410,person
W24105,person
W15393,person
W22806,person
W44554,person
W58154,person
W41785,person
W42508,person
W73129,person
W30352,person
W73812,person
W64780,person
W53781,person
W28127,person
W21784,person
W41034,person
W71274,person
W37394,person
W78008,person
W17365,person
W36987,person
W91484,person
W78592,person
W52334,person
W81271,person
W80105,person
W62027,person
W42378,person
W75577,person
W15610,person
W89628,person
W75521,person
W75187,person
W81987,person
W67446,person
W90530,person
W50462,person
W40887,person
W73412,person
W46773,person
W13218,person
W78125,person
W49397,person
W66246,person
W96524,person
W51519,person
W97746,person
W42456,person
W68795,person
W84110,person
W40071,person
W70141,person
W30079,person
W80424,person
W27031,person
W98542,person
W74281,person
W96484,person
W38669,person
W31009,person
W28826,person
W46789,person
W51576,person
W39979,person
W69624,person
W41998,person
W16040,person
W71265,person
W32027,person
W53475,person
W92339,person
W48173,person
W63004,person
W45640,person
W59086,person
W14787,person
W42483,person
W76721,person
W18161,person
W90072,person
W76739,person
W19375,person
W74334,person
W78881,person
W47631,person
W19973,person
W47872,person
W24782,person
W62706,person
W56362,person
W29150,person
W63039,person
W75054,person
W88787,person
W46208,person
W20961,person
W70902,person
W16572,person
W94616,person
W20562,person
W30759,person
W59265,person
W46990,person
W42200,person
W14844,person
W81663,person
W20321,person
W36613,person
W51730,person
W24475,person
W44722,person
W64180,person
W75784,person
W97151,person
W29258,person
W52422,person
W82517,person
W28865,person
W75137,person
W67092,person
W36063,person
W15714,person
W47486,person
W90974,person
W53231,person
W92904,person
W80458,person
W62484,person
W45379,person
W56616,person
W26486,person
W32808,person
W57863,person
W72648,person
W64835,person
W26314,person
W20005,person
W23413,person
W55026,person
W93729,person
W61400,person
W85605,person
W54857,person
W85745,person
W64156,person
W88892,person
W88384,person
W42137,person
W28314,person
W77359,person
W43294,person
W43796,person
W61635,person
W70940,person
W50737,person
W79988,person
W81497,person
W57573,person
W99454,person
W77891,person
W23760,person
W71784,person
W74052,person
W60613,person
W65058,person
W24486,person
W49748,person
W59481,person
W68738,person
W73133,person
W53922,person
W99687,person
W40959,person
W42506,person
W44403,person
W33628,person
W28906,person
W69419,person
W71910,person
W41432,person
W11106,person
W54283,person
W51435,person
W24456,person
W37892,person
W65433,person
W56621,person
W71914,person
W11164,person
W27239,person
W98990,person
W26852,person
W66733,person
W44053,person
W82857,person
W80873,person
W39644,person
W27453,person
W10050,person
W85518,person
W39852,person
W86878,person
W23623,person
W50256,person
W11160,person
W92806,person
W92545,person
W97613,person
W89452,person
W45541,person
W58325,person
W13364,person
W81496,person
W78370,person
W98770,person
W77667,person
W86638,person
W66653,person
W44037,person
W32665,person
W15554,person
W81201,person
W77698,person
W55728,person
W66745,person
W96211,person
W67861,person
W12803,person
W29870,person
W52031,person
W45697,person
W16854,person
W80874,person
W33352,person
W76335,person
W74923,person
W42542,person
W23295,person
W43894,person
W51520,person
W78096,person
W79579,person
W35837,person
W13078,person
W92470,person
W36846,person
W40221,person
W14907,person
W91914,person
W43993,person
W57479,person
W30058,person
W86506,person
W31394,person
W79830,person
W38046,person
W27462,person
W16084,person
W30425,person
W87564,person
W87489,person
W39180,person
W58421,person
W73833,person
W59643,person
W37094,person
W26081,person
W27083,person
W55156,person
W65921,person
W17714,person
W83874,person
W93642,person
W72412,person
W22576,person
W47914,person
W64192,person
W53033,person
W91047,person
W37006,person
W99893,person
W18222,person
W51216,person
W27028,person
W19580,person
W21959,person
W56165,person
W32217,person
W56423,person
W70123,person
W99338,person
W27345,person
W24860,person
W48459,person
W88998,person
W58958,person
W66276,person
W67343,person
W70334,person
W42086,person
W73916,person
W54465,person
W16559,person
W67634,person
W10372,person
W16420,person
W40629,person
W85930,person
W15589,person
W87699,person
W98015,person
W63967,person
W76179,person
W98046,person
W96736,person
W31779,person
W63715,person
W10814,person
W30186,person
W23319,person
W61778,person
W73341,person
W88258,person
W26456,person
W42192,person
W49630,person
W29993,person
W86905,person
W15624,person
W83052,person
W41991,person
W89818,person
W95525,person
W16063,person
W27342,person
W16656,person
W33588,person
W60968,person
W33257,person
W75869,person
W34122,person
W96121,person
W49546,person
W24341,person
W80035,person
W28797,person
W59479,person
W94967,person
W38037,person
W84097,person
W59556,person
W71948,person
W76329,person
W69198,person
W49827,person
W76971,person
W35364,person
W66132,person
W38482,person
W96609,person
W41431,person
W77863,person
W70907,person
W38668,person
W32329,person
W52993,person
W25951,person
W27860,person
W58382,person
W82800,person
W53816,person
W94726,person
W87083,person
W47493,person
W42573,person
W77000,person
W35314,person
W73604,person
W68030,person
W91525,person
W18591,person
W93120,person
W44850,person
W22392,person
W50794,person
W90403,person
W23656,person
W45472,person
W29213,person
W92849,person
W12231,person
W46850,person
W67493,person
W57654,person
W77622,person
W24776,person
W76510,person
W67821,person
W86734,person
W82473,person
W63051,person
W92951,person
W34363,person
W18021,person
W87525,person
W11289,person
W46329,person
W94008,person
W62999,person
W96367,person
W18942,person
W70418,person
W61534,person
W14634,person
W85310,person
W72573,person
W92479,person
W50433,person
W36268,person
W34641,person
W12474,person
W21485,person
W60628,person
W71466,person
W49277,person
W48742,person
W27597,person
W71997,person
W53206,person
W46740,person
W95555,person
W52485,person
W19794,person
W12064,person
W16052,person
W35712,person
W57780,person
W30038,person
W71603,person
W90187,person
W92108,person
W53580,person
W96917,person
W19074,person
W32902,person
W62610,person
W17657,person
W14578,person
W27267,person
W46846,person
W29957,person
W72878,person
W48355,person
W65509,person
W26497,person
W40042,person
W56819,person
W76064,person
W15501,person
W27446,person
W37794,person
W60136,person
W67519,person
W13848,person
W91801,person
W96598,person
W11696,person
W42029,person
W15880,person
W30835,person
W53500,person
W87289,person
W23453,person
W34032,person
W99532,person
W67997,person
W16938,person
W46805,person
W88409,person
W89838,person
W26079,person
W21626,person
W53493,person
W49444,person
W35476,person
W65573,person
W72240,person
W17660,person
W87840,person
W33578,person
W31002,person
W25843,person
W51561,person
W12240,person
W78787,person
W57092,person
W36700,person
W71441,person
W93122,person
W89178,person
W91288,person
W77939,person
W80638,person
W37490,person
W58844,person
W18007,person
W62145,person
W59474,person
W13011,person
W90225,person
W44255,person
W97103,person
W85250,person
W10627,person
W97951,person
W23034,person
W83945,person
W77762,person
W91223,person
W27269,person
W11421,person
W48606,person
W96141,person
W90483,person
W11227,person
W31123,person
W91214,person
W51551,person
W79635,person
W30642,person
W96606,person
W92902,person
W21269,person
W29110,person
W60642,person
W96979,person
W69168,person
W11896,person
W38329,person
W57534,person
W85681,person
W88947,person
W65745,person
W68945,person
W74408,person
W21028,person
W87703,person
W92522,person
W77582,person
W38616,person
W70873,person
W86210,person
W12885,person
W97422,person
W72068,person
W25456,person
W68429,person
W73631,person
W18594,person
W85075,person
W75408,person
W67237,person
W66673,person
W12489,person
W85959,person
W75744,person
W70633,person
W79113,person
W70726,person
W81430,person
W92662,person
W61913,person
W61227,person
W19494,person
W99563,person
W75434,person
W41743,person
W20866,person
W52644,person
W77205,person
W49438,person
W50770,person
W57531,person
W59722,person
W97095,person
W84591,person
W91002,person
W20804,person
W44749,person
W77745,person
W17210,person
W48768,person
W74878,person
W82578,person
W53317,person
W31415,person
W61623,person
W27653,person
W96445,person
W16532,person
W81022,person
W30786,person
W51542,person
W69907,person
W19050,person
W74974,person
W48436,person
W74126,person
W33494,person
W50821,person
W43594,person
W48484,person
W53913,person
W84264,person
W49412,person
W69977,person
W20954,person
W45280,person
W12037,person
W89513,person
W83584,person
W22353,person
W52379,person
W23929,person
W12932,person
W99855,person
W86691,person
W64395,person
W47778,person
W15852,person
W49534,person
W65882,person
W13137,person
W91829,person
W34390,person
W27666,person
W75882,person
W29526,person
W14851,person
W73260,person
W26955,person
W25935,person
W67531,person
W38818,person
W58509,person
W73002,person
W15992,person
W64381,person
W33221,person
W54279,person
W47271,person
W64059,person
W76749,person
W19244,person
W60162,person
W42612,person
W88036,person
W48988,person
W67026,person
W31391,person
W71446,person
W16445,person
W40761,person
W81505,person
W25203,person
W24015,person
W97156,person
W50257,person
W91480,person
W30118,person
W20183,person
W44362,person
W20368,person
W78048,person
W61389,person
W66017,person
W89270,person
W56168,person
W28507,person
W89699,person
W37025,person
W68237,person
W35420,person
W30456,person
W96166,person
W42798,person
W47928,person
W36915,person
W99049,person
W31465,person
W89537,person
W87216,person
W98447,person
W13571,person
W43346,person
W86104,person
W44478,person
W67273,person
W96288,person
W81951,person
W52951,person
W49993,person
W64620,person
W46353,person
W33973,person
W22870,person
W87804,person
W67161,person
W78429,person
W29956,person
W50203,person
W46084,person
W99448,person
W73763,person
W14187,person
W53409,person
W54964,person
W21225,person
W65350,person
W78402,person
W61991,person
W61220,person
W15454,person
W82196,person
W28330,person
W92263,person
W14543,person
W82803,person
W71991,person
W71175,person
W20890,person
W49561,person
W33684,person
W76692,person
W52298,person
W24914,person
W20742,person
W64043,person
W95912,person
W16250,person
W34373,person
W27401,person
W95877,person
W69936,person
W84573,person
W22410,person
W86576,person
W20831,person
W86201,person
W11931,person
W69935,person
W47226,person
W52029,person
W22721,person
W76879,person
W60255,person
W63200,person
W79304,person
W31397,person
W65214,person
W69348,person
W66173,person
W14193,person
W23157,person
W46572,person
W14709,person
W52507,person
W52675,person
W88569,person
W36067,person
W50241,person
W40924,person
W84492,person
W36024,person
W27617,person
W60024,person
W75033,person
W99413,person
W23324,person
W98938,person
W43851,person
W25640,person
W98429,person
W85676,person
W66418,person
W14182,person
W53241,person
W34830,person
W58937,person
W78707,person
W75392,person
W49318,person
W95187,person
W76924,person
W22053,person
W13081,person
W14486,person
W20329,person
W16516,person
W12582,person
W53362,person
W74287,person
W43637,person
W65828,person
W36365,person
W72371,person
W29693,person
W68153,person
W32869,person
W75964,person
W99419,person
W87312,person
W31455,person
W32483,person
W27703,person
W48290,person
W25151,person
W85144,person
W95118,person
W18590,person
W53761,person
W74246,person
W92567,person
W67090,person
W38898,person
W17158,person
W96299,person
W76495,person
W86465,person
W76390,person
W61499,person
W28368,person
W64687,person
W30692,person
W65342,person
W88145,person
W17389,person
W45884,person
W12302,person
W28137,person
W82577,person
W75870,person
W37784,person
W41211,person
W69969,person
W63756,person
W20481,person
W35736,person
W34060,person
W66920,person
W21938,person
W68882,person
W28630,person
W56145,person
W67305,person
W56332,person
W66792,person
W79967,person
W51820,person
W36302,person
W92001,person
W19695,person
W98062,person
W79563,person
W84122,person
W84851,person
W19063,person
W87293,person
W65784,person
W74092,person
W48541,person
W48510,person
W89554,person
W82468,person
W61642,person
W53583,person
W55405,person
W50312,person
W32936,person
W50679,person
W58055,person
W87098,person
W85573,person
W80145,person
W27450,person
W67603,person
W62577,person
W82170,person
W67434,person
W37312,person
W48492,person
W56394,person
W86519,person
W77301,person
W86256,person
W96127,person
W78613,person
W89534,person
W40185,person
W33876,person
W89970,person
W41367,person
W31470,person
W12847,person
W95005,person
W38587,person
W52100,person
W36392,person
W44184,person
W91130,person
W47058,person
W69445,person
W28565,person
W81524,person
W77311,person
W32678,person
W38540,person
W39462,person
W90490,person
W18579,person
W65385,person
W38283,person
W45338,person
W85664,person
W71210,person
W46310,person
W62972,person
W82684,person
W14442,person
W49047,person
W42365,person
W36694,person
W85115,person
W41686,person
W66635,person
W19785,person
W46575,person
W65791,person
W25900,person
W86247,person
W15121,person
W15108,person
W77468,person
W18067,person
W74328,person
W72852,person
W47352,person
W97505,person
W58695,person
W55071,person
W74469,person
W33933,person
W16766,person
W76834,person
W44998,person
W53426,person
W88796,person
W31036,person
W99044,person
W41242,person
W69414,person
W38111,person
W87057,person
W14864,person
W64463,person
W70189,person
W96024,person
W95609,person
W57440,person
W11778,person
W92826,person
W86684,person
W10658,person
W83714,person
W89428,person
W32320,person
W30781,person
W33940,person
W23633,person
W36491,person
W49837,person
W37599,person
W50292,person
W52074,person
W44359,person
W39145,person
W55027,person
W81625,person
W81682,person
W79332,person
W90982,person
W58838,person
W71090,person
W27924,person
W96304,person
W82875,person
W19508,person
W36190,person
W88283,person
W31995,person
W93701,person
W81715,person
W59294,person
W99256,person
W92725,person
W78307,person
W82155,person
W68843,person
W38549,person
W27858,person
W45367,person
W11533,person
W82677,person
W93995,person
W38053,person
W27573,person
W19387,person
W23244,person
W74401,person
W50392,person
W18396,person
W64727,person
W79956,person
W90044,person
W94980,person
W12912,person
W37872,person
W78557,person
W40524,person
W23045,person
W49107,person
W20902,person
W40364,person
W52841,person
W24499,person
W11657,person
W22443,person
W18133,person
W12312,person
W14197,person
W23825,person
W32445,person
W44107,person
W16720,person
W87175,person
W10300,person
W49216,person
W96748,person
W22804,person
W49852,person
W37594,person
W57758,person
W74459,person
W53468,person
W92483,person
W47570,person
W70025,person
W45307,person
W60581,person
W97274,person
W89623,person
W77554,person
W10566,person
W79048,person
W43121,person
W97346,person
W42753,person
W76396,person
W52582,person
W89924,person
W94028,person
W75682,person
W19467,person
W70325,person
W13223,person
W12519,person
W53121,person
W42718,person
W73586,person
W29820,person
W52503,person
W92840,person
W33675,person
W10315,person
W80939,person
W99265,person
W88398,person
W99051,person
W53841,person
W61982,person
W20935,person
W29828,person
W31112,person
W28631,person
W42091,person
W92561,person
W68224,person
W30948,person
W41267,person
W64236,person
W52057,person
W28174,person
W96362,person
W14593,person
W13823,person
W60208,person
W22350,person
W77593,person
W69082,person
W15856,person
W70933,person
W85322,person
W76890,person
W54071,person
W48035,person
W27276,person
W13184,person
W73744,person
W15916,person
W87025,person
W50497,person
W83753,person
W17391,person
W81434,person
W91937,person
W39693,person
W37375,person
W20940,person
W75865,person
W76850,person
W44330,person
W54215,person
W22073,person
W88982,person
W46370,person
W81581,person
W27043,person
W56385,person
W14291,person
W25284,person
W31991,person
W29084,person
W94031,person
W24232,person
W28554,person
W84394,person
W22068,person
W59417,person
W52700,person
W68796,person
W31777,person
W90054,person
W91623,person
W58011,person
W22890,person
W17688,person
W94095,person
W37116,person
W54157,person
W71473,person
W97450,person
W10322,person
W69948,person
W15087,person
W22903,person
W54446,person
W69933,person
W59984,person
W68545,person
W36049,person
W39904,person
W91422,person
W96072,person
W60357,person
W63754,person
W19547,person
W64483,person
W29791,person
W76705,person
W37899,person
W87272,person
W83328,person
W17192,person
W94333,person
W76650,person
W49381,person
W71975,person
W64100,person
W45331,person
W86550,person
W45740,person
W32983,person
W62302,person
W68135,person
W56101,person
W69309,person
W45236,person
W43605,person
W46632,person
W24511,person
W93047,person
W46655,person
W92765,person
W46626,person
W22140,person
W77958,person
W56262,person
W46672,person
W24335,person
W91533,person
W44828,person
W23956,person
W69538,person
W63699,person
W29238,person
W46451,person
W44304,person
W12512,person
W43358,person
W24935,person
W59367,person
W21599,person
W19447,person
W70767,person
W41302,person
W25084,person
W34879,person
W14473,person
W92808,person
W60569,person
W78859,person
W54462,person
W62306,person
W59142,person
W47274,person
W90804,person
W94535,person
W29944,person
W90661,person
W27587,person
W70983,person
W37307,person
W20744,person
W25465,person
W65340,person
W55459,person
W86036,person
W80956,person
W37565,person
W97048,person
W29742,person
W70214,person
W23844,person
W85094,person
W30886,person
W27433,person
W75447,person
W29686,person
W86023,person
W99023,person
W63536,person
W27652,person
W73618,person
W57583,person
W30527,person
W47862,person
W63326,person
W18843,person
W30791,person
W23736,person
W71872,person
W81478,person
W79361,person
W99950,person
W24421,person
W76256,person
W13123,person
W27333,person
W82233,person
W64287,person
W31602,person
W33458,person
W27693,person
W93499,person
W30371,person
W68488,person
W94436,person
W19875,person
W24839,person
W59855,person
W21152,person
W19011,person
W25326,person
W75103,person
W41345,person
W90464,person
W17014,person
W83201,person
W17231,person
W38088,person
W20159,person
W80607,person
W88213,person
W31836,person
W44957,person
W35605,person
W58934,person
W53604,person
W65593,person
W40767,person
W60730,person
W52148,person
W83709,person
W40881,person
W16437,person
W15731,person
W69074,person
W62914,person
W14573,person
W50976,person
W42910,person
W86500,person
W69622,person
W66488,person
W58277,person
W35850,person
W70187,person
W12114,person
W68433,person
W74411,person
W59029,person
W33137,person
W93333,person
W44278,person
W74422,person
W64108,person
W66611,person
W86938,person
W30929,person
W42805,person
W93943,person
W11203,person
W38069,person
W73188,person
W52692,person
W40328,person
W45398,person
W20492,person
W18723,person
W83669,person
W65594,person
W66529,person
W36774,person
W40070,person
W56776,person
W86671,person
W58771,person
W50697,person
W77454,person
W87590,person
W84185,person
W33878,person
W67590,person
W34476,person
W36624,person
W79272,person
W34973,person
W44651,person
W28626,person
W73668,person
W56216,person
W76668,person
W34862,person
W43517,person
W81985,person
W81825,person
W95250,person
W32800,person
W36458,person
W76528,person
W39583,person
W63263,person
W24038,person
W60253,person
W51304,person
W24183,person
W35838,person
W74660,person
W91886,person
W59111,person
W23546,person
W60827,person
W36367,person
W39073,person
W15337,person
W32564,person
W43485,person
W83461,person
W80883,person
W93421,person
W77810,person
W18748,person
W85113,person
W48823,person
W31050,person
W13086,person
W38791,person
W43892,person
W48653,person
W77546,person
W87865,person
W98240,person
W82853,person
W82472,person
W74482,person
W76356,person
W21394,person
W90581,person
W98456,person
W11297,person
W68123,person
W74491,person
W53972,person
W73531,person
W53003,person
W47661,person
W17553,person
W87363,person
W79560,person
W37681,person
W27290,person
W61820,person
W57843,person
W25116,person
W98373,person
W18916,person
W40303,person
W10047,person
W46038,person
W17826,person
W15675,person
W80827,person
W22902,person
W43602,person
W22302,person
W53926,person
W14047,person
W32088,person
W18934,person
W81636,person
W53545,person
W95760,person
W16548,person
W17992,person
W73209,person
W42974,person
W95512,person
W84650,person
W41009,person
W21278,person
W47219,person
W58464,person
W97201,person
W73314,person
W97104,person
W94863,person
W81192,person
W70326,person
W18260,person
W99611,person
W19733,person
W28267,person
W42822,person
W16266,person
W10640,person
W99840,person
W90365,person
W80580,person
W65440,person
W73944,person
W43731,person
W57660,person
W44547,person
W52799,person
W49910,person
W73819,person
W99460,person
W70893,person
W87991,person
W81475,person
W30115,person
W81040,person
W75283,person
W73892,person
W66667,person
W30429,person
W28810,person
W63123,person
W31864,person
W85646,person
W71004,person
W12962,person
W42255,person
W50310,person
W18659,person
W42210,person
W84193,person
W87081,person
W14721,person
W62528,person
W64770,person
W81180,person
W27344,person
W19398,person
W30091,person
W79379,person
W21248,person
W84046,person
W93925,person
W40917,person
W36936,person
W65444,person
W82031,person
W25135,person
W77684,person
W49751,person
W15396,person
W75624,person
W37869,person
W41802,person
W96075,person
W82647,person
W24678,person
W55462,person
W29619,person
W94323,person
W73734,person
W27531,person
W69816,person
W51992,person
W89888,person
W91024,person
W33765,person
W40844,person
W91742,person
W38389,person
W72764,person
W15613,person
W36667,person
W71952,person
W25926,person
W47550,person
W67810,person
W96887,person
W86658,person
W46266,person
W82298,person
W42421,person
W15451,person
W32347,person
W94865,person
W15607,person
W51165,person
W92665,person
W40957,person
W16835,person
W88325,person
W54530,person
W63151,person
W74870,person
W46565,person
W79645,person
W33738,person
W25638,person
W78631,person
W57416,person
W46970,person
W41418,person
W76287,person
W48081,person
W34343,person
W80337,person
W68312,person
W45680,person
W55613,person
W85341,person
W72937,person
W92227,person
W68404,person
W68594,person
W69573,person
W86461,person
W78466,person
W64668,person
W98857,person
W33151,person
W85796,person
W12009,person
W43199,person
W80891,person
W97689,person
W98064,person
W42093,person
W66554,person
W65503,person
W34085,person
W52968,person
W71647,person
W45144,person
W29440,person
W83699,person
W97311,person
W11889,person
W31133,person
W75475,person
W82202,person
W98585,person
W54507,person
W24848,person
W98610,person
W20947,person
W38907,person
W59442,person
W94653,person
W11953,person
W17363,person
W16729,person
W39107,person
W97909,person
W50899,person
W80015,person
W69253,person
W61461,person
W65710,person
W66394,person
W54503,person
W25215,person
W99990,person
W90179,person
W46027,person
W57161,person
W14903,person
W32286,person
W20100,person
W72699,person
W62126,person
W70661,person
W24777,person
W22706,person
W57533,person
W18596,person
W98848,person
W58106,person
W48544,person
W15564,person
W83956,person
W37426,person
W87499,person
W41145,person
W29149,person
W85042,person
W49533,person
W56307,person
W67330,person
W16676,person
W77533,person
W96323,person
W49762,person
W45894,person
W83986,person
W72334,person
W59418,person
W18076,person
W27792,person
W82690,person
W84843,person
W96139,person
W84643,person
W15895,person
W27215,person
W23936,person
W80398,person
W91416,person
W19355,person
W43418,person
W92026,person
W62139,person
W58672,person
W56038,person
W68959,person
W83316,person
W28524,person
W87885,person
W19665,person
W62527,person
W18206,person
W68875,person
W10770,person
W30977,person
W56104,person
W41488,person
W72941,person
W43525,person
W14029,person
W10635,person
W49001,person
W62514,person
W40775,person
W27309,person
W31135,person
W55386,person
W49770,person
W61388,person
W69029,person
W38157,person
W24152,person
W96611,person
W70014,person
W31082,person
W61996,person
W59443,person
W35442,person
W52242,person
W93757,person
W11011,person
W50830,person
W47598,person
W23366,person
W11879,person
W12340,person
W61697,person
W12260,person
W90351,person
W31102,person
W39006,person
W71225,person
W80272,person
W64664,person
W45045,person
W91953,person
W12206,person
W51168,person
W60801,person
W97525,person
W76479,person
W92023,person
W52172,person
W71458,person
W85974,person
W92524,person
W87268,person
W49145,person
W49156,person
W56163,person
W54046,person
W93405,person
W48146,person
W67682,person
W58162,person
W47499,person
W44011,person
W87082,person
W86926,person
W37264,person
W50738,person
W42809,person
W70091,person
W19147,person
W60987,person
W30695,person
W12227,person
W34065,person
W20586,person
W24727,person
W69747,person
W89974,person
W22759,person
W91369,person
W60820,person
W74723,person
W50143,person
W32897,person
W23287,person
W91044,person
W23032,person
W32506,person
W31955,person
W10932,person
W64307,person
W16034,person
W96523,person
W53635,person
W22176,person
W80945,person
W12837,person
W38342,person
W32165,person
W59717,person
W78221,person
W19320,person
W16623,person
W66684,person
W92070,person
W79603,person
W46947,person
W86156,person
W52280,person
W95090,person
W53507,person
W12842,person
W93951,person
W67938,person
W35866,person
W67125,person
W12287,person
W10028,person
W83794,person
W47445,person
W58877,person
W68885,person
W89624,person
W52336,person
W69102,person
W41106,person
W65856,person
W91326,person
W41638,person
W90527,person
W81190,person
W39413,person
W67256,person
W46029,person
W34258,person
W72346,person
W69494,person
W43617,person
W99173,person
W57657,person
W79439,person
W79497,person
W13700,person
W23916,person
W18285,person
W57713,person
W81028,person
W81915,person
W91534,person
W16330,person
W32117,person
W39475,person
W59141,person
W81656,person
W18527,person
W85780,person
W44126,person
W68593,person
W91681,person
W53380,person
W39009,person
W79815,person
W63574,person
W60104,person
W29824,person
W29439,person
W24127,person
W33710,person
W88267,person
W31606,person
W54383,person
W47362,person
W90780,person
W71426,person
W96258,person
W56543,person
W39600,person
W62116,person
W41230,person
W88656,person
W23439,person
W81877,person
W61167,person
W71120,person
W17056,person
W36464,person
W63701,person
W90275,person
W38851,person
W86711,person
W86312,person
W86012,person
W88527,person
W45567,person
W66570,person
W41794,person
W54546,person
W91097,person
W80084,person
W33442,person
W26706,person
W96348,person
W91412,person
W25037,person
W66569,person
W11853,person
W58999,person
W98123,person
W96572,person
W84987,person
W35262,person
W71286,person
W45601,person
W57530,person
W59085,person
W48373,person
W48058,person
W19579,person
W82862,person
W57895,person
W22754,person
W32720,person
W55432,person
W94026,person
W68412,person
W41884,person
W41014,person
W22698,person
W36494,person
W28975,person
W52259,person
W45753,person
W15687,person
W73809,person
W98249,person
W31664,person
W31267,person
W79104,person
W91655,person
W33782,person
W98587,person
W86164,person
W12194,person
W15560,person
W79099,person
W61074,person
W96513,person
W82799,person
W68270,person
W70532,person
W68360,person
W36633,person
W20010,person
W82172,person
W55643,person
W97504,person
W49506,person
W35251,person
W51990,person
W24609,person
W63764,person
W91546,person
W95025,person
W18903,person
W19149,person
W14569,person
W75728,person
W57316,person
W58879,person
W80243,person
W98019,person
W30087,person
W17989,person
W71590,person
W95967,person
W90670,person
W80557,person
W96097,person
W86047,person
W21580,person
W75480,person
W23055,person
W41270,person
W12045,person
W49213,person
W33193,person
W84941,person
W44794,person
W68026,person
W51862,person
W46886,person
W91187,person
W49230,person
W34261,person
W65294,person
W45911,person
W77552,person
W43157,person
W82444,person
W95411,person
W90747,person
W87395,person
W86143,person
W68302,person
W91476,person
W18263,person
W69422,person
W64781,person
W73373,person
W11010,person
W74069,person
W81224,person
W66311,person
W86844,person
W22096,person
W34018,person
W23586,person
W25617,person
W63928,person
W96168,person
W53599,person
W28076,person
W19693,person
W69065,person
W85080,person
W34145,person
W81153,person
W12583,person
W17109,person
W21191,person
W92273,person
W31850,person
W90762,person
W82543,person
W19401,person
W73506,person
W26084,person
W52922,person
W81777,person
W78284,person
W42762,person
W93456,person
W13480,person
W98568,person
W19395,person
W82285,person
W70908,person
W65062,person
W42097,person
W94209,person
W23568,person
W72718,person
W19780,person
W12516,person
W24803,person
W83267,person
W20582,person
W11126,person
W79480,person
W22089,person
W47126,person
W58303,person
W36414,person
W24528,person
W56338,person
W22061,person
W76317,person
W69731,person
W47868,person
W78376,person
W90021,person
W40462,person
W37993,person
W56758,person
W68906,person
W78167,person
W85254,person
W99742,person
W73171,person
W76831,person
W34504,person
W82398,person
W74988,person
W80676,person
W17470,person
W84362,person
W94085,person
W69761,person
W25318,person
W24881,person
W73799,person
W52012,person
W90113,person
W79543,person
W51157,person
W27644,person
W81828,person
W57699,person
W76556,person
W73688,person
W20946,person
W65925,person
W88238,person
W24929,person
W59168,person
W43890,person
W32099,person
W14005,person
W71122,person
W83680,person
W87255,person
W72812,person
W92923,person
W73903,person
W26838,person
W98144,person
W88340,person
W96080,person
W60203,person
W76990,person
W62809,person
W84783,person
W70858,person
W78393,person
W60918,person
W76738,person
W56053,person
W41078,person
W65975,person
W41887,person
W48102,person
W88520,person
W74729,person
W79445,person
W10615,person
W18557,person
W37018,person
W16394,person
W65376,person
W61036,person
W41625,person
W85178,person
W31934,person
W27996,person
W78330,person
W88240,person
W96227,person
W79792,person
W62924,person
W65481,person
W23620,person
W39323,person
W69805,person
W58886,person
W68838,person
W88547,person
W30301,person
W48716,person
W39169,person
W54068,person
W11029,person
W30313,person
W16495,person
W36172,person
W99272,person
W83801,person
W86647,person
W42392,person
W86338,person
W47262,person
W97585,person
W99322,person
W66184,person
W93115,person
W11534,person
W41997,person
W22835,person
W92827,person
W16555,person
W72157,person
W91244,person
W17033,person
W79127,person
W81578,person
W43166,person
W82290,person
W27064,person
W28743,person
W22086,person
W42981,person
W16934,person
W75407,person
W13881,person
W82650,person
W74456,person
W27723,person
W18983,person
W29326,person
W77518,person
W24993,person
W45198,person
W60417,person
W53748,person
W64974,person
W43197,person
W85204,person
W45827,person
W13867,person
W61622,person
W84878,person
W72272,person
W76435,person
W63512,person
W60040,person
W45306,person
W97463,person
W94720,person
W60385,person
W63796,person
W35386,person
W51817,person
W58184,person
W54790,person
W50758,person
W31978,person
W81221,person
W56691,person
W14854,person
W29683,person
W32113,person
W87322,person
W49712,person
W92736,person
W17669,person
W62462,person
W76934,person
W36195,person
W80310,person
W24573,person
W12094,person
W55229,person
W67417,person
W97775,person
W65172,person
W13551,person
W27829,person
W11472,person
W53564,person
W55633,person
W69097,person
W60026,person
W93107,person
W59530,person
W12937,person
W20013,person
W43449,person
W40212,person
W23782,person
W13261,person
W67834,person
W91030,person
W49270,person
W58687,person
W25996,person
W89359,person
W89783,person
W22974,person
W62270,person
W67006,person
W36867,person
W69386,person
W64821,person
W53902,person
W16840,person
W64735,person
W72121,person
W45790,person
W89954,person
W22882,person
W84993,person
W41031,person
W66189,person
W85274,person
W78395,person
W71566,person
W22548,person
W71706,person
W50211,person
W23485,person
W88188,person
W37778,person
W45979,person
W49294,person
W71431,person
W89190,person
W26335,person
W43660,person
W87683,person
W71089,person
W24255,person
W23880,person
W51213,person
W47696,person
W65268,person
W66424,person
W33042,person
W80835,person
W41653,person
W54885,person
W33525,person
W97830,person
W75917,person
W54035,person
W21142,person
W45480,person
W80410,person
W12445,person
W82249,person
W10339,person
W13875,person
W53249,person
W83378,person
W45437,person
W80052,person
W25619,person
W83954,person
W98951,person
W17464,person
W91849,person
W73971,person
W48677,person
W71169,person
W78413,person
W56732,person
W47728,person
W36282,person
W89673,person
W10193,person
W63463,person
W78653,person
W52120,person
W79395,person
W74324,person
W49844,person
W87443,person
W27091,person
W69759,person
W27061,person
W22167,person
W68282,person
W17411,person
W55847,person
W71322,person
W96747,person
W91636,person
W72752,person
W33242,person
W92834,person
W99435,person
W26814,person
W73236,person
W31220,person
W27314,person
W18215,person
W80380,person
W72916,person
W19735,person
W49260,person
W22851,person
W65627,person
W96120,person
W40614,person
W23411,person
W55444,person
W85509,person
W18583,person
W85242,person
W48655,person
W23842,person
W71401,person
W92962,person
W75097,person
W61303,person
W46442,person
W20897,person
W79234,person
W18411,person
W83857,person
W29464,person
W35909,person
W51528,person
W15213,person
W85574,person
W30363,person
W15796,person
W41013,person
W78978,person
W94993,person
W41346,person
W95564,person
W51684,person
W25714,person
W19285,person
W77374,person
W50708,person
W67224,person
W51989,person
W47960,person
W37220,person
W13203,person
W52561,person
W96066,person
W51179,person
W48671,person
W62946,person
W90377,person
W50557,person
W12750,person
W26342,person
W33715,person
W64131,person
W43606,person
W56309,person
W88044,person
W72408,person
W25088,person
W19916,person
W32851,person
W79089,person
W87629,person
W65418,person
W45103,person
W84469,person
W38007,person
W25597,person
W86064,person
W47380,person
W58014,person
W86593,person
W37054,person
W26976,person
W39486,person
W28718,person
W67975,person
W59386,person
W24552,person
W30069,person
W53184,person
W98399,person
W99192,person
W41830,person
W21444,person
W53425,person
W66041,person
W21172,person
W81377,person
W42486,person
W15313,person
W94940,person
W71607,person
W25201,person
W95550,person
W35175,person
W92853,person
W41473,person
W63466,person
W92785,person
W39668,person
W54562,person
W97123,person
W38394,person
W21420,person
W85186,person
W71693,person
W32737,person
W37914,person
W59438,person
W96879,person
W13319,person
W53212,person
W67548,person
W22052,person
W66938,person
W66010,person
W49522,person
W86716,person
W52925,person
W83456,person
W78982,person
W44629,person
W31700,person
W70192,person
W79531,person
W98537,person
W70482,person
W41082,person
W70942,person
W38652,person
W63723,person
W64688,person
W78663,person
W85577,person
W79203,person
W84925,person
W99752,person
W54844,person
W66902,person
W74829,person
W53179,person
W51844,person
W24832,person
W74070,person
W37485,person
W88102,person
W24480,person
W84958,person
W70013,person
W53581,person
W32108,person
W93382,person
W87291,person
W64177,person
W80445,person
W55272,person
W51755,person
W54568,person
W22590,person
W67193,person
W74424,person
W82726,person
W49849,person
W59695,person
W58427,person
W40250,person
W81379,person
W28898,person
W59671,person
W10401,person
W74678,person
W29583,person
W17414,person
W65236,person
W97392,person
W69825,person
W17831,person
W41325,person
W69999,person
W80865,person
W61387,person
W24330,person
W16307,person
W52805,person
W18380,person
W72783,person
W21501,person
W14376,person
W34845,person
W39736,person
W66284,person
W66915,person
W50453,person
W11723,person
W65161,person
W57018,person
W67130,person
W36260,person
W23133,person
W48397,person
W92340,person
W73509,person
W74485,person
W91335,person
W48185,person
W36298,person
W31750,person
W43976,person
W32734,person
W92453,person
W32404,person
W89393,person
W88430,person
W94457,person
W93703,person
W41162,person
W22375,person
W92816,person
W79995,person
W12039,person
W42270,person
W90110,person
W74534,person
W58873,person
W50946,person
W67364,person
W91644,person
W66814,person
W67549,person
W21698,person
W14673,person
W91256,person
W24670,person
W20312,person
W67764,person
W61890,person
W40498,person
W37750,person
W60130,person
W77892,person
W88308,person
W83995,person
W99481,person
W84808,person
W86621,person
W33584,person
W70894,person
W52218,person
W59281,person
W41818,person
W35323,person
W35423,person
W32955,person
W83841,person
W40348,person
W97191,person
W28310,person
W55417,person
W26775,person
W12663,person
W12622,person
W29003,person
W69070,person
W42260,person
W71360,person
W67648,person
W17226,person
W61307,person
W52874,person
W41404,person
W59404,person
W58109,person
W83106,person
W73665,person
W26241,person
W35279,person
W40453,person
W50601,person
W19504,person
W76306,person
W23068,person
W79356,person
W62813,person
W99500,person
W20378,person
W68503,person
W36262,person
W26971,person
W52548,person
W30361,person
W79580,person
W69846,person
W26416,person
W27237,person
W78951,person
W39895,person
W20493,person
W19884,person
W82476,person
W98615,person
W24553,person
W86927,person
W26643,person
W36648,person
W57628,person
W60125,person
W72031,person
W34566,person
W44789,person
W83719,person
W50425,person
W18717,person
W77462,person
W16305,person
W87155,person
W34386,person
W73715,person
W68770,person
W60644,person
W37779,person
W38788,person
W89493,person
W74353,person
W46625,person
W16419,person
W37717,person
W17975,person
W90384,person
W85202,person
W25374,person
W60685,person
W24513,person
W37151,person
W24720,person
W43373,person
W64341,person
W85555,person
W41327,person
W21680,person
W93886,person
W47940,person
W81231,person
W65001,person
W26450,person
W65153,person
W28147,person
W52289,person
W97320,person
W21816,person
W61472,person
W16333,person
W50766,person
W77005,person
W60807,person
W87906,person
W75174,person
W52262,person
W83310,person
W33018,person
W48812,person
W29492,person
W10545,person
W26345,person
W47911,person
W54004,person
W56229,person
W95125,person
W79318,person
W25440,person
W35494,person
W31639,person
W52985,person
W29024,person
W44501,person
W62538,person
W55175,person
W49624,person
W76744,person
W88595,person
W65240,person
W88565,person
W80023,person
W39040,person
W86822,person
W46516,person
W18509,person
W68452,person
W94239,person
W85473,person
W61296,person
W29389,person
W30564,person
W70408,person
W47338,person
W90927,person
W35763,person
W63672,person
W92577,person
W16312,person
W62557,person
W73741,person
W23647,person
W91873,person
W33053,person
W49332,person
W81395,person
W49134,person
W13718,person
W87450,person
W37831,person
W89813,person
W12723,person
W18808,person
W74156,person
W66231,person
W42388,person
W76580,person
W95630,person
W85477,person
W10625,person
W45842,person
W96515,person
W96717,person
W29777,person
W52205,person
W45566,person
W65459,person
W86643,person
W53764,person
W17620,person
W72356,person
W27348,person
W56545,person
W55248,person
W17795,person
W41608,person
W13111,person
W96475,person
W97155,person
W76863,person
W24352,person
W69885,person
W40903,person
W82945,person
W96994,person
W82239,person
W39212,person
W98231,person
W74335,person
W87814,person
W86453,person
W57665,person
W82832,person
W23280,person
W41647,person
W29151,person
W25646,person
W74679,person
W71314,person
W85434,person
W74189,person
W54363,person
W68880,person
W61335,person
W26506,person
W65823,person
W41256,person
W58647,person
W73605,person
W48987,person
W44688,person
W43884,person
W32411,person
W21631,person
W32872,person
W30169,person
W50573,person
W26227,person
W44615,person
W17501,person
W18929,person
W92295,person
W48582,person
W77839,person
W43623,person
W67124,person
W79432,person
W46988,person
W83097,person
W23111,person
W17006,person
W75545,person
W85809,person
W69641,person
W86141,person
W58540,person
W16750,person
W55138,person
W58296,person
W72891,person
W34051,person
W96506,person
W18841,person
W32087,person
W38860,person
W58504,person
W56947,person
W86749,person
W56980,person
W41588,person
W64095,person
W13570,person
W89630,person
W21078,person
W12102,person
W51787,person
W98183,person
W94455,person
W36970,person
W14378,person
W83221,person
W12132,person
W89011,person
W84513,person
W48803,person
W20253,person
W92494,person
W73602,person
W53603,person
W20415,person
W16937,person
W17241,person
W55922,person
W10101,person
W31769,person
W41374,person
W41316,person
W90698,person
W20084,person
W77646,person
W47029,person
W28835,person
W53901,person
W85868,person
W48659,person
W42758,person
W85367,person
W72079,person
W50075,person
W13239,person
W60354,person
W98973,person
W85164,person
W20550,person
W84991,person
W66560,person
W29867,person
W27524,person
W74544,person
W64256,person
W30491,person
W22668,person
W15360,person
W51566,person
W71099,person
W59177,person
W47512,person
W74449,person
W82567,person
W42554,person
W61637,person
W66263,person
W26881,person
W61898,person
W93680,person
W82933,person
W70627,person
W34182,person
W51061,person
W79264,person
W57671,person
W58031,person
W93972,person
W29517,person
W53215,person
W28539,person
W68612,person
W85343,person
W64814,person
W79929,person
W38465,person
W68845,person
W70405,person
W66657,person
W24049,person
W45714,person
W33215,person
W73943,person
W26389,person
W19551,person
W96030,person
W90284,person
W51934,person
W42020,person
W94131,person
W33967,person
W87538,person
W91817,person
W95142,person
W69591,person
W61904,person
W36242,person
W25313,person
W74024,person
W79877,person
W24718,person
W78642,person
W69927,person
W59900,person
W58450,person
W86544,person
W86962,person
W56397,person
W62566,person
W72685,person
W90802,person
W68605,person
W57481,person
W16887,person
W43966,person
W50650,person
W11074,person
W57647,person
W93309,person
W89249,person
W17261,person
W57429,person
W61563,person
W83363,person
W76021,person
W68841,person
W47296,person
W20532,person
W95749,person
W60909,person
W21357,person
W35992,person
W64035,person
W21731,person
W84278,person
W58363,person
W12863,person
W23294,person
W99561,person
W37122,person
W96135,person
W61383,person
W65660,person
W75342,person
W30572,person
W73214,person
W54076,person
W42140,person
W71771,person
W83733,person
W28949,person
W61502,person
W16600,person
W68431,person
W72426,person
W63951,person
W67596,person
W31039,person
W62837,person
W21777,person
W99803,person
W21862,person
W47708,person
W38694,person
W98900,person
W43861,person
W54116,person
W83233,person
W20812,person
W13414,person
W37972,person
W82077,person
W29494,person
W91682,person
W42906,person
W91292,person
W12564,person
W24564,person
W14948,person
W79444,person
W34860,person
W77523,person
W95927,person
W14956,person
W80598,person
W55354,person
W62090,person
W43050,person
W78994,person
W19498,person
W34299,person
W18013,person
W70713,person
W86102,person
W41758,person
W34807,person
W18933,person
W48091,person
W62750,person
W69567,person
W71984,person
W27975,person
W72803,person
W82537,person
W25458,person
W41458,person
W62325,person
W64454,person
W79777,person
W96220,person
W34072,person
W37898,person
W48574,person
W35664,person
W37098,person
W45466,person
W27880,person
W48639,person
W27248,person
W91814,person
W72834,person
W52346,person
W63227,person
W89942,person
W24833,person
W78209,person
W52042,person
W50212,person
W94850,person
W61475,person
W73020,person
W51225,person
W90971,person
W72464,person
W17092,person
W70066,person
W56287,person
W39434,person
W85797,person
W64342,person
W92233,person
W42231,person
W68671,person
W81728,person
W72248,person
W14465,person
W83650,person
W55959,person
W85410,person
W48371,person
W33178,person
W37570,person
W12222,person
W43131,person
W59688,person
W55781,person
W43527,person
W18490,person
W49692,person
W62668,person
W84725,person
W98520,person
W33884,person
W53595,person
W49809,person
W64513,person
W52604,person
W68595,person
W70180,person
W15014,person
W82403,person
W59456,person
W63665,person
W21381,person
W76952,person
W10153,person
W42941,person
W44846,person
W47066,person
W44796,person
W79267,person
W57020,person
W90352,person
W29467,person
W93434,person
W93108,person
W18097,person
W87468,person
W13024,person
W32048,person
W69603,person
W41101,person
W65919,person
W18266,person
W99050,person
W45999,person
W65939,person
W49881,person
W38023,person
W29794,person
W82337,person
W19856,person
W63567,person
W32856,person
W57283,person
W68196,person
W74717,person
W84578,person
W83591,person
W43190,person
W85979,person
W25060,person
W21982,person
W67190,person
W18528,person
W72338,person
W10852,person
W10476,person
W68849,person
W59837,person
W28945,person
W27620,person
W23493,person
W10691,person
W68643,person
W83283,person
W69327,person
W39474,person
W31912,person
W23643,person
W50002,person
W69031,person
W99723,person
W11573,person
W26129,person
W19740,person
W81396,person
W56358,person
W89516,person
W35216,person
W95868,person
W34605,person
W93876,person
W16221,person
W51705,person
W45750,person
W94919,person
W50862,person
W52197,person
W31134,person
W75937,person
W99461,person
W13515,person
W16913,person
W33661,person
W14477,person
W58040,person
W95240,person
W71105,person
W48726,person
W21210,person
W99599,person
W24738,person
W91436,person
W83537,person
W93200,person
W28583,person
W41632,person
W61415,person
W39975,person
W21124,person
W37367,person
W53395,person
W35790,person
W86547,person
W74045,person
W26959,person
W63730,person
W69597,person
W64581,person
W35192,person
W74602,person
W38395,person
W61340,person
W23522,person
W91825,person
W65800,person
W27181,person
W27598,person
W39338,person
W59422,person
W84898,person
W84622,person
W49866,person
W62833,person
W75779,person
W60754,person
W44987,person
W53670,person
W22257,person
W33362,person
W39794,person
W35817,person
W67034,person
W87610,person
W85346,person
W83774,person
W42918,person
W98576,person
W30468,person
W22850,person
W41072,person
W30389,person
W70058,person
W31702,person
W56283,person
W17968,person
W57169,person
W67512,person
W35881,person
W24672,person
W77776,person
W34296,person
W69789,person
W71598,person
W76222,person
W40753,person
W14326,person
W61443,person
W69231,person
W21323,person
W58703,person
W99617,person
W86792,person
W13641,person
W75907,person
W27784,person
W43446,person
W17808,person
W98314,person
W94988,person
W45614,person
W22998,person
W71435,person
W94769,person
W10534,person
W63852,person
W34181,person
W48993,person
W14526,person
W74668,person
W15079,person
W71468,person
W97175,person
W19439,person
W11157,person
W39415,person
W73018,person
W90188,person
W15178,person
W58220,person
W84199,person
W76025,person
W25708,person
W34950,person
W75455,person
W43445,person
W72450,person
W11033,person
W82615,person
W38477,person
W22700,person
W95617,person
W48943,person
W57213,person
W75927,person
W41774,person
W90870,person
W30737,person
W13971,person
W92929,person
W68949,person
W12650,person
W94044,person
W22572,person
W13755,person
W83985,person
W95167,person
W59346,person
W94032,person
W84401,person
W29663,person
W42410,person
W33228,person
W29853,person
W21403,person
W19827,person
W78070,person
W77653,person
W66940,person
W82232,person
W28323,person
W62008,person
W69133,person
W67526,person
W58758,person
W57123,person
W22044,person
W18428,person
W60571,person
W95497,person
W34888,person
W78877,person
W96084,person
W99450,person
W77023,person
W20162,person
W95921,person
W57035,person
W72560,person
W77206,person
W54466,person
W52983,person
W15210,person
W35081,person
W43607,person
W56498,person
W60636,person
W25544,person
W72824,person
W60615,person
W85432,person
W91634,person
W10546,person
W80852,person
W79762,person
W55389,person
W81772,person
W24778,person
W96223,person
W78169,person
W15989,person
W12451,person
W26940,person
W15774,person
W88695,person
W91276,person
W69185,person
W29938,person
W11263,person
W60496,person
W26769,person
W36139,person
W75165,person
W94161,person
W42855,person
W56584,person
W18514,person
W22932,person
W96366,person
W59218,person
W88211,person
W56973,person
W98571,person
W30187,person
W60937,person
W90181,person
W34394,person
W38431,person
W43644,person
W75526,person
W54450,person
W55362,person
W56343,person
W76670,person
W93281,person
W49672,person
W15695,person
W69645,person
W61547,person
W58682,person
W28181,person
W54521,person
W43305,person
W81698,person
W83784,person
W50772,person
W60430,person
W52796,person
W78595,person
W75813,person
W92195,person
W87426,person
W78901,person
W32182,person
W87380,person
W69432,person
W63345,person
W16991,person
W26882,person
W49329,person
W33596,person
W26888,person
W75894,person
W83427,person
W10951,person
W13303,person
W62605,person
W72569,person
W11468,person
W16341,person
W25115,person
W76995,person
W76686,person
W70448,person
W33305,person
W20760,person
W56293,person
W65796,person
W95483,person
W46498,person
W70395,person
W45754,person
W53983,person
W79111,person
W31867,person
W85437,person
W46601,person
W26000,person
W75722,person
W85334,person
W16470,person
W34557,person
W62289,person
W27552,person
W80895,person
W75536,person
W63517,person
W77545,person
W55811,person
W91384,person
W38233,person
W23275,person
W52988,person
W30264,person
W54896,person
W61953,person
W58417,person
W85998,person
W62927,person
W91778,person
W35756,person
W98549,person
W71568,person
W32913,person
W64764,person
W33554,person
W50306,person
W10960,person
W16148,person
W61107,person
W78896,person
W91226,person
W30579,person
W96253,person
W66891,person
W97299,person
W68657,person
W43467,person
W72893,person
W15673,person
W72128,person
W13826,person
W89634,person
W33811,person
W94555,person
W69496,person
W85935,person
W36710,person
W10021,person
W30659,person
W53570,person
W16847,person
W93009,person
W11314,person
W57949,person
W70095,person
W78372,person
W96857,person
W13602,person
W70198,person
W33595,person
W84268,person
W58123,person
W93221,person
W53463,person
W66117,person
W20907,person
W66681,person
W53504,person
W28991,person
W39981,person
W32541,person
W97659,person
W82139,person
W31919,person
W93345,person
W43776,person
W51733,person
W55380,person
W37849,person
W94730,person
W80321,person
W14971,person
W64199,person
W77893,person
W39067,person
W85550,person
W47814,person
W42464,person
W22221,person
W93376,person
W52130,person
W80206,person
W62960,person
W29075,person
W55542,person
W98684,person
W67694,person
W36507,person
W94430,person
W43735,person
W40384,person
W62029,person
W47506,person
W91233,person
W77965,person
W76385,person
W67906,person
W48353,person
W63350,person
W51210,person
W50183,person
W23692,person
W53168,person
W50287,person
W36705,person
W81890,person
W37081,person
W34623,person
W62065,person
W64977,person
W84244,person
W40411,person
W94213,person
W83851,person
W24182,person
W58644,person
W32618,person
W33934,person
W62477,person
W82241,person
W57159,person
W68598,person
W68896,person
W74645,person
W71894,person
W91911,person
W78614,person
W41200,person
W73840,person
W62852,person
W42293,person
W74228,person
W28628,person
W98882,person
W84689,person
W91796,person
W25286,person
W70457,person
W49521,person
W66212,person
W32703,person
W45724,person
W81817,person
W93469,person
W92910,person
W82938,person
W18397,person
W27386,person
W54227,person
W97626,person
W27198,person
W46973,person
W73122,person
W56909,person
W61572,person
W94373,person
W19241,person
W99407,person
W73932,person
W43191,person
W32330,person
W12543,person
W42844,person
W16727,person
W49282,person
W98476,person
W20820,person
W97946,person
W10520,person
W69412,person
W60759,person
W37301,person
W97926,person
W72602,person
W72149,person
W31120,person
W24200,person
W30658,person
W46061,person
W38863,person
W41788,person
W75960,person
W96477,person
W56493,person
W81809,person
W12949,person
W65871,person
W71336,person
W17111,person
W66383,person
W80853,person
W78616,person
W27539,person
W70179,person
W33699,person
W54122,person
W56594,person
W23918,person
W25431,person
W10451,person
W30070,person
W79188,person
W22771,person
W25844,person
W59702,person
W63737,person
W83387,person
W36383,person
W42457,person
W65734,person
W81117,person
W59402,person
W15256,person
W79583,person
W24940,person
W90492,person
W53160,person
W95179,person
W74009,person
W77822,person
W50754,person
W22108,person
W28138,person
W21146,person
W39698,person
W95882,person
W64275,person
W86214,person
W46892,person
W77099,person
W38444,person
W40783,person
W69428,person
W49903,person
W45142,person
W15749,person
W65575,person
W28050,person
W93431,person
W20463,person
W66213,person
W28506,person
W26692,person
W51044,person
W13506,person
W46923,person
W36479,person
W59283,person
W44149,person
W73322,person
W35685,person
W66305,person
W62037,person
W84180,person
W57238,person
W84893,person
W20957,person
W78442,person
W32625,person
W38167,person
W29754,person
W11027,person
W66943,person
W92306,person
W29355,person
W99549,person
W13889,person
W99277,person
W72181,person
W70304,person
W81431,person
W77093,person
W97637,person
W62685,person
W97312,person
W22215,person
W59662,person
W36717,person
W72428,person
W25545,person
W24902,person
W58259,person
W95778,person
W67294,person
W29137,person
W19025,person
W65141,person
W99739,person
W87721,person
W85021,person
W20655,person
W36951,person
W65548,person
W26871,person
W76785,person
W37966,person
W10507,person
W79271,person
W29476,person
W36154,person
W70911,person
W47938,person
W72490,person
W15577,person
W16273,person
W76238,person
W29696,person
W17396,person
W72616,person
W60282,person
W92703,person
W60788,person
W25468,person
W24132,person
W71032,person
W57036,person
W79031,person
W39134,person
W47252,person
W80918,person
W87770,person
W70459,person
W34861,person
W18941,person
W97799,person
W28997,person
W16605,person
W96575,person
W51144,person
W35543,person
W26815,person
W15362,person
W53866,person
W51938,person
W42338,person
W44784,person
W42271,person
W76231,person
W46842,person
W41510,person
W12148,person
W27783,person
W15534,person
W32774,person
W91592,person
W84316,person
W71393,person
W82136,person
W88359,person
W71735,person
W24926,person
W73118,person
W72842,person
W61057,person
W84744,person
W82891,person
W18298,person
W85588,person
W95211,person
W68024,person
W27626,person
W78313,person
W54847,person
W46332,person
W80089,person
W55219,person
W26392,person
W48686,person
W96971,person
W96396,person
W22229,person
W17562,person
W28471,person
W32805,person
W36992,person
W84011,person
W16228,person
W85661,person
W11135,person
W20359,person
W47671,person
W45565,person
W47240,person
W54159,person
W56371,person
W93560,person
W14335,person
W58969,person
W46847,person
W26047,person
W65654,person
W40363,person
W75269,person
W89597,person
W16391,person
W48169,person
W18359,person
W67133,person
W24115,person
W85245,person
W41716,person
W96671,person
W94849,person
W55310,person
W23095,person
W92634,person
W62285,person
W42831,person
W58446,person
W10757,person
W59757,person
W50077,person
W44199,person
W83391,person
W46199,person
W82461,person
W38629,person
W31689,person
W47235,person
W81203,person
W83026,person
W98956,person
W60805,person
W27981,person
W38284,person
W64543,person
W92509,person
W98014,person
W74607,person
W23920,person
W25493,person
W31841,person
W84684,person
W30055,person
W41111,person
W54993,person
W16802,person
W85853,person
W75323,person
W11529,person
W73418,person
W71096,person
W93891,person
W35559,person
W32695,person
W15565,person
W41661,person
W47604,person
W15599,person
W47635,person
W99349,person
W23843,person
W96142,person
W43960,person
W70547,person
W70698,person
W75839,person
W24568,person
W58173,person
W12177,person
W92678,person
W90796,person
W21573,person
W55630,person
W58820,person
W40274,person
W80253,person
W22448,person
W71682,person
W25780,person
W73696,person
W24966,person
W30358,person
W80698,person
W23587,person
W11746,person
W31167,person
W44381,person
W31372,person
W97408,person
W34864,person
W68666,person
W17622,person
W74710,person
W62558,person
W89965,person
W62442,person
W30129,person
W25408,person
W63425,person
W38787,person
W89744,person
W68537,person
W98391,person
W69920,person
W88747,person
W91519,person
W91932,person
W97867,person
W90070,person
W14855,person
W73472,person
W40628,person
W34907,person
W93580,person
W28106,person
W46112,person
W35926,person
W93853,person
W95663,person
W13026,person
W63261,person
W50561,person
W54842,person
W65419,person
W50311,person
W57221,person
W23454,person
W77404,person
W69254,person
W21914,person
W18675,person
W90543,person
W60320,person
W82109,person
W86139,person
W95684,person
W18419,person
W76079,person
W61328,person
W50148,person
W88230,person
W43635,person
W93533,person
W61727,person
W20568,person
W34836,person
W56748,person
W43312,person
W86568,person
W64561,person
W50750,person
W16497,person
W67085,person
W83174,person
W48897,person
W66398,person
W55431,person
W55508,person
W28115,person
W85711,person
W76574,person
W17412,person
W41164,person
W87789,person
W82304,person
W97115,person
W32883,person
W48737,person
W24530,person
W77460,person
W75037,person
W85048,person
W60355,person
W61455,person
W92404,person
W55777,person
W26656,person
W64568,person
W52488,person
W59656,person
W16438,person
W84174,person
W25126,person
W74978,person
W44365,person
W57790,person
W60505,person
W84192,person
W60786,person
W50934,person
W61661,person
W39388,person
W17751,person
W51928,person
W69717,person
W66050,person
W61955,person
W82530,person
W23977,person
W42181,person
W52430,person
W65195,person
W59748,person
W24320,person
W17598,person
W97472,person
W14436,person
W37538,person
W96800,person
W70759,person
W11174,person
W65455,person
W32606,person
W22665,person
W22611,person
W48036,person
W51325,person
W72730,person
W81674,person
W80902,person
W89736,person
W51545,person
W85619,person
W97223,person
W49247,person
W18000,person
W30335,person
W29610,person
W97904,person
W32545,person
W83984,person
W98695,person
W68346,person
W43002,person
W67304,person
W45844,person
W41854,person
W41018,person
W18592,person
W77447,person
W20115,person
W61021,person
W48200,person
W86454,person
W65950,person
W50050,person
W39716,person
W38524,person
W21258,person
W19250,person
W15485,person
W69677,person
W73706,person
W37611,person
W31555,person
W37256,person
W47061,person
W47115,person
W75809,person
W50666,person
W73217,person
W62562,person
W21432,person
W17561,person
W26187,person
W49879,person
W89155,person
W43974,person
W72125,person
W83396,person
W78527,person
W90646,person
W75320,person
W14226,person
W13145,person
W41004,person
W59429,person
W19574,person
W59680,person
W52642,person
W13763,person
W28145,person
W87982,person
W32539,person
W34048,person
W85552,person
W69945,person
W33171,person
W98853,person
W47294,person
W63022,person
W39310,person
W91220,person
W75402,person
W82060,person
W25736,person
W64154,person
W45853,person
W41593,person
W65019,person
W75501,person
W79961,person
W47392,person
W63649,person
W73918,person
W38811,person
W90681,person
W55706,person
W87261,person
W67943,person
W28688,person
W77293,person
W78133,person
W90307,person
W34921,person
W40048,person
W42254,person
W51810,person
W33091,person
W16345,person
W67908,person
W14540,person
W35508,person
W31236,person
W89263,person
W51646,person
W38386,person
W62681,person
W71956,person
W90142,person
W31426,person
W71189,person
W84648,person
W81479,person
W37320,person
W88215,person
W26759,person
W23517,person
W72801,person
W56906,person
W78280,person
W90291,person
W38339,person
W62251,person
W16406,person
W75006,person
W18743,person
W83688,person
W91498,person
W12501,person
W54501,person
W48837,person
W39599,person
W87582,person
W94538,person
W41919,person
W14795,person
W81225,person
W73413,person
W57328,person
W72203,person
W71668,person
W40358,person
W11825,person
W14770,person
W38597,person
W53301,person
W26386,person
W45699,person
W35738,person
W77864,person
W38928,person
W86685,person
W82622,person
W34078,person
W60346,person
W59726,person
W36160,person
W17631,person
W83251,person
W39645,person
W96577,person
W13394,person
W91312,person
W44829,person
W46448,person
W24646,person
W38163,person
W67109,person
W13776,person
W40970,person
W68320,person
W55543,person
W19327,person
W88046,person
W69652,person
W55046,person
W36981,person
W97614,person
W31244,person
W35127,person
W72737,person
W37685,person
W91337,person
W97981,person
W43401,person
W51311,person
W26278,person
W73876,person
W64325,person
W96462,person
W33226,person
W52365,person
W17807,person
W77443,person
W64147,person
W11413,person
W46549,person
W14957,person
W21157,person
W91357,person
W64188,person
W67111,person
W28779,person
W39640,person
W44217,person
W49485,person
W98543,person
W48766,person
W52950,person
W40285,person
W97502,person
W29601,person
W42198,person
W57124,person
W10144,person
W19183,person
W44178,person
W97281,person
W36813,person
W10009,person
W21838,person
W43518,person
W48210,person
W83257,person
W68879,person
W80983,person
W98532,person
W92698,person
W67743,person
W29544,person
W20256,person
W30295,person
W96953,person
W63386,person
W63036,person
W40227,person
W44118,person
W83896,person
W47686,person
W21676,person
W64971,person
W59957,person
W70063,person
W52135,person
W87684,person
W96555,person
W66833,person
W22575,person
W82331,person
W57545,person
W96235,person
W34148,person
W41933,person
W76843,person
W34578,person
W38924,person
W75505,person
W31046,person
W45674,person
W87079,person
W71404,person
W47035,person
W50813,person
W51395,person
W62897,person
W24570,person
W32465,person
W70105,person
W47517,person
W54949,person
W12843,person
W18507,person
W57669,person
W17537,person
W71437,person
W37234,person
W23931,person
W73263,person
W64221,person
W96939,person
W66608,person
W47860,person
W81297,person
W33376,person
W64755,person
W49091,person
W46450,person
W63758,person
W69128,person
W44210,person
W37215,person
W26728,person
W48356,person
W55753,person
W41220,person
W24491,person
W28394,person
W45275,person
W43161,person
W45051,person
W34679,person
W14046,person
W36272,person
W22430,person
W24455,person
W12641,person
W28856,person
W45570,person
W10986,person
W88349,person
W54840,person
W29893,person
W25292,person
W38960,person
W42057,person
W91409,person
W64745,person
W32437,person
W94695,person
W28616,person
W39275,person
W30350,person
W45040,person
W67741,person
W68799,person
W94437,person
W88647,person
W17008,person
W31389,person
W70658,person
W93929,person
W82438,person
W72678,person
W41770,person
W34213,person
W62112,person
W37124,person
W30796,person
W27352,person
W83016,person
W94992,person
W94858,person
W66621,person
W40714,person
W35091,person
W26962,person
W75012,person
W61406,person
W33620,person
W51609,person
W19331,person
W56006,person
W54636,person
W96262,person
W26234,person
W89473,person
W45544,person
W99172,person
W91587,person
W76349,person
W24186,person
W74656,person
W68679,person
W91866,person
W82370,person
W57336,person
W71994,person
W10189,person
W54150,person
W62709,person
W72389,person
W28908,person
W86770,person
W29632,person
W54301,person
W91006,person
W53414,person
W74472,person
W66820,person
W17271,person
W25425,person
W31551,person
W19291,person
W20345,person
W22924,person
W84909,person
W47639,person
W93819,person
W24349,person
W75915,person
W81735,person
W82975,person
W50389,person
W71026,person
W10988,person
W51064,person
W28276,person
W96448,person
W36122,person
W75662,person
W95888,person
W11883,person
W32211,person
W19676,person
W75761,person
W13025,person
W18203,person
W59403,person
W58732,person
W44625,person
W19471,person
W95399,person
W67811,person
W11908,person
W45977,person
W27263,person
W44894,person
W83271,person
W24956,person
W84961,person
W65121,person
W78203,person
W80026,person
W20273,person
W15476,person
W95046,person
W96137,person
W69745,person
W69904,person
W41560,person
W19898,person
W60461,person
W53943,person
W65597,person
W83239,person
W20063,person
W62314,person
W24175,person
W66795,person
W44922,person
W16553,person
W20315,person
W96281,person
W36215,person
W76784,person
W12410,person
W22292,person
W30485,person
W10105,person
W45059,person
W79692,person
W70084,person
W60930,person
W87635,person
W18889,person
W70679,person
W79456,person
W35983,person
W32470,person
W15800,person
W78235,person
W16579,person
W44915,person
W75487,person
W30739,person
W86880,person
W22261,person
W39856,person
W14036,person
W52603,person
W39467,person
W46267,person
W43202,person
W28027,person
W95433,person
W48334,person
W30795,person
W36560,person
W80736,person
W30840,person
W95458,person
W47533,person
W56152,person
W67260,person
W22182,person
W76422,person
W83213,person
W13818,person
W76837,person
W42164,person
W95423,person
W79959,person
W94195,person
W44334,person
W35913,person
W10864,person
W89920,person
W35937,person
W20445,person
W14548,person
W79822,person
W46914,person
W78942,person
W81648,person
W90473,person
W88406,person
W31280,person
W82112,person
W32594,person
W63451,person
W61804,person
W51965,person
W14148,person
W24543,person
W86451,person
W69401,person
W94221,person
W99065,person
W83939,person
W95750,person
W22418,person
W12799,person
W64753,person
W73507,person
W28222,person
W43657,person
W39951,person
W41712,person
W71081,person
W95633,person
W77109,person
W62123,person
W59701,person
W33003,person
W97237,person
W84157,person
W34652,person
W35826,person
W79888,person
W11991,person
W18051,person
W74236,person
W23236,person
W78667,person
W64625,person
W27134,person
W77248,person
W62973,person
W70984,person
W16967,person
W54074,person
W21880,person
W29412,person
W73012,person
W58352,person
W45242,person
W72027,person
W81677,person
W63887,person
W98820,person
W71606,person
W34249,person
W22748,person
W87349,person
W33768,person
W40642,person
W72256,person
W12546,person
W82560,person
W77075,person
W28338,person
W54926,person
W89311,person
W28437,person
W92162,person
W24913,person
W74032,person
W57093,person
W87999,person
W13108,person
W54908,person
W86704,person
W48268,person
W80545,person
W25457,person
W57645,person
W12610,person
W59220,person
W60672,person
W90966,person
W99615,person
W18611,person
W43452,person
W67991,person
W84902,person
W56144,person
W63741,person
W81551,person
W41178,person
W95851,person
W82604,person
W12794,person
W55035,person
W98802,person
W73980,person
W76675,person
W68653,person
W70904,person
W70266,person
W98420,person
W75954,person
W61902,person
W90163,person
W74204,person
W55263,person
W80928,person
W89478,person
W22912,person
W60235,person
W89563,person
W55479,person
W58105,person
W95676,person
W22000,person
W24310,person
W92895,person
W91329,person
W75064,person
W23975,person
W55620,person
W48994,person
W14729,person
W39263,person
W78999,person
W85484,person
W80472,person
W75660,person
W97939,person
W38816,person
W28257,person
W81166,person
W31610,person
W85401,person
W89850,person
W30974,person
W66455,person
W95261,person
W17643,person
W38075,person
W74700,person
W29262,person
W19990,person
W63492,person
W79102,person
W95721,person
W84235,person
W97496,person
W51849,person
W65421,person
W49575,person
W82179,person
W11159,person
W90278,person
W60214,person
W65970,person
W39037,person
W72829,person
W76226,person
W20899,person
W91427,person
W22015,person
W10320,person
W11362,person
W24017,person
W43741,person
W12738,person
W77901,person
W87591,person
W73397,person
W37267,person
W75685,person
W51775,person
W58181,person
W95969,person
W65782,person
W42833,person
W52597,person
W71980,person
W90524,person
W88957,person
W82511,person
W89142,person
W34787,person
W66329,person
W46116,person
W11648,person
W12868,person
W72045,person
W23710,person
W57482,person
W95229,person
W96578,person
W98284,person
W90889,person
W88753,person
W69045,person
W16775,person
W18224,person
W83936,person
W55250,person
W67252,person
W64484,person
W27088,person
W59236,person
W58640,person
W84683,person
W60434,person
W49663,person
W58641,person
W95262,person
W62383,person
W54603,person
W80793,person
W81996,person
W25672,person
W68380,person
W45188,person
W90499,person
W77835,person
W52611,person
W36531,person
W76373,person
W35976,person
W82465,person
W89553,person
W65151,person
W47429,person
W59832,person
W35319,person
W88630,person
W17366,person
W67562,person
W17740,person
W55751,person
W48008,person
W49413,person
W40408,person
W73857,person
W50223,person
W68983,person
W88124,person
W93848,person
W46479,person
W10056,person
W75118,person
W19485,person
W64728,person
W98017,person
W36077,person
W17947,person
W13960,person
W22192,person
W97046,person
W23205,person
W81457,person
W70253,person
W59392,person
W37878,person
W63225,person
W90367,person
W27896,person
W45190,person
W10510,person
W10125,person
W50244,person
W47942,person
W69066,person
W38489,person
W33298,person
W98136,person
W86166,person
W63397,person
W88820,person
W75227,person
W46873,person
W47701,person
W14147,person
W65777,person
W25911,person
W81798,person
W64161,person
W67444,person
W54484,person
W78075,person
W65010,person
W78314,person
W50092,person
W68105,person
W13154,person
W94036,person
W32898,person
W46835,person
W88807,person
W92069,person
W64366,person
W48074,person
W20394,person
W70319,person
W74272,person
W34496,person
W25929,person
W25190,person
W19106,person
W69234,person
W13903,person
W20554,person
W29190,person
W86688,person
W64206,person
W21077,person
W17182,person
W28320,person
W69943,person
W63205,person
W46462,person
W33989,person
W24659,person
W67389,person
W72637,person
W90064,person
W46009,person
W69896,person
W32171,person
W49799,person
W24351,person
W41436,person
W38649,person
W69902,person
W15830,person
W50264,person
W65632,person
W53371,person
W38269,person
W28660,person
W81124,person
W23536,person
W34713,person
W98489,person
W65951,person
W90226,person
W36909,person
W47776,person
W46952,person
W76976,person
W51359,person
W91680,person
W27315,person
W52735,person
W32543,person
W71129,person
W78878,person
W64393,person
W93146,person
W54400,person
W30347,person
W60315,person
W31238,person
W20221,person
W52480,person
W88603,person
W69996,person
W72667,person
W41797,person
W25478,person
W38709,person
W97288,person
W78050,person
W87414,person
W28805,person
W73902,person
W46277,person
W86060,person
W96643,person
W20990,person
W49619,person
W55757,person
W37680,person
W78014,person
W31290,person
W34674,person
W17466,person
W85267,person
W68499,person
W29334,person
W67765,person
W42229,person
W43595,person
W55742,person
W29278,person
W24093,person
W45751,person
W29428,person
W57477,person
W23456,person
W65182,person
W24077,person
W36423,person
W14904,person
W80156,person
W66200,person
W78202,person
W27479,person
W96541,person
W79148,person
W38302,person
W13248,person
W24602,person
W22471,person
W86136,person
W23164,person
W94852,person
W43968,person
W36995,person
W61245,person
W88056,person
W66092,person
W76656,person
W39223,person
W42961,person
W96460,person
W58863,person
W89610,person
W47973,person
W89629,person
W51338,person
W61632,person
W31828,person
W59738,person
W18043,person
W16594,person
W48806,person
W76927,person
W60817,person
W85264,person
W18836,person
W30641,person
W64155,person
W65103,person
W47422,person
W74871,person
W41561,person
W52253,person
W62227,person
W95139,person
W58336,person
W36884,person
W52962,person
W66262,person
W33814,person
W73479,person
W91298,person
W65194,person
W78216,person
W19411,person
W31029,person
W19443,person
W69037,person
W66021,person
W42321,person
W33205,person
W51858,person
W31230,person
W62299,person
W22768,person
W39008,person
W33046,person
W50518,person
W19689,person
W39392,person
W72211,person
W44128,person
W28839,person
W67509,person
W48090,person
W31368,person
W47833,person
W85990,person
W51420,person
W31719,person
W28717,person
W19194,person
W15755,person
W97503,person
W45276,person
W64970,person
W58537,person
W14213,person
W47624,person
W22709,person
W46496,person
W91281,person
W90586,person
W81259,person
W14034,person
W57494,person
W44387,person
W75079,person
W46144,person
W92468,person
W87659,person
W50269,person
W12891,person
W16723,person
W27196,person
W89093,person
W46867,person
W35942,person
W18761,person
W31591,person
W70080,person
W49044,person
W17664,person
W77969,person
W85934,person
W40344,person
W99425,person
W13880,person
W93495,person
W99311,person
W32180,person
W43522,person
W35289,person
W88405,person
W64649,person
W92441,person
W25889,person
W72840,person
W59994,person
W91740,person
W87498,person
W31997,person
W69763,person
W61231,person
W17607,person
W84113,person
W42431,person
W17287,person
W21933,person
W86541,person
W22746,person
W87418,person
W14295,person
W83071,person
W60849,person
W54714,person
W67498,person
W12267,person
W89365,person
W39226,person
W33389,person
W62663,person
W86365,person
W63891,person
W23176,person
W37070,person
W65079,person
W16027,person
W87621,person
W20901,person
W87434,person
W53760,person
W46010,person
W20835,person
W25768,person
W28160,person
W88725,person
W61676,person
W12881,person
W40537,person
W49006,person
W98969,person
W39991,person
W81765,person
W90767,person
W29559,person
W43339,person
W39789,person
W23726,person
W48079,person
W28197,person
W16220,person
W43011,person
W48213,person
W11066,person
W23331,person
W73693,person
W83523,person
W43160,person
W20016,person
W34180,person
W31772,person
W64399,person
W32059,person
W46716,person
W66325,person
W62659,person
W99698,person
W92841,person
W35966,person
W18157,person
W50166,person
W42180,person
W82675,person
W36047,person
W91573,person
W41206,person
W54601,person
W45064,person
W73193,person
W29855,person
W10006,person
W71215,person
W34163,person
W75375,person
W80095,person
W60648,person
W45837,person
W64050,person
W50320,person
W91105,person
W14060,person
W76414,person
W27151,person
W48584,person
W66785,person
W18715,person
W94957,person
W98096,person
W76537,person
W10947,person
W78132,person
W83754,person
W88900,person
W39144,person
W83871,person
W76827,person
W50272,person
W82970,person
W72326,person
W85670,person
W85585,person
W85788,person
W19310,person
W24150,person
W62655,person
W46646,person
W55472,person
W68203,person
W85255,person
W26161,person
W85371,person
W98409,person
W30518,person
W30950,person
W48427,person
W26154,person
W99770,person
W45228,person
W29926,person
W45396,person
W51793,person
W76763,person
W24272,person
W80872,person
W10824,person
W28851,person
W32880,person
W10327,person
W10058,person
W58164,person
W90663,person
W80675,person
W15444,person
W77590,person
W87534,person
W28245,person
W52545,person
W69085,person
W27075,person
W99841,person
W61801,person
W18831,person
W76031,person
W67784,person
W47977,person
W21922,person
W82909,person
W91203,person
W34165,person
W37800,person
W96686,person
W80575,person
W20401,person
W45962,person
W94731,person
W84243,person
W50761,person
W47595,person
W70133,person
W38365,person
W54193,person
W87364,person
W59123,person
W37530,person
W89976,person
W69600,person
W75525,person
W54644,person
W33415,person
W26299,person
W25574,person
W19610,person
W81042,person
W89042,person
W17002,person
W28185,person
W11652,person
W63647,person
W62869,person
W94550,person
W36269,person
W44443,person
W69741,person
W47025,person
W83833,person
W89378,person
W38411,person
W73088,person
W65188,person
W20082,person
W27117,person
W80240,person
W70815,person
W17720,person
W19820,person
W25521,person
W64940,person
W68050,person
W74605,person
W27009,person
W77777,person
W61938,person
W47089,person
W97684,person
W12448,person
W45673,person
W62131,person
W93406,person
W39095,person
W76906,person
W16324,person
W84484,person
W58153,person
W86627,person
W72350,person
W74467,person
W62089,person
W90537,person
W27157,person
W11053,person
W91198,person
W89266,person
W58000,person
W49595,person
W24103,person
W40740,person
W78290,person
W35360,person
W62166,person
W52886,person
W34927,person
W76125,person
W12076,person
W38876,person
W21103,person
W27086,person
W14437,person
W63640,person
W28809,person
W75667,person
W25692,person
W55384,person
W32089,person
W22025,person
W49026,person
W10406,person
W42913,person
W36630,person
W42869,person
W29657,person
W21893,person
W32794,person
W84503,person
W74268,person
W72134,person
W24048,person
W75291,person
W73966,person
W41247,person
W31809,person
W76607,person
W23492,person
W43970,person
W55211,person
W97246,person
W19560,person
W87740,person
W28646,person
W60675,person
W43904,person
W51286,person
W54853,person
W71439,person
W85393,person
W68173,person
W83292,person
W42476,person
W11083,person
W66164,person
W89870,person
W70322,person
W57801,person
W48060,person
W86590,person
W57841,person
W28523,person
W89576,person
W97690,person
W35490,person
W18639,person
W42930,person
W57073,person
W87975,person
W93522,person
W91638,person
W88378,person
W62225,person
W64723,person
W29418,person
W47939,person
W94424,person
W37092,person
W22450,person
W90269,person
W11288,person
W53143,person
W31921,person
W90639,person
W72965,person
W37973,person
W13878,person
W84017,person
W78170,person
W39709,person
W31600,person
W19840,person
W16618,person
W40559,person
W84559,person
W78732,person
W83073,person
W49100,person
W26918,person
W84956,person
W64647,person
W97632,person
W86370,person
W62286,person
W81091,person
W69088,person
W51141,person
W42729,person
W48316,person
W29076,person
W60666,person
W90831,person
W41392,person
W20795,person
W14962,person
W80484,person
W24161,person
W80756,person
W91259,person
W38144,person
W66563,person
W87831,person
W90491,person
W77312,person
W74617,person
W20999,person
W32917,person
W18257,person
W30252,person
W30333,person
W61954,person
W46645,person
W83981,person
W90559,person
W24979,person
W73829,person
W44500,person
W97107,person
W42986,person
W15580,person
W35719,person
W23799,person
W69038,person
W29451,person
W90903,person
W31517,person
W66123,person
W63077,person
W60840,person
W62521,person
W62845,person
W52046,person
W43815,person
W64112,person
W95844,person
W38943,person
W84728,person
W39012,person
W17452,person
W89417,person
W40819,person
W58524,person
W68736,person
W72218,person
W18016,person
W78017,person
W30775,person
W53740,person
W62881,person
W71744,person
W97045,person
W74240,person
W79137,person
W91355,person
W68575,person
W85105,person
W67196,person
W17577,person
W10944,person
W94760,person
W44683,person
W52678,person
W72884,person
W41977,person
W90332,person
W57676,person
W61068,person
W88543,person
W47716,person
W23449,person
W17061,person
W57793,person
W43431,person
W73899,person
W91560,person
W68923,person
W37984,person
W30736,person
W87373,person
W64558,person
W20630,person
W62046,person
W49513,person
W62478,person
W54751,person
W30324,person
W97176,person
W38168,person
W70540,person
W49992,person
W72567,person
W67615,person
W19178,person
W90813,person
W39966,person
W12091,person
W11251,person
W44082,person
W49358,person
W12728,person
W85870,person
W84150,person
W45516,person
W18423,person
W83082,person
W98828,person
W39655,person
W72014,person
W76706,person
W22740,person
W47387,person
W58103,person
W47207,person
W13431,person
W91539,person
W72028,person
W32090,person
W41104,person
W69281,person
W77091,person
W61685,person
W64216,person
W12108,person
W38134,person
W18770,person
W49075,person
W21410,person
W61492,person
W67011,person
W86458,person
W54534,person
W52409,person
W16115,person
W84498,person
W10133,person
W49360,person
W24247,person
W89459,person
W34458,person
W56795,person
W78873,person
W39419,person
W59709,person
W29959,person
W20880,person
W20865,person
W15258,person
W87979,person
W74511,person
W66591,person
W60368,person
W71696,person
W66873,person
W30156,person
W23639,person
W37669,person
W85863,person
W97521,person
W54556,person
W65637,person
W97554,person
W30945,person
W75360,person
W57852,person
W49139,person
W71863,person
W96894,person
W90517,person
W70995,person
W99900,person
W18173,person
W78939,person
W73222,person
W23132,person
W52105,person
W24852,person
W63842,person
W47165,person
W71906,person
W63496,person
W57321,person
W79403,person
W56444,person
W51470,person
W72215,person
W66578,person
W20258,person
W27326,person
W85733,person
W10112,person
W41929,person
W71677,person
W35975,person
W53013,person
W47628,person
W68140,person
W61364,person
W52943,person
W30089,person
W82482,person
W28183,person
W57097,person
W59690,person
W23277,person
W73058,person
W16054,person
W15194,person
W63681,person
W43341,person
W26507,person
W16942,person
W53796,person
W72605,person
W47282,person
W91331,person
W70757,person
W33795,person
W19819,person
W11024,person
W92697,person
W57293,person
W68440,person
W51792,person
W40182,person
W41989,person
W95103,person
W94322,person
W98355,person
W70424,person
W60936,person
W32392,person
W65611,person
W14277,person
W36372,person
W60684,person
W79275,person
W13102,person
W85300,person
W65724,person
W36334,person
W98577,person
W33435,person
W40703,person
W85703,person
W49745,person
W76239,person
W69571,person
W28548,person
W80642,person
W93140,person
W43055,person
W35389,person
W99881,person
W15345,person
W19423,person
W31515,person
W94062,person
W14342,person
W42138,person
W38754,person
W55129,person
W82235,person
W41079,person
W86330,person
W35101,person
W98099,person
W84189,person
W40906,person
W51226,person
W23495,person
W66884,person
W94179,person
W50917,person
W52535,person
W87302,person
W99242,person
W93395,person
W75198,person
W91683,person
W16075,person
W21413,person
W54065,person
W99794,person
W85009,person
W66160,person
W28432,person
W37168,person
W45534,person
W17675,person
W44901,person
W45975,person
W21875,person
W95126,person
W75649,person
W48698,person
W77231,person
W32592,person
W34798,person
W34198,person
W41518,person
W73987,person
W41683,person
W46215,person
W98415,person
W17395,person
W98003,person
W99186,person
W96257,person
W90096,person
W64348,person
W18628,person
W40496,person
W62101,person
W46249,person
W96535,person
W37734,person
W23838,person
W75572,person
W29968,person
W59004,person
W55902,person
W75981,person
W42969,person
W16593,person
W19702,person
W46517,person
W72556,person
W78080,person
W21272,person
W17270,person
W83662,person
W62889,person
W41917,person
W79024,person
W29714,person
W96065,person
W81867,person
W32457,person
W87250,person
W64217,person
W57257,person
W73442,person
W10525,person
W87063,person
W67088,person
W80857,person
W43956,person
W91392,person
W56538,person
W50983,person
W14485,person
W68746,person
W84284,person
W38621,person
W92931,person
W96467,person
W71631,person
W43759,person
W75378,person
W69515,person
W57766,person
W54643,person
W95763,person
W60996,person
W90689,person
W57584,person
W95863,person
W72114,person
W73029,person
W81197,person
W32257,person
W47215,person
W34890,person
W53516,person
W79447,person
W84977,person
W88375,person
W50932,person
W67921,person
W53410,person
W52368,person
W57186,person
W64198,person
W96483,person
W39496,person
W89752,person
W39380,person
W50729,person
W94225,person
W41157,person
W85712,person
W17937,person
W48094,person
W92109,person
W69107,person
W83508,person
W71964,person
W22608,person
W86208,person
W88872,person
W89618,person
W67481,person
W83182,person
W83348,person
W93489,person
W17119,person
W97279,person
W86987,person
W21736,person
W82955,person
W68242,person
W52661,person
W53269,person
W46210,person
W85666,person
W17384,person
W86001,person
W51402,person
W41065,person
W51314,person
W79300,person
W45810,person
W32990,person
W25298,person
W25879,person
W65165,person
W81601,person
W35105,person
W43443,person
W72658,person
W54182,person
W55791,person
W61239,person
W48454,person
W47780,person
W75947,person
W86676,person
W17784,person
W86343,person
W63627,person
W90627,person
W36104,person
W11401,person
W76015,person
W11007,person
W78597,person
W95414,person
W37616,person
W96751,person
W13416,person
W23086,person
W76636,person
W89522,person
W29897,person
W14259,person
W62243,person
W60546,person
W46261,person
W34512,person
W67996,person
W54112,person
W95160,person
W55930,person
W70358,person
W73541,person
W60795,person
W64681,person
W14699,person
W60735,person
W56741,person
W34036,person
W43738,person
W83483,person
W99362,person
W39753,person
W55197,person
W53842,person
W30712,person
W37928,person
W18991,person
W43388,person
W27944,person
W69810,person
W97606,person
W63243,person
W78016,person
W85287,person
W88180,person
W30653,person
W37895,person
W81605,person
W61353,person
W69298,person
W87651,person
W93734,person
W32340,person
W76104,person
W77817,person
W63303,person
W20305,person
W15257,person
W91398,person
W29553,person
W91876,person
W58136,person
W60426,person
W39456,person
W53196,person
W96835,person
W85312,person
W56901,person
W69050,person
W53484,person
W80743,person
W70693,person
W47069,person
W71830,person
W36512,person
W38478,person
W52155,person
W16011,person
W52755,person
W26678,person
W11121,person
W27995,person
W16171,person
W74451,person
W70644,person
W31175,person
W80553,person
W52616,person
W14245,person
W86071,person
W70065,person
W40329,person
W57421,person
W91756,person
W79052,person
W98357,person
W27490,person
W50875,person
W31735,person
W62894,person
W22500,person
W49821,person
W75509,person
W67917,person
W23677,person
W70250,person
W85493,person
W59115,person
W44039,person
W15771,person
W62443,person
W51426,person
W63224,person
W26723,person
W26764,person
W58806,person
W26738,person
W65787,person
W72660,person
W49275,person
W24995,person
W91387,person
W48537,person
W64360,person
W78237,person
W46093,person
W77385,person
W39674,person
W82101,person
W33856,person
W57234,person
W10891,person
W91860,person
W49926,person
W74925,person
W56215,person
W89749,person
W25452,person
W35802,person
W67453,person
W39917,person
W49069,person
W33184,person
W86307,person
W49830,person
W17112,person
W73416,person
W79500,person
W71303,person
W76595,person
W97372,person
W11009,person
W38028,person
W97121,person
W66039,person
W51719,person
W46634,person
W25000,person
W44891,person
W42792,person
W45429,person
W19645,shop
W24901,shop
W50343,shop
W64863,shop
W63744,shop
W17796,shop
W39589,shop
W86652,shop
W76864,shop
W62640,shop
W28180,shop
W89811,shop
W47203,shop
W15591,shop
W68231,shop
W33049,shop
W52099,shop
W36855,shop
W42787,shop
W37000,shop
W68248,shop
W27797,shop
W86049,shop
W79185,shop
W14109,shop
W86287,shop
W66988,shop
W26884,shop
W21257,shop
W10854,shop
W32399,shop
W94268,shop
W44614,shop
W48735,shop
W94186,shop
W32530,shop
W98460,shop
W46968,shop
W58507,shop
W57968,shop
W97627,shop
W26193,shop
W62277,shop
W67072,shop
W72731,shop
W49123,shop
W14367,shop
W58174,shop
W14995,shop
W11430,shop
W81229,shop
W79295,shop
W84731,shop
W21446,shop
W80592,shop
W78386,shop
W40080,shop
W81726,shop
W33789,shop
W72368,shop
W60074,shop
W22334,shop
W26099,shop
W98809,shop
W32574,shop
W55734,shop
W18368,shop
W99181,shop
W25827,shop
W45432,shop
W28083,shop
W26916,shop
W16070,shop
W39735,shop
W98058,shop
W97318,shop
W24837,shop
W34204,shop
W79911,shop
W71730,shop
W59423,shop
W69087,shop
W28499,shop
W52754,shop
W52246,shop
W34248,shop
W84610,shop
W22960,shop
W93869,shop
W52578,shop
W34984,shop
W49341,shop
W55932,shop
W58809,shop
W95543,shop
W99087,shop
W68289,shop
W73361,shop
W49234,shop
W12632,shop
W16659,shop
W91261,shop
W81125,shop
W66882,shop
W76382,shop
W63210,shop
W37896,shop
W18640,shop
W79324,shop
W36105,shop
W98441,shop
W69959,shop
W84948,shop
W82088,shop
W67607,shop
W39225,shop
W94808,shop
W92226,shop
W22658,shop
W60273,shop
W58165,shop
W48815,shop
W59582,shop
W97355,shop
W77637,shop
W31596,shop
W13999,shop
W51087,shop
W59497,shop
W98640,shop
W93525,shop
W99324,shop
W74209,shop
W21261,shop
W65678,shop
W69586,shop
W80176,shop
W28215,shop
W62941,shop
W92835,shop
W16669,shop
W69453,shop
W59095,shop
W55668,shop
W91382,shop
W56360,shop
W12623,shop
W26809,shop
W95541,shop
W44513,shop
W18165,shop
W58447,shop
W71632,shop
W94787,shop
W93934,shop
W55237,shop
W48479,shop
W34194,shop
W74311,shop
W23040,shop
W52542,shop
W48583,shop
W74557,shop
W67206,shop
W71399,shop
W30345,shop
W93273,shop
W98673,shop
W64869,shop
W87510,shop
W27628,shop
W70102,shop
W17465,shop
W59968,shop
W37390,shop
W97253,shop
W34645,shop
W79490,shop
W11395,shop
W12700,shop
W53527,shop
W27473,shop
W37627,shop
W75843,shop
W41673,shop
W99118,shop
W61634,shop
W91966,shop
W48842,shop
W54592,shop
W51507,shop
W63273,shop
W17385,shop
W93225,shop
W18480,shop
W79277,shop
W14266,shop
W80183,shop
W65284,shop
W15272,shop
W42080,shop
W61223,shop
W94995,shop
W82324,shop
W80789,shop
W78501,shop
W52990,shop
W66557,shop
W98874,shop
W28760,shop
W42166,shop
W16026,shop
W69058,shop
W47989,shop
W53315,shop
W62241,shop
W21052,shop
W15008,shop
W37516,shop
W50000,shop
W47280,shop
W77981,shop
W64426,shop
W71058,shop
W85602,shop
W11995,shop
W83062,shop
W73743,shop
W43058,shop
W62553,shop
W75249,shop
W36903,shop
W36641,shop
W76819,shop
W94800,shop
W39565,shop
W11444,shop
W14990,shop
W76568,shop
W96447,shop
W73589,shop
W78975,shop
W58168,shop
W36889,shop
W67274,shop
W34633,shop
W34326,shop
W38687,shop
W48648,shop
W68688,shop
W45655,shop
W48821,shop
W77977,shop
W60498,shop
W53854,shop
W50485,shop
W72129,shop
W17138,shop
W61078,shop
W90369,shop
W21325,shop
W22655,shop
W46362,shop
W96918,shop
W28273,shop
W27132,shop
W65941,shop
W80837,shop
W84025,shop
W15232,shop
W84969,shop
W92432,shop
W30770,shop
W27046,shop
W95331,shop
W14143,shop
W36826,shop
W11550,shop
W14724,shop
W72097,shop
W96837,shop
W15091,shop
W85485,shop
W27791,shop
W96877,shop
W43454,shop
W41464,shop
W30450,shop
W90337,shop
W36337,shop
W19812,shop
W49953,shop
W72173,shop
W10184,shop
W48006,shop
W55291,shop
W94750,shop
W21852,shop
W81372,shop
W38552,shop
W56856,supplier
W59109,supplier
W72623,supplier
W74561,supplier
W57880,supplier
W38603,supplier
W31168,supplier
W30274,supplier
W38392,supplier
W32724,supplier
W31814,supplier
W52809,supplier
W21742,supplier
W60550,supplier
W97620,supplier
W52104,supplier
W13768,supplier
W91511,supplier
W95545,supplier
W54078,supplier
W12556,supplier
W69997,supplier
W20939,supplier
W17920,supplier
W27508,supplier
W58582,supplier
W97722,supplier
W15165,supplier
W85699,supplier
W88143,supplier
W13998,collector
W58009,collector
W21214,collector
W63835,collector
W87547,collector
W71509,collector
W90829,collector
W58531,collector
W44494,collector
W28216,collector
W73911,collector
W18412,collector
W83864,mule
W31446,mule
W82437,mule
W13422,mule
W13095,mule
W54700,mule
W72703,mule
W79788,mule
W37835,mule
W73905,mule
W56959,mule
W14350,mule
W14675,mule
W76931,mule
W92024,mule
W92928,mule
W71961,mule
W24275,mule
W32231,mule
W64000,mule
W88956,mule
W91843,mule
W77476,mule
W19824,mule
W40901,mule
W36032,mule
W56487,mule
W54839,mule
W20430,mule
W72545,mule
W69406,mule
W75143,mule
W75091,mule
W66524,mule
W10783,mule
W35795,mule
W90172,mule
W58294,mule
W38334,mule
W10416,mule
W51903,mule
W71649,mule
W44435,mule
W24739,mule
W81900,mule
W97900,mule
W88228,mule
W39205,mule
W27136,mule
W44973,mule
W10132,mule
W25825,mule
W86648,mule
W99372,mule
W96922,mule
W48248,mule
W79682,mule
W42852,mule
W87881,mule
W40731,mule
W96089,mule
W25442,mule
W93092,mule
W38176,mule
W71204,mule
W42632,mule
W86271,mule
W22896,mule
W88984,mule
W12047,mule
W16940,mule
W80503,mule
W95459,mule
W30141,mule
W28541,mule
W56304,mule
W88632,mule
W82429,mule
W44158,mule
W83162,mule
